customerID,gender,SeniorCitizen,Partner,Dependents,tenure,PhoneService,MultipleLines,InternetService,OnlineSecurity,OnlineBackup,DeviceProtection,TechSupport,StreamingTV,StreamingMovies,Contract,PaperlessBilling,PaymentMethod,MonthlyCharges,TotalCharges,Churn
CUST07000,Male,0,No,No,27,Yes,No,Fiber optic,No,No,No,Yes,No,No,Month-to-month,Yes,Mailed check,71.53,1857.83,Yes
CUST07001,Female,1,No,No,21,Yes,No,DSL,No,No,No,Yes,Yes,Yes,Month-to-month,Yes,Bank transfer (automatic),66.48,1326.49,Yes
CUST07002,Male,0,No,No,16,No,No phone service,Fiber optic,Yes,No,No,Yes,No,No,One year,Yes,Credit card (automatic),76.68,1183.35,No
CUST07003,Male,0,Yes,No,10,Yes,No,No,No internet service,No internet service,No internet service,No internet service,No internet service,No internet service,Two year,Yes,Bank transfer (automatic),18.0,176.67,No
CUST07004,Male,0,Yes,No,22,Yes,No,Fiber optic,Yes,Yes,No,Yes,No,No,Month-to-month,Yes,Bank transfer (automatic),89.02,1933.08,No
CUST07005,Female,1,Yes,No,10,Yes,Yes,Fiber optic,No,Yes,No,No,No,No,One year,Yes,Bank transfer (automatic),71.11,704.51,No
CUST07006,Male,0,Yes,Yes,15,Yes,Yes,DSL,No,No,No,No,No,No,Month-to-month,Yes,Electronic check,45.22,662.1,No
CUST07007,Male,0,Yes,No,17,Yes,No,Fiber optic,No,No,No,No,No,No,Two year,Yes,Bank transfer (automatic),69.27,1173.02,No
CUST07008,Male,0,Yes,No,6,Yes,Yes,Fiber optic,No,No,Yes,No,Yes,Yes,One year,Yes,Electronic check,83.98,498.57,No
CUST07009,Female,0,Yes,Yes,8,Yes,Yes,Fiber optic,No,No,No,Yes,Yes,No,Month-to-month,Yes,Bank transfer (automatic),75.05,593.99,No
CUST07010,Male,0,Yes,Yes,0,Yes,Yes,Fiber optic,No,No,No,Yes,No,Yes,One year,Yes,Credit card (automatic),85.16,80.98,No
CUST07011,Male,0,Yes,No,38,Yes,Yes,Fiber optic,Yes,No,No,Yes,Yes,No,Two year,Yes,Mailed check,81.5,2949.72,No
CUST07012,Male,0,No,No,28,No,No phone service,DSL,No,Yes,No,No,Yes,Yes,Month-to-month,Yes,Electronic check,62.28,1723.38,No
CUST07013,Male,0,No,Yes,4,Yes,No,DSL,No,No,Yes,No,No,No,Two year,Yes,Bank transfer (automatic),51.9,200.37,No
CUST07014,Female,0,Yes,No,8,Yes,No,Fiber optic,No,No,Yes,No,No,No,Month-to-month,Yes,Mailed check,78.24,603.47,No
CUST07015,Male,0,Yes,No,10,Yes,No,Fiber optic,No,No,Yes,No,Yes,No,One year,Yes,Mailed check,77.5,747.71,No
CUST07016,Female,0,Yes,Yes,8,No,No phone service,Fiber optic,Yes,No,No,No,Yes,Yes,One year,Yes,Mailed check,82.64,652.92,No
CUST07017,Female,0,No,Yes,32,Yes,No,Fiber optic,No,No,No,No,No,Yes,Month-to-month,No,Bank transfer (automatic),77.87,2451.69,No
CUST07018,Female,1,Yes,No,25,No,No phone service,DSL,Yes,Yes,No,Yes,No,No,Two year,Yes,Electronic check,56.73,1350.85,No
CUST07019,Male,0,No,No,29,Yes,No,No,No internet service,No internet service,No internet service,No internet service,No internet service,No internet service,One year,Yes,Mailed check,18.0,516.55,No
CUST07020,Female,1,Yes,No,46,Yes,No,Fiber optic,No,Yes,No,No,No,No,Two year,No,Electronic check,72.78,3253.76,No
CUST07021,Male,0,Yes,No,18,No,No phone service,Fiber optic,Yes,No,Yes,Yes,No,No,Month-to-month,Yes,Electronic check,84.44,1500.19,No
CUST07022,Female,0,Yes,Yes,19,Yes,No,Fiber optic,No,No,No,No,Yes,Yes,Month-to-month,No,Mailed check,78.24,1482.59,No
CUST07023,Female,1,Yes,No,25,Yes,Yes,No,No internet service,No internet service,No internet service,No internet service,No internet service,No internet service,Two year,No,Electronic check,19.33,474.47,No
CUST07024,Female,0,No,No,22,Yes,No,No,No internet service,No internet service,No internet service,No internet service,No internet service,No internet service,Two year,No,Electronic check,18.0,389.71,No
CUST07025,Female,0,No,No,40,Yes,Yes,Fiber optic,No,No,No,No,Yes,Yes,Month-to-month,No,Bank transfer (automatic),80.16,3100.52,No
CUST07026,Female,0,No,No,29,Yes,No,Fiber optic,No,Yes,No,No,Yes,No,Two year,Yes,Mailed check,84.38,2400.78,No
CUST07027,Female,0,No,Yes,2,Yes,Yes,No,No internet service,No internet service,No internet service,No internet service,No internet service,No internet service,One year,Yes,Electronic check,18.0,35.49,No
CUST07028,Female,0,No,No,52,Yes,Yes,Fiber optic,Yes,No,No,No,Yes,Yes,Two year,Yes,Electronic check,87.53,4383.34,No
CUST07029,Female,0,No,Yes,22,Yes,Yes,No,No internet service,No internet service,No internet service,No internet service,No internet service,No internet service,Month-to-month,Yes,Bank transfer (automatic),29.96,637.08,No
CUST07030,Male,0,Yes,Yes,2,Yes,No,Fiber optic,Yes,No,Yes,Yes,No,Yes,Month-to-month,Yes,Electronic check,83.93,160.22,Yes
CUST07031,Male,0,Yes,No,29,Yes,Yes,DSL,No,No,No,No,No,No,Month-to-month,Yes,Bank transfer (automatic),44.37,1271.69,No
CUST07032,Female,0,Yes,Yes,8,Yes,Yes,No,No internet service,No internet service,No internet service,No internet service,No internet service,No internet service,Two year,No,Electronic check,20.88,163.93,No
CUST07033,Female,0,No,No,32,No,No phone service,Fiber optic,No,No,Yes,No,No,Yes,Month-to-month,Yes,Credit card (automatic),78.9,2447.03,No
CUST07034,Female,0,Yes,Yes,62,Yes,No,Fiber optic,No,No,No,No,No,Yes,Two year,Yes,Mailed check,69.01,4178.75,No
CUST07035,Male,0,No,Yes,5,Yes,No,No,No internet service,No internet service,No internet service,No internet service,No internet service,No internet service,Two year,Yes,Electronic check,20.35,100.11,No
CUST07036,Female,1,Yes,No,38,Yes,Yes,No,No internet service,No internet service,No internet service,No internet service,No internet service,No internet service,Month-to-month,No,Electronic check,18.0,656.07,No
CUST07037,Male,0,No,Yes,29,Yes,Yes,DSL,No,No,Yes,No,No,No,Month-to-month,Yes,Electronic check,52.8,1506.48,No
CUST07038,Male,1,Yes,Yes,22,Yes,Yes,Fiber optic,No,No,Yes,Yes,No,Yes,One year,Yes,Bank transfer (automatic),95.26,2056.79,No
CUST07039,Male,0,Yes,No,9,Yes,Yes,Fiber optic,Yes,No,Yes,Yes,Yes,No,One year,Yes,Electronic check,90.75,802.36,No
CUST07040,Male,0,No,Yes,2,Yes,No,Fiber optic,No,Yes,Yes,No,No,No,Month-to-month,No,Credit card (automatic),87.99,170.04,Yes
CUST07041,Male,0,Yes,Yes,13,No,No phone service,DSL,No,Yes,No,No,No,No,Two year,No,Electronic check,44.89,558.79,No
CUST07042,Female,0,No,No,2,Yes,No,DSL,No,Yes,No,No,Yes,Yes,One year,Yes,Electronic check,61.19,118.65,No
CUST07043,Female,0,Yes,Yes,13,No,No phone service,DSL,No,No,Yes,Yes,No,No,Two year,No,Electronic check,57.24,710.41,No
CUST07044,Female,0,Yes,No,34,Yes,Yes,DSL,No,No,No,No,No,No,One year,Yes,Electronic check,39.37,1282.59,No
CUST07045,Female,0,No,Yes,72,Yes,Yes,DSL,No,No,No,Yes,No,No,Month-to-month,Yes,Electronic check,43.25,3044.54,No
CUST07046,Female,1,No,Yes,4,Yes,Yes,Fiber optic,No,Yes,Yes,No,Yes,Yes,One year,Yes,Credit card (automatic),88.75,353.68,No
CUST07047,Male,0,Yes,No,4,Yes,No,Fiber optic,Yes,No,No,No,No,No,Two year,Yes,Credit card (automatic),64.59,248.32,No
CUST07048,Female,0,No,No,33,Yes,No,DSL,No,No,No,No,Yes,Yes,Month-to-month,No,Bank transfer (automatic),59.71,1924.78,No
CUST07049,Female,0,No,Yes,12,Yes,Yes,Fiber optic,No,Yes,Yes,No,No,No,Two year,Yes,Bank transfer (automatic),77.18,887.17,No
CUST07050,Male,0,No,No,49,No,No phone service,Fiber optic,No,Yes,No,No,Yes,No,Month-to-month,Yes,Credit card (automatic),81.92,3921.13,No
CUST07051,Female,0,Yes,Yes,29,Yes,No,Fiber optic,Yes,No,Yes,No,No,No,Two year,Yes,Electronic check,82.85,2373.16,No
CUST07052,Male,0,Yes,Yes,26,Yes,Yes,DSL,Yes,No,No,No,No,Yes,Two year,Yes,Mailed check,54.87,1413.27,Yes
CUST07053,Female,1,No,No,2,Yes,No,DSL,No,Yes,No,No,No,No,Two year,Yes,Electronic check,43.22,85.14,No
CUST07054,Male,0,No,Yes,0,Yes,No,Fiber optic,Yes,No,Yes,No,No,No,Month-to-month,No,Mailed check,73.05,70.14,Yes
CUST07055,Female,0,No,No,7,Yes,Yes,Fiber optic,No,No,No,No,Yes,Yes,One year,No,Electronic check,80.17,545.75,No
CUST07056,Female,0,Yes,Yes,4,Yes,Yes,DSL,Yes,Yes,Yes,Yes,No,No,Two year,Yes,Credit card (automatic),57.92,229.56,No
CUST07057,Male,0,Yes,No,24,Yes,No,DSL,Yes,No,Yes,No,No,No,Month-to-month,No,Credit card (automatic),50.4,1193.6,No
CUST07058,Male,0,No,No,11,Yes,Yes,No,No internet service,No internet service,No internet service,No internet service,No internet service,No internet service,One year,Yes,Mailed check,18.0,196.05,No
CUST07059,Male,0,Yes,No,14,Yes,No,Fiber optic,Yes,No,No,No,No,No,Two year,Yes,Bank transfer (automatic),67.53,902.64,No
CUST07060,Male,0,Yes,Yes,33,Yes,Yes,No,No internet service,No internet service,No internet service,No internet service,No internet service,No internet service,Month-to-month,No,Mailed check,22.46,731.09,No
CUST07061,Male,0,Yes,No,13,Yes,No,No,No internet service,No internet service,No internet service,No internet service,No internet service,No internet service,Month-to-month,Yes,Electronic check,18.96,239.62,Yes
CUST07062,Male,0,No,No,15,Yes,No,Fiber optic,Yes,No,Yes,No,Yes,No,Month-to-month,Yes,Electronic check,90.76,1317.62,No
CUST07063,Male,0,Yes,No,36,Yes,Yes,Fiber optic,Yes,No,Yes,No,No,No,Month-to-month,Yes,Mailed check,89.23,3077.64,No
CUST07064,Male,0,No,No,11,Yes,No,DSL,No,No,No,No,Yes,No,Two year,No,Electronic check,43.76,463.02,No
CUST07065,Female,0,No,No,1,Yes,Yes,DSL,No,No,Yes,No,Yes,No,Two year,Yes,Bank transfer (automatic),43.67,42.8,No
CUST07066,Female,0,No,No,14,Yes,No,No,No internet service,No internet service,No internet service,No internet service,No internet service,No internet service,Month-to-month,Yes,Mailed check,18.26,251.83,Yes
CUST07067,Male,1,Yes,No,17,Yes,No,Fiber optic,Yes,No,No,No,No,Yes,Two year,Yes,Electronic check,79.82,1326.05,No
CUST07068,Female,1,Yes,No,14,No,No phone service,DSL,Yes,Yes,No,Yes,No,No,Month-to-month,No,Bank transfer (automatic),52.22,729.81,No
CUST07069,Female,0,No,No,5,No,No phone service,No,No internet service,No internet service,No internet service,No internet service,No internet service,No internet service,Month-to-month,No,Bank transfer (automatic),21.4,102.65,Yes
CUST07070,Female,0,No,Yes,5,Yes,Yes,DSL,No,No,Yes,Yes,No,No,Month-to-month,Yes,Electronic check,52.99,259.31,No
CUST07071,Female,0,No,No,9,Yes,No,Fiber optic,No,Yes,No,No,No,Yes,Two year,Yes,Electronic check,87.62,778.44,No
CUST07072,Male,0,No,No,3,Yes,No,DSL,Yes,No,Yes,No,Yes,Yes,Two year,Yes,Mailed check,61.06,176.22,No
CUST07073,Female,1,No,No,21,Yes,No,Fiber optic,Yes,No,Yes,No,No,No,One year,No,Bank transfer (automatic),71.62,1432.08,No
CUST07074,Male,0,No,Yes,19,Yes,No,Fiber optic,No,No,No,Yes,No,Yes,Month-to-month,No,Bank transfer (automatic),70.13,1281.74,No
CUST07075,Female,1,Yes,No,20,Yes,No,Fiber optic,No,No,No,No,No,Yes,Month-to-month,No,Credit card (automatic),69.21,1315.47,No
CUST07076,Female,1,Yes,No,5,Yes,No,No,No internet service,No internet service,No internet service,No internet service,No internet service,No internet service,Two year,No,Mailed check,24.44,118.89,No
CUST07077,Female,0,No,No,5,Yes,No,Fiber optic,Yes,No,No,No,Yes,Yes,Month-to-month,No,Mailed check,86.72,412.87,No
CUST07078,Male,0,Yes,No,30,Yes,No,DSL,Yes,Yes,Yes,No,No,Yes,Month-to-month,Yes,Bank transfer (automatic),64.69,1916.59,No
CUST07079,Female,0,No,No,23,Yes,No,No,No internet service,No internet service,No internet service,No internet service,No internet service,No internet service,One year,Yes,Credit card (automatic),18.0,411.94,No
CUST07080,Male,1,Yes,No,41,Yes,Yes,Fiber optic,No,No,No,No,No,No,Month-to-month,No,Credit card (automatic),71.4,2827.99,No
CUST07081,Female,0,No,Yes,10,Yes,No,Fiber optic,No,No,No,No,Yes,No,Month-to-month,No,Mailed check,70.91,694.48,No
CUST07082,Male,1,Yes,Yes,15,Yes,No,DSL,No,Yes,No,No,Yes,Yes,Month-to-month,No,Bank transfer (automatic),66.33,986.29,No
CUST07083,Female,0,Yes,Yes,26,Yes,Yes,DSL,No,No,No,No,No,No,One year,Yes,Electronic check,37.79,946.31,No
CUST07084,Male,0,No,Yes,72,Yes,No,Fiber optic,Yes,No,No,Yes,Yes,No,Two year,Yes,Bank transfer (automatic),87.74,6224.75,No
CUST07085,Male,1,Yes,No,72,No,No phone service,Fiber optic,No,Yes,No,Yes,Yes,No,Month-to-month,No,Mailed check,83.0,5944.59,Yes
CUST07086,Female,0,Yes,No,72,Yes,No,DSL,No,Yes,No,No,No,No,Month-to-month,Yes,Electronic check,57.73,4091.43,No
CUST07087,Male,0,Yes,No,44,Yes,No,DSL,Yes,No,Yes,Yes,Yes,No,Month-to-month,Yes,Electronic check,60.64,2625.5,No
CUST07088,Female,0,No,No,20,No,No phone service,DSL,No,No,Yes,No,Yes,No,Month-to-month,No,Electronic check,53.37,1019.74,No
CUST07089,Female,0,No,No,0,Yes,No,DSL,No,Yes,Yes,No,No,Yes,One year,Yes,Mailed check,53.55,51.3,Yes
CUST07090,Female,0,No,No,24,Yes,Yes,DSL,No,Yes,Yes,No,No,No,Month-to-month,Yes,Credit card (automatic),54.49,1280.7,No
CUST07091,Female,0,Yes,No,5,Yes,No,Fiber optic,No,No,No,Yes,Yes,No,Month-to-month,No,Electronic check,84.78,406.74,No
CUST07092,Female,1,No,Yes,1,Yes,Yes,No,No internet service,No internet service,No internet service,No internet service,No internet service,No internet service,Two year,Yes,Electronic check,19.02,18.51,No
CUST07093,Female,1,Yes,No,23,Yes,No,Fiber optic,Yes,Yes,No,No,Yes,Yes,Month-to-month,Yes,Bank transfer (automatic),92.96,2124.2,Yes
CUST07094,Female,0,No,Yes,28,Yes,No,Fiber optic,No,No,No,Yes,No,Yes,Two year,Yes,Bank transfer (automatic),73.6,2055.74,No
CUST07095,Female,0,No,No,21,Yes,Yes,DSL,Yes,No,No,Yes,No,No,Month-to-month,No,Electronic check,65.45,1334.1,No
CUST07096,Female,0,No,No,9,Yes,No,DSL,No,No,No,No,Yes,No,Month-to-month,Yes,Electronic check,49.7,428.31,No
CUST07097,Female,0,No,No,14,Yes,No,Fiber optic,Yes,Yes,No,No,Yes,No,Month-to-month,No,Electronic check,79.55,1108.86,Yes
CUST07098,Female,1,No,Yes,54,Yes,No,Fiber optic,No,Yes,No,No,No,Yes,Month-to-month,Yes,Mailed check,74.23,3901.7,No
CUST07099,Male,0,No,No,26,Yes,No,No,No internet service,No internet service,No internet service,No internet service,No internet service,No internet service,Two year,Yes,Electronic check,18.0,451.38,No
CUST07100,Male,0,Yes,No,14,Yes,No,DSL,No,No,Yes,Yes,Yes,No,One year,No,Bank transfer (automatic),51.68,723.29,No
CUST07101,Female,0,No,Yes,18,Yes,No,Fiber optic,No,Yes,No,Yes,No,Yes,Month-to-month,Yes,Bank transfer (automatic),82.07,1469.84,No
CUST07102,Female,0,Yes,Yes,52,Yes,No,Fiber optic,Yes,Yes,No,Yes,No,No,One year,Yes,Bank transfer (automatic),88.14,4453.12,No
CUST07103,Female,0,Yes,No,10,Yes,No,No,No internet service,No internet service,No internet service,No internet service,No internet service,No internet service,Two year,Yes,Mailed check,18.0,171.45,No
CUST07104,Female,0,Yes,Yes,2,Yes,Yes,Fiber optic,No,No,No,No,No,Yes,Month-to-month,Yes,Mailed check,78.69,154.11,Yes
CUST07105,Female,0,Yes,No,7,Yes,Yes,No,No internet service,No internet service,No internet service,No internet service,No internet service,No internet service,Month-to-month,No,Bank transfer (automatic),25.57,176.45,No
CUST07106,Female,0,Yes,No,10,Yes,Yes,Fiber optic,No,Yes,Yes,No,No,No,Month-to-month,No,Mailed check,73.64,699.77,Yes
CUST07107,Female,0,No,No,6,Yes,Yes,Fiber optic,No,No,No,No,No,No,Two year,Yes,Electronic check,66.8,387.4,No
CUST07108,Female,0,Yes,Yes,15,Yes,No,No,No internet service,No internet service,No internet service,No internet service,No internet service,No internet service,Month-to-month,No,Mailed check,18.0,257.77,No
CUST07109,Male,0,Yes,No,7,Yes,Yes,Fiber optic,No,No,No,No,No,Yes,Month-to-month,Yes,Credit card (automatic),79.16,550.77,No
CUST07110,Female,0,No,No,2,Yes,No,No,No internet service,No internet service,No internet service,No internet service,No internet service,No internet service,Month-to-month,No,Mailed check,19.4,36.94,No
CUST07111,Male,0,Yes,Yes,4,Yes,Yes,DSL,No,Yes,No,No,No,No,One year,No,Mailed check,58.29,232.58,Yes
CUST07112,Female,0,No,Yes,50,Yes,No,DSL,No,Yes,Yes,No,Yes,No,Two year,No,Credit card (automatic),62.95,2995.65,No
CUST07113,Female,0,No,Yes,19,No,No phone service,Fiber optic,No,No,No,Yes,Yes,No,Month-to-month,Yes,Bank transfer (automatic),79.63,1439.89,No
CUST07114,Male,0,No,No,7,Yes,No,Fiber optic,No,No,Yes,No,No,No,Month-to-month,Yes,Mailed check,80.35,546.53,Yes
CUST07115,Female,1,No,No,9,Yes,No,Fiber optic,No,No,No,No,No,No,Two year,Yes,Bank transfer (automatic),78.19,680.95,No
CUST07116,Male,1,Yes,Yes,13,Yes,No,DSL,Yes,No,No,No,No,No,Month-to-month,Yes,Electronic check,48.76,603.74,No
CUST07117,Female,0,Yes,No,22,Yes,No,Fiber optic,No,No,No,No,No,Yes,Month-to-month,Yes,Credit card (automatic),72.79,1584.69,No
CUST07118,Female,1,Yes,No,17,Yes,No,DSL,No,Yes,Yes,Yes,No,No,One year,Yes,Bank transfer (automatic),58.98,955.82,No
CUST07119,Male,0,No,No,53,Yes,Yes,No,No internet service,No internet service,No internet service,No internet service,No internet service,No internet service,Two year,Yes,Electronic check,18.0,909.19,No
CUST07120,Female,0,Yes,No,19,Yes,Yes,DSL,No,No,Yes,No,Yes,No,Month-to-month,Yes,Electronic check,56.34,1042.94,No
CUST07121,Male,0,Yes,Yes,48,Yes,No,DSL,No,No,No,No,No,Yes,Month-to-month,Yes,Electronic check,50.1,2326.54,No
CUST07122,Female,0,Yes,Yes,0,No,No phone service,DSL,Yes,Yes,No,No,Yes,Yes,Two year,Yes,Credit card (automatic),60.41,57.82,No
CUST07123,Male,0,No,No,44,Yes,No,No,No internet service,No internet service,No internet service,No internet service,No internet service,No internet service,One year,No,Electronic check,27.19,1143.88,No
CUST07124,Male,0,Yes,Yes,25,Yes,Yes,Fiber optic,No,No,No,Yes,No,No,Two year,No,Bank transfer (automatic),74.55,1860.94,No
CUST07125,Female,0,No,No,3,Yes,Yes,Fiber optic,No,No,No,No,No,Yes,Two year,No,Credit card (automatic),82.28,242.44,No
CUST07126,Female,0,Yes,No,6,Yes,Yes,Fiber optic,No,No,No,No,No,Yes,Month-to-month,No,Credit card (automatic),75.58,435.55,No
CUST07127,Male,0,Yes,No,15,Yes,No,No,No internet service,No internet service,No internet service,No internet service,No internet service,No internet service,Two year,No,Electronic check,18.04,261.42,No
CUST07128,Female,1,Yes,No,2,Yes,No,DSL,No,Yes,Yes,No,No,No,Month-to-month,No,Electronic check,53.55,105.29,Yes
CUST07129,Female,0,No,No,30,Yes,No,DSL,No,No,No,Yes,Yes,No,Two year,No,Credit card (automatic),51.72,1480.8,No
CUST07130,Female,0,No,No,31,Yes,No,Fiber optic,No,No,No,No,Yes,No,Two year,Yes,Electronic check,79.36,2381.12,No
CUST07131,Male,0,Yes,No,7,Yes,No,Fiber optic,No,No,No,No,No,Yes,One year,No,Electronic check,81.65,543.77,No
CUST07132,Male,0,Yes,No,1,Yes,Yes,DSL,No,No,No,Yes,No,Yes,One year,Yes,Credit card (automatic),48.13,47.18,No
CUST07133,Male,0,No,No,72,No,No phone service,Fiber optic,No,No,No,No,Yes,Yes,Month-to-month,No,Credit card (automatic),80.36,5743.82,No
CUST07134,Male,0,Yes,No,5,Yes,No,Fiber optic,No,No,No,No,No,No,Month-to-month,Yes,Mailed check,71.52,355.85,No
CUST07135,Male,0,Yes,Yes,1,Yes,No,Fiber optic,No,No,No,No,No,No,Month-to-month,No,Bank transfer (automatic),67.4,66.2,Yes
CUST07136,Male,0,Yes,Yes,8,Yes,No,No,No internet service,No internet service,No internet service,No internet service,No internet service,No internet service,Two year,Yes,Mailed check,18.0,142.62,No
CUST07137,Male,0,Yes,No,69,No,No phone service,Fiber optic,No,No,Yes,No,No,No,Month-to-month,Yes,Credit card (automatic),79.11,5393.43,No
CUST07138,Male,0,Yes,No,31,Yes,No,Fiber optic,Yes,No,No,No,No,Yes,Month-to-month,Yes,Credit card (automatic),74.75,2203.77,No
CUST07139,Male,0,Yes,No,13,Yes,No,DSL,No,Yes,No,No,No,Yes,Two year,Yes,Mailed check,45.43,566.11,No
CUST07140,Female,0,Yes,No,7,Yes,No,No,No internet service,No internet service,No internet service,No internet service,No internet service,No internet service,Month-to-month,Yes,Mailed check,23.46,156.55,No
CUST07141,Male,0,No,Yes,11,Yes,No,DSL,No,No,No,Yes,No,Yes,Two year,Yes,Bank transfer (automatic),52.18,553.32,No
CUST07142,Female,0,Yes,No,0,Yes,No,No,No internet service,No internet service,No internet service,No internet service,No internet service,No internet service,Month-to-month,No,Bank transfer (automatic),26.27,25.07,Yes
CUST07143,Female,1,No,No,25,Yes,No,Fiber optic,No,No,No,Yes,No,No,Month-to-month,No,Electronic check,73.84,1800.69,No
CUST07144,Female,1,Yes,No,2,Yes,No,DSL,No,No,Yes,No,Yes,Yes,Month-to-month,Yes,Electronic check,62.79,120.5,Yes
CUST07145,Male,1,No,No,14,Yes,No,DSL,No,No,No,No,Yes,No,Two year,Yes,Mailed check,53.23,714.31,No
CUST07146,Male,0,Yes,No,16,Yes,No,No,No internet service,No internet service,No internet service,No internet service,No internet service,No internet service,Month-to-month,Yes,Mailed check,19.24,307.6,No
CUST07147,Male,0,No,No,0,Yes,No,No,No internet service,No internet service,No internet service,No internet service,No internet service,No internet service,Month-to-month,No,Electronic check,18.0,17.92,Yes
CUST07148,Male,0,Yes,No,72,Yes,Yes,No,No internet service,No internet service,No internet service,No internet service,No internet service,No internet service,One year,Yes,Electronic check,18.0,1244.12,No
CUST07149,Female,0,No,No,7,Yes,Yes,Fiber optic,No,Yes,Yes,No,Yes,No,Two year,Yes,Mailed check,88.08,592.11,No
CUST07150,Male,0,Yes,No,1,Yes,No,DSL,No,Yes,No,Yes,Yes,No,Month-to-month,No,Credit card (automatic),71.34,70.39,Yes
CUST07151,Male,0,Yes,Yes,38,Yes,Yes,Fiber optic,No,No,No,No,Yes,No,One year,No,Mailed check,77.86,2907.81,No
CUST07152,Male,1,No,No,3,Yes,Yes,DSL,No,No,Yes,Yes,No,No,One year,Yes,Electronic check,57.54,166.6,No
CUST07153,Male,0,No,No,0,Yes,No,Fiber optic,No,Yes,Yes,No,No,Yes,One year,Yes,Credit card (automatic),80.43,79.89,No
CUST07154,Male,1,Yes,No,13,Yes,Yes,Fiber optic,No,No,Yes,Yes,No,No,Month-to-month,Yes,Electronic check,83.99,1043.92,No
CUST07155,Female,0,No,No,2,Yes,Yes,Fiber optic,No,No,No,Yes,Yes,No,Month-to-month,Yes,Bank transfer (automatic),86.34,170.74,Yes
CUST07156,Male,0,Yes,No,72,Yes,Yes,DSL,No,No,Yes,No,Yes,No,Month-to-month,Yes,Mailed check,53.86,3859.86,No
CUST07157,Female,0,Yes,No,0,Yes,Yes,No,No internet service,No internet service,No internet service,No internet service,No internet service,No internet service,One year,No,Credit card (automatic),18.0,17.24,No
CUST07158,Male,0,No,No,1,Yes,Yes,No,No internet service,No internet service,No internet service,No internet service,No internet service,No internet service,Month-to-month,No,Bank transfer (automatic),18.49,18.08,Yes
CUST07159,Female,0,Yes,No,35,Yes,No,Fiber optic,Yes,No,No,No,Yes,Yes,One year,No,Credit card (automatic),81.45,2716.35,Yes
CUST07160,Male,0,No,Yes,5,No,No phone service,No,No internet service,No internet service,No internet service,No internet service,No internet service,No internet service,Month-to-month,Yes,Bank transfer (automatic),28.87,142.98,Yes
CUST07161,Male,0,Yes,No,48,No,No phone service,Fiber optic,Yes,Yes,No,No,No,Yes,Month-to-month,No,Mailed check,95.22,4508.37,Yes
CUST07162,Female,0,No,Yes,7,Yes,No,DSL,No,Yes,No,No,Yes,No,One year,Yes,Mailed check,58.32,397.4,No
CUST07163,Female,1,No,Yes,1,Yes,Yes,No,No internet service,No internet service,No internet service,No internet service,No internet service,No internet service,Two year,No,Bank transfer (automatic),22.69,21.89,No
CUST07164,Female,0,No,No,0,Yes,No,DSL,No,No,Yes,No,No,Yes,One year,No,Bank transfer (automatic),51.16,49.06,Yes
CUST07165,Male,1,No,No,6,Yes,No,DSL,Yes,No,Yes,Yes,Yes,No,Month-to-month,No,Mailed check,66.27,392.12,Yes
CUST07166,Female,0,Yes,Yes,12,No,No phone service,DSL,Yes,No,Yes,No,No,No,Month-to-month,Yes,Bank transfer (automatic),51.61,609.82,No
CUST07167,Male,0,No,No,0,Yes,No,Fiber optic,No,No,Yes,No,No,No,One year,Yes,Mailed check,75.64,73.83,No
CUST07168,Male,0,Yes,No,17,Yes,Yes,Fiber optic,No,No,No,No,Yes,No,Month-to-month,No,Electronic check,84.55,1375.68,No
CUST07169,Female,0,No,Yes,8,Yes,No,DSL,Yes,Yes,No,Yes,No,No,One year,Yes,Mailed check,57.57,438.72,No
CUST07170,Female,0,No,No,9,No,No phone service,No,No internet service,No internet service,No internet service,No internet service,No internet service,No internet service,Month-to-month,No,Electronic check,20.09,172.07,No
CUST07171,Male,0,No,No,6,Yes,Yes,No,No internet service,No internet service,No internet service,No internet service,No internet service,No internet service,Two year,No,Bank transfer (automatic),18.0,107.37,No
CUST07172,Male,0,No,No,15,Yes,No,DSL,No,Yes,No,No,Yes,Yes,Two year,Yes,Credit card (automatic),58.57,840.04,No
CUST07173,Female,0,Yes,No,5,Yes,Yes,Fiber optic,No,Yes,No,No,No,No,Month-to-month,Yes,Electronic check,75.61,368.34,No
CUST07174,Female,0,No,No,2,Yes,No,No,No internet service,No internet service,No internet service,No internet service,No internet service,No internet service,One year,Yes,Bank transfer (automatic),18.25,36.18,No
CUST07175,Female,0,Yes,No,44,No,No phone service,Fiber optic,No,No,No,No,No,No,Month-to-month,Yes,Electronic check,74.45,3187.52,No
CUST07176,Male,0,No,No,9,Yes,No,DSL,No,Yes,No,No,Yes,Yes,Month-to-month,Yes,Electronic check,56.29,481.56,No
CUST07177,Male,0,Yes,No,1,Yes,No,DSL,No,No,Yes,No,Yes,Yes,Month-to-month,Yes,Electronic check,58.18,57.62,Yes
CUST07178,Male,0,No,No,5,Yes,Yes,No,No internet service,No internet service,No internet service,No internet service,No internet service,No internet service,One year,Yes,Electronic check,20.21,96.48,No
CUST07179,Male,0,Yes,No,7,Yes,Yes,Fiber optic,No,Yes,No,Yes,No,Yes,Month-to-month,Yes,Credit card (automatic),86.29,589.2,Yes
CUST07180,Male,0,No,Yes,29,No,No phone service,Fiber optic,No,No,Yes,No,Yes,No,Two year,Yes,Mailed check,89.05,2559.1,No
CUST07181,Male,0,Yes,Yes,0,Yes,Yes,Fiber optic,No,Yes,No,No,Yes,Yes,Month-to-month,No,Electronic check,91.85,89.88,Yes
CUST07182,Female,0,No,No,13,Yes,Yes,DSL,Yes,No,No,No,Yes,No,Month-to-month,No,Bank transfer (automatic),45.87,572.43,No
CUST07183,Male,0,Yes,No,10,Yes,No,DSL,No,No,Yes,Yes,Yes,No,Month-to-month,Yes,Credit card (automatic),53.56,512.17,No
CUST07184,Male,0,No,Yes,69,Yes,Yes,DSL,No,Yes,Yes,No,Yes,Yes,One year,No,Mailed check,58.82,4055.77,No
CUST07185,Male,0,Yes,No,3,Yes,Yes,DSL,No,No,No,No,Yes,No,Month-to-month,No,Credit card (automatic),50.9,146.96,No
CUST07186,Female,1,No,Yes,19,Yes,No,DSL,No,No,Yes,No,Yes,No,Month-to-month,No,Credit card (automatic),54.68,987.7,No
CUST07187,Male,0,Yes,Yes,4,Yes,Yes,DSL,No,No,Yes,No,No,No,Month-to-month,No,Bank transfer (automatic),63.14,244.63,Yes
CUST07188,Male,0,No,Yes,15,Yes,No,Fiber optic,No,Yes,No,No,No,Yes,Month-to-month,No,Electronic check,82.03,1214.09,No
CUST07189,Female,0,Yes,No,16,Yes,No,DSL,No,Yes,No,No,Yes,No,Month-to-month,Yes,Mailed check,52.44,814.51,No
CUST07190,Male,0,No,No,1,No,No phone service,Fiber optic,Yes,No,No,No,No,Yes,Month-to-month,Yes,Electronic check,79.65,76.3,Yes
CUST07191,Male,0,Yes,Yes,12,Yes,No,DSL,No,Yes,No,No,No,No,Month-to-month,No,Credit card (automatic),49.42,569.14,Yes
CUST07192,Male,0,Yes,No,12,Yes,No,Fiber optic,No,No,No,No,Yes,Yes,Month-to-month,Yes,Bank transfer (automatic),79.2,936.99,Yes
CUST07193,Male,0,No,Yes,7,Yes,No,Fiber optic,No,No,No,No,Yes,No,Month-to-month,No,Electronic check,68.69,479.24,Yes
CUST07194,Male,0,Yes,No,6,Yes,No,DSL,No,Yes,Yes,No,No,Yes,One year,Yes,Credit card (automatic),55.01,317.98,No
CUST07195,Female,0,Yes,Yes,5,Yes,No,Fiber optic,Yes,No,Yes,No,No,No,Month-to-month,No,Electronic check,84.03,418.65,No
CUST07196,Female,0,No,No,0,Yes,No,Fiber optic,No,Yes,No,No,No,No,Month-to-month,No,Bank transfer (automatic),76.08,72.76,Yes
CUST07197,Female,1,No,No,0,Yes,Yes,Fiber optic,No,Yes,No,No,No,Yes,Two year,Yes,Mailed check,74.24,70.87,No
CUST07198,Male,0,No,No,17,Yes,No,DSL,No,Yes,No,No,Yes,No,One year,Yes,Electronic check,56.88,926.84,No
CUST07199,Male,1,Yes,Yes,6,No,No phone service,Fiber optic,Yes,Yes,Yes,No,No,Yes,Two year,Yes,Bank transfer (automatic),90.69,527.61,No
CUST07200,Male,0,Yes,Yes,3,Yes,Yes,DSL,No,No,Yes,Yes,Yes,Yes,Month-to-month,No,Credit card (automatic),71.22,208.69,No
CUST07201,Female,1,No,No,23,Yes,Yes,Fiber optic,No,No,Yes,No,Yes,Yes,Two year,Yes,Bank transfer (automatic),94.89,2098.41,No
CUST07202,Male,1,Yes,No,15,Yes,Yes,DSL,No,No,No,No,Yes,No,One year,No,Credit card (automatic),41.06,587.63,No
CUST07203,Male,0,No,No,49,Yes,No,Fiber optic,No,No,No,Yes,No,No,Two year,Yes,Credit card (automatic),73.89,3572.79,No
CUST07204,Female,0,Yes,No,35,Yes,Yes,Fiber optic,No,No,Yes,No,No,Yes,Two year,Yes,Mailed check,80.27,2710.14,No
CUST07205,Male,0,No,No,25,Yes,No,No,No internet service,No internet service,No internet service,No internet service,No internet service,No internet service,Month-to-month,No,Bank transfer (automatic),20.59,503.07,No
CUST07206,Female,0,No,No,2,Yes,No,No,No internet service,No internet service,No internet service,No internet service,No internet service,No internet service,Month-to-month,No,Mailed check,32.21,63.66,Yes
CUST07207,Female,0,No,No,21,Yes,Yes,Fiber optic,Yes,Yes,Yes,Yes,No,Yes,One year,No,Electronic check,85.01,1705.36,Yes
CUST07208,Female,0,Yes,Yes,23,Yes,No,No,No internet service,No internet service,No internet service,No internet service,No internet service,No internet service,Month-to-month,No,Electronic check,19.91,446.78,No
CUST07209,Male,0,No,No,28,Yes,No,Fiber optic,No,No,Yes,Yes,Yes,No,Two year,Yes,Credit card (automatic),87.95,2442.23,No
CUST07210,Male,0,Yes,No,6,Yes,Yes,Fiber optic,No,No,Yes,Yes,No,No,Month-to-month,No,Electronic check,80.08,465.09,No
CUST07211,Male,1,No,No,20,Yes,Yes,No,No internet service,No internet service,No internet service,No internet service,No internet service,No internet service,Two year,Yes,Mailed check,20.54,401.17,No
CUST07212,Male,0,No,Yes,19,No,No phone service,Fiber optic,No,Yes,No,No,No,No,Month-to-month,No,Electronic check,76.11,1441.74,Yes
CUST07213,Male,0,Yes,No,9,Yes,No,Fiber optic,Yes,No,No,No,No,No,Month-to-month,Yes,Mailed check,77.06,684.68,Yes
CUST07214,Male,0,Yes,No,21,Yes,No,DSL,Yes,Yes,Yes,Yes,Yes,No,Two year,No,Electronic check,71.28,1451.31,No
CUST07215,Male,1,No,No,1,Yes,No,Fiber optic,Yes,No,Yes,No,Yes,Yes,Month-to-month,Yes,Bank transfer (automatic),85.67,82.01,Yes
CUST07216,Female,0,Yes,Yes,20,Yes,No,DSL,No,Yes,No,No,No,No,Month-to-month,No,Bank transfer (automatic),49.35,951.09,Yes
CUST07217,Male,0,No,No,18,Yes,Yes,DSL,Yes,No,Yes,Yes,Yes,No,Month-to-month,Yes,Bank transfer (automatic),66.77,1175.01,No
CUST07218,Female,0,Yes,Yes,4,Yes,No,No,No internet service,No internet service,No internet service,No internet service,No internet service,No internet service,Two year,No,Mailed check,18.0,69.0,No
CUST07219,Male,0,Yes,No,34,Yes,Yes,DSL,Yes,No,Yes,No,No,No,One year,Yes,Bank transfer (automatic),53.45,1758.81,No
CUST07220,Male,0,No,No,41,Yes,Yes,DSL,No,Yes,No,Yes,No,No,Two year,Yes,Mailed check,45.49,1832.74,No
CUST07221,Male,1,No,No,4,Yes,Yes,No,No internet service,No internet service,No internet service,No internet service,No internet service,No internet service,Month-to-month,Yes,Electronic check,20.54,81.88,No
CUST07222,Female,0,Yes,No,1,Yes,No,DSL,No,Yes,Yes,No,Yes,Yes,Month-to-month,Yes,Mailed check,61.53,59.15,Yes
CUST07223,Female,0,No,No,18,Yes,No,DSL,Yes,No,No,No,No,No,Month-to-month,Yes,Mailed check,53.2,921.89,No
CUST07224,Female,1,No,No,13,No,No phone service,Fiber optic,No,No,Yes,No,Yes,No,Month-to-month,Yes,Electronic check,77.08,986.28,No
CUST07225,Female,0,No,Yes,11,No,No phone service,DSL,No,No,Yes,Yes,No,No,Month-to-month,Yes,Mailed check,62.68,659.16,Yes
CUST07226,Male,0,Yes,No,28,Yes,No,No,No internet service,No internet service,No internet service,No internet service,No internet service,No internet service,One year,Yes,Electronic check,20.57,551.91,No
CUST07227,Female,1,Yes,No,69,Yes,No,DSL,No,No,Yes,No,Yes,No,Month-to-month,No,Bank transfer (automatic),58.37,3861.33,No
CUST07228,Male,0,No,Yes,12,Yes,No,No,No internet service,No internet service,No internet service,No internet service,No internet service,No internet service,Month-to-month,Yes,Credit card (automatic),18.39,216.83,No
CUST07229,Male,0,No,No,0,No,No phone service,DSL,No,Yes,Yes,No,Yes,Yes,Month-to-month,Yes,Bank transfer (automatic),67.56,65.76,Yes
CUST07230,Female,0,Yes,Yes,18,Yes,No,DSL,No,No,Yes,No,No,No,Month-to-month,No,Mailed check,52.93,910.93,No
CUST07231,Female,0,No,Yes,21,Yes,Yes,DSL,Yes,Yes,No,Yes,No,No,Month-to-month,Yes,Credit card (automatic),54.43,1101.48,No
CUST07232,Female,0,Yes,No,35,Yes,No,DSL,No,No,No,No,No,No,Month-to-month,Yes,Bank transfer (automatic),38.65,1316.29,No
CUST07233,Female,0,Yes,No,4,Yes,No,Fiber optic,Yes,Yes,No,Yes,No,No,Month-to-month,Yes,Electronic check,76.56,295.67,No
CUST07234,Female,0,No,No,14,Yes,Yes,Fiber optic,No,No,Yes,No,No,Yes,Two year,Yes,Bank transfer (automatic),84.26,1145.22,No
CUST07235,Female,1,No,No,11,Yes,No,No,No internet service,No internet service,No internet service,No internet service,No internet service,No internet service,Month-to-month,No,Bank transfer (automatic),18.0,197.18,No
CUST07236,Female,0,Yes,No,21,Yes,No,DSL,No,No,No,Yes,Yes,No,Two year,Yes,Bank transfer (automatic),57.03,1195.56,No
CUST07237,Female,1,No,Yes,1,Yes,No,Fiber optic,Yes,No,Yes,No,No,No,Month-to-month,No,Electronic check,80.38,80.35,Yes
CUST07238,Male,0,No,Yes,43,Yes,Yes,DSL,No,No,No,No,No,No,One year,No,Bank transfer (automatic),41.91,1714.38,No
CUST07239,Female,0,No,No,14,Yes,No,Fiber optic,No,No,Yes,No,Yes,Yes,Month-to-month,Yes,Credit card (automatic),79.86,1102.09,No
CUST07240,Female,0,No,No,41,No,No phone service,Fiber optic,Yes,No,No,Yes,Yes,Yes,One year,No,Electronic check,91.73,3748.72,No
CUST07241,Male,0,Yes,No,8,Yes,No,Fiber optic,Yes,Yes,Yes,No,Yes,Yes,Month-to-month,No,Credit card (automatic),93.26,742.5,No
CUST07242,Female,0,Yes,No,21,Yes,Yes,DSL,Yes,No,Yes,No,Yes,No,Month-to-month,Yes,Bank transfer (automatic),54.76,1093.89,No
CUST07243,Male,1,Yes,Yes,62,Yes,No,Fiber optic,Yes,No,No,Yes,Yes,No,Two year,No,Bank transfer (automatic),82.08,5039.91,No
CUST07244,Male,0,No,No,57,Yes,No,Fiber optic,No,No,Yes,No,No,Yes,One year,Yes,Bank transfer (automatic),71.3,3954.14,No
CUST07245,Female,0,No,No,57,No,No phone service,Fiber optic,No,Yes,No,No,Yes,No,Month-to-month,No,Electronic check,86.54,4895.83,No
CUST07246,Male,0,Yes,No,0,Yes,No,DSL,No,Yes,Yes,No,Yes,Yes,Month-to-month,Yes,Electronic check,67.9,66.93,Yes
CUST07247,Male,0,Yes,Yes,10,Yes,Yes,Fiber optic,No,No,No,No,Yes,No,Month-to-month,Yes,Electronic check,78.43,762.34,No
CUST07248,Male,0,Yes,No,1,Yes,Yes,No,No internet service,No internet service,No internet service,No internet service,No internet service,No internet service,One year,Yes,Mailed check,22.04,21.26,No
CUST07249,Male,0,Yes,Yes,7,Yes,No,DSL,No,No,Yes,Yes,No,Yes,One year,No,Mailed check,66.89,444.84,No
CUST07250,Female,0,No,No,3,Yes,No,Fiber optic,No,No,No,No,No,No,Month-to-month,Yes,Electronic check,69.86,204.76,No
CUST07251,Male,0,No,Yes,19,Yes,Yes,Fiber optic,No,Yes,No,No,No,No,Month-to-month,Yes,Mailed check,71.18,1311.79,No
CUST07252,Female,0,Yes,No,30,Yes,No,Fiber optic,No,No,Yes,No,No,No,Month-to-month,No,Electronic check,71.47,2073.27,Yes
CUST07253,Male,0,No,No,14,Yes,No,No,No internet service,No internet service,No internet service,No internet service,No internet service,No internet service,Month-to-month,No,Credit card (automatic),24.09,328.29,No
CUST07254,Male,0,No,No,31,No,No phone service,No,No internet service,No internet service,No internet service,No internet service,No internet service,No internet service,Month-to-month,No,Bank transfer (automatic),18.0,543.39,No
CUST07255,Male,1,No,No,0,Yes,No,DSL,No,No,Yes,Yes,No,Yes,One year,Yes,Electronic check,65.47,64.08,No
CUST07256,Male,0,Yes,Yes,34,Yes,Yes,No,No internet service,No internet service,No internet service,No internet service,No internet service,No internet service,One year,Yes,Mailed check,18.21,608.57,No
CUST07257,Female,0,Yes,No,3,Yes,No,Fiber optic,Yes,No,No,No,Yes,No,Month-to-month,Yes,Electronic check,84.73,243.56,No
CUST07258,Female,0,Yes,No,12,Yes,No,Fiber optic,No,Yes,No,Yes,No,Yes,Two year,Yes,Mailed check,85.5,986.09,No
CUST07259,Male,0,No,No,11,No,No phone service,Fiber optic,No,No,Yes,Yes,No,No,Month-to-month,Yes,Credit card (automatic),77.23,826.46,No
CUST07260,Male,1,No,No,41,Yes,No,No,No internet service,No internet service,No internet service,No internet service,No internet service,No internet service,One year,No,Mailed check,27.3,1078.21,No
CUST07261,Female,0,No,No,67,Yes,No,Fiber optic,No,Yes,Yes,Yes,No,Yes,Two year,Yes,Electronic check,90.04,5970.76,No
CUST07262,Male,0,Yes,No,5,Yes,No,No,No internet service,No internet service,No internet service,No internet service,No internet service,No internet service,Month-to-month,No,Credit card (automatic),18.0,87.67,Yes
CUST07263,Male,0,Yes,No,1,Yes,Yes,Fiber optic,Yes,No,Yes,No,Yes,Yes,Month-to-month,No,Credit card (automatic),85.01,83.04,Yes
CUST07264,Male,0,Yes,No,21,Yes,No,Fiber optic,Yes,No,No,No,Yes,No,Month-to-month,Yes,Electronic check,81.04,1664.47,No
CUST07265,Female,0,No,Yes,13,Yes,Yes,Fiber optic,Yes,No,No,No,No,Yes,Two year,Yes,Electronic check,75.29,965.37,No
CUST07266,Female,0,Yes,Yes,16,Yes,Yes,Fiber optic,No,No,No,Yes,No,No,Month-to-month,No,Electronic check,73.75,1162.67,Yes
CUST07267,Female,0,Yes,Yes,0,Yes,Yes,Fiber optic,No,No,Yes,No,No,Yes,One year,No,Bank transfer (automatic),80.08,78.83,No
CUST07268,Male,0,No,Yes,29,No,No phone service,Fiber optic,Yes,Yes,Yes,Yes,No,Yes,Month-to-month,Yes,Bank transfer (automatic),93.2,2578.68,Yes
CUST07269,Male,0,No,No,5,Yes,Yes,Fiber optic,No,No,No,Yes,No,No,Month-to-month,No,Bank transfer (automatic),84.22,415.87,Yes
CUST07270,Female,1,No,Yes,8,Yes,No,No,No internet service,No internet service,No internet service,No internet service,No internet service,No internet service,Month-to-month,Yes,Electronic check,25.08,198.54,No
CUST07271,Female,0,Yes,Yes,5,No,No phone service,DSL,No,No,Yes,Yes,No,Yes,Month-to-month,Yes,Credit card (automatic),54.91,269.64,Yes
CUST07272,Female,0,No,No,58,No,No phone service,DSL,No,No,Yes,No,No,No,Two year,No,Electronic check,51.94,2990.26,No
CUST07273,Female,0,Yes,No,3,Yes,Yes,Fiber optic,No,No,No,No,Yes,Yes,Two year,Yes,Electronic check,86.23,249.71,No
CUST07274,Male,1,No,No,26,Yes,Yes,Fiber optic,No,No,No,No,No,Yes,Month-to-month,Yes,Mailed check,71.2,1765.9,Yes
CUST07275,Female,0,Yes,No,5,Yes,Yes,DSL,Yes,No,No,Yes,Yes,No,Month-to-month,Yes,Mailed check,53.11,256.33,No
CUST07276,Male,1,Yes,Yes,11,Yes,No,Fiber optic,No,Yes,Yes,Yes,Yes,No,Month-to-month,No,Mailed check,93.81,1017.48,No
CUST07277,Female,0,No,Yes,72,Yes,Yes,No,No internet service,No internet service,No internet service,No internet service,No internet service,No internet service,One year,Yes,Mailed check,18.62,1325.43,No
CUST07278,Male,0,No,No,2,Yes,Yes,Fiber optic,No,No,No,No,No,No,Month-to-month,Yes,Mailed check,67.05,131.55,Yes
CUST07279,Female,0,No,No,42,No,No phone service,No,No internet service,No internet service,No internet service,No internet service,No internet service,No internet service,One year,No,Electronic check,22.93,923.04,No
CUST07280,Female,0,Yes,No,58,Yes,No,No,No internet service,No internet service,No internet service,No internet service,No internet service,No internet service,Month-to-month,Yes,Credit card (automatic),19.34,1106.81,Yes
CUST07281,Female,0,Yes,No,23,Yes,Yes,DSL,Yes,Yes,No,Yes,No,No,One year,Yes,Electronic check,62.19,1359.64,No
CUST07282,Female,0,No,Yes,0,Yes,Yes,No,No internet service,No internet service,No internet service,No internet service,No internet service,No internet service,Two year,No,Credit card (automatic),29.46,28.07,No
CUST07283,Male,0,No,No,34,Yes,No,Fiber optic,No,No,No,No,No,No,Month-to-month,Yes,Credit card (automatic),77.58,2518.14,No
CUST07284,Female,0,No,Yes,42,Yes,No,No,No internet service,No internet service,No internet service,No internet service,No internet service,No internet service,Two year,No,Electronic check,25.99,1050.5,No
CUST07285,Male,0,No,No,72,Yes,No,DSL,Yes,No,Yes,No,No,Yes,Two year,Yes,Mailed check,67.46,4722.3,No
CUST07286,Male,0,No,No,36,Yes,No,DSL,No,Yes,Yes,No,No,No,One year,Yes,Credit card (automatic),60.58,2130.77,No
CUST07287,Male,0,No,No,11,Yes,No,DSL,Yes,No,Yes,No,No,No,Month-to-month,No,Mailed check,59.28,636.25,No
CUST07288,Male,0,Yes,No,23,Yes,Yes,DSL,No,No,Yes,Yes,No,Yes,Month-to-month,Yes,Bank transfer (automatic),60.38,1369.78,Yes
CUST07289,Female,0,Yes,No,13,Yes,Yes,DSL,No,No,No,Yes,No,Yes,Two year,No,Mailed check,53.57,666.1,No
CUST07290,Male,0,Yes,No,8,Yes,No,DSL,No,Yes,No,No,Yes,No,One year,No,Mailed check,58.78,460.91,Yes
CUST07291,Male,1,Yes,No,19,Yes,Yes,Fiber optic,No,Yes,Yes,No,Yes,Yes,Two year,Yes,Mailed check,83.07,1536.67,No
CUST07292,Male,0,No,No,29,No,No phone service,Fiber optic,Yes,No,No,Yes,Yes,No,One year,Yes,Mailed check,82.76,2361.42,No
CUST07293,Female,0,No,No,20,Yes,No,DSL,No,Yes,No,Yes,No,No,Month-to-month,No,Electronic check,53.7,1072.65,Yes
CUST07294,Female,0,No,No,35,Yes,No,Fiber optic,No,Yes,No,No,No,No,Two year,Yes,Credit card (automatic),79.11,2681.82,No
CUST07295,Female,1,Yes,No,3,Yes,Yes,DSL,No,No,Yes,No,No,Yes,Month-to-month,Yes,Credit card (automatic),54.4,157.05,No
CUST07296,Female,0,Yes,Yes,9,Yes,No,DSL,No,No,Yes,No,Yes,No,Two year,No,Credit card (automatic),59.75,533.94,No
CUST07297,Male,0,Yes,No,7,Yes,No,Fiber optic,No,No,Yes,Yes,No,No,Month-to-month,Yes,Bank transfer (automatic),79.81,538.89,Yes
CUST07298,Male,1,No,No,4,Yes,Yes,DSL,No,No,Yes,No,No,No,Month-to-month,No,Electronic check,40.37,160.36,No
CUST07299,Female,0,Yes,No,11,Yes,Yes,Fiber optic,Yes,No,Yes,No,Yes,No,Month-to-month,No,Electronic check,89.37,936.71,No
CUST07300,Male,0,No,No,59,Yes,No,DSL,No,Yes,Yes,No,Yes,Yes,Two year,Yes,Electronic check,62.06,3490.01,No
CUST07301,Male,0,Yes,Yes,15,Yes,Yes,No,No internet service,No internet service,No internet service,No internet service,No internet service,No internet service,Two year,Yes,Bank transfer (automatic),18.0,264.96,No
CUST07302,Male,0,Yes,Yes,6,Yes,No,No,No internet service,No internet service,No internet service,No internet service,No internet service,No internet service,Two year,Yes,Credit card (automatic),23.74,137.34,No
CUST07303,Female,0,No,No,8,Yes,No,DSL,No,Yes,Yes,No,Yes,No,Month-to-month,No,Bank transfer (automatic),50.06,388.31,No
CUST07304,Female,0,No,Yes,18,Yes,No,Fiber optic,No,Yes,Yes,No,No,Yes,Month-to-month,Yes,Credit card (automatic),85.03,1455.39,No
CUST07305,Male,0,Yes,Yes,8,Yes,Yes,DSL,Yes,No,Yes,Yes,No,No,One year,Yes,Credit card (automatic),60.77,474.5,No
CUST07306,Female,1,No,Yes,15,Yes,No,DSL,No,Yes,No,Yes,No,No,Month-to-month,No,Electronic check,59.66,850.79,Yes
CUST07307,Female,0,No,Yes,6,Yes,Yes,DSL,No,No,No,No,Yes,Yes,One year,Yes,Mailed check,47.26,281.52,No
CUST07308,Female,0,No,No,8,Yes,Yes,No,No internet service,No internet service,No internet service,No internet service,No internet service,No internet service,Two year,Yes,Electronic check,22.16,174.4,No
CUST07309,Female,0,No,No,24,Yes,Yes,DSL,No,No,No,No,No,No,Month-to-month,No,Mailed check,50.88,1186.84,Yes
CUST07310,Female,0,No,No,17,Yes,Yes,Fiber optic,No,Yes,No,Yes,Yes,Yes,One year,No,Mailed check,86.82,1449.41,No
CUST07311,Male,0,Yes,No,1,Yes,Yes,No,No internet service,No internet service,No internet service,No internet service,No internet service,No internet service,Two year,No,Bank transfer (automatic),18.0,17.52,No
CUST07312,Female,0,No,Yes,72,Yes,No,Fiber optic,Yes,Yes,Yes,No,No,No,Two year,No,Bank transfer (automatic),88.76,6123.01,No
CUST07313,Male,0,Yes,Yes,1,Yes,No,No,No internet service,No internet service,No internet service,No internet service,No internet service,No internet service,One year,No,Credit card (automatic),22.34,21.82,No
CUST07314,Male,0,No,No,1,Yes,No,No,No internet service,No internet service,No internet service,No internet service,No internet service,No internet service,Two year,Yes,Electronic check,18.0,17.93,No
CUST07315,Female,0,Yes,No,24,Yes,Yes,Fiber optic,No,No,No,No,Yes,No,Month-to-month,Yes,Electronic check,76.38,1799.63,No
CUST07316,Male,0,Yes,Yes,24,Yes,No,Fiber optic,No,Yes,Yes,Yes,No,No,Month-to-month,No,Bank transfer (automatic),90.89,2161.68,No
CUST07317,Male,0,No,No,0,Yes,No,Fiber optic,Yes,No,Yes,No,No,Yes,Month-to-month,No,Bank transfer (automatic),79.35,76.38,Yes
CUST07318,Male,0,Yes,No,20,Yes,No,No,No internet service,No internet service,No internet service,No internet service,No internet service,No internet service,Month-to-month,No,Electronic check,18.46,358.39,No
CUST07319,Female,0,Yes,No,0,Yes,No,Fiber optic,No,No,No,No,Yes,Yes,Month-to-month,Yes,Credit card (automatic),89.08,85.86,Yes
CUST07320,Female,1,No,Yes,64,Yes,No,DSL,No,Yes,No,No,No,No,Month-to-month,No,Mailed check,47.25,2986.67,No
CUST07321,Male,0,No,No,23,Yes,Yes,No,No internet service,No internet service,No internet service,No internet service,No internet service,No internet service,Two year,No,Mailed check,18.64,420.96,No
CUST07322,Female,0,No,Yes,4,No,No phone service,No,No internet service,No internet service,No internet service,No internet service,No internet service,No internet service,One year,Yes,Bank transfer (automatic),25.42,99.5,No
CUST07323,Female,0,Yes,No,3,Yes,Yes,Fiber optic,No,Yes,Yes,No,Yes,No,Month-to-month,Yes,Bank transfer (automatic),76.99,219.51,No
CUST07324,Female,0,No,No,16,No,No phone service,Fiber optic,Yes,Yes,No,No,Yes,Yes,Month-to-month,No,Bank transfer (automatic),87.71,1393.42,No
CUST07325,Female,0,Yes,No,20,Yes,Yes,Fiber optic,Yes,No,Yes,Yes,Yes,Yes,Month-to-month,Yes,Electronic check,98.2,1955.43,No
CUST07326,Male,1,Yes,Yes,35,Yes,No,DSL,No,No,No,No,No,No,Month-to-month,Yes,Electronic check,39.94,1377.08,Yes
CUST07327,Male,1,No,Yes,46,Yes,No,Fiber optic,Yes,No,No,No,Yes,No,Month-to-month,No,Credit card (automatic),81.65,3734.13,No
CUST07328,Female,0,No,No,9,Yes,No,DSL,No,Yes,Yes,No,Yes,No,Two year,Yes,Credit card (automatic),57.51,513.41,No
CUST07329,Female,0,No,No,37,Yes,Yes,Fiber optic,No,No,No,Yes,No,No,One year,No,Mailed check,67.36,2469.8,Yes
CUST07330,Male,0,No,No,15,Yes,Yes,Fiber optic,No,No,No,No,No,No,One year,No,Credit card (automatic),61.61,912.0,No
CUST07331,Male,0,Yes,No,12,Yes,No,DSL,No,Yes,No,No,No,No,Month-to-month,Yes,Credit card (automatic),40.28,460.73,No
CUST07332,Female,0,No,Yes,24,Yes,No,DSL,No,No,No,No,No,No,Month-to-month,Yes,Credit card (automatic),46.56,1068.77,No
CUST07333,Male,0,Yes,No,2,Yes,Yes,DSL,No,No,Yes,No,No,No,Month-to-month,Yes,Bank transfer (automatic),49.9,99.02,Yes
CUST07334,Female,0,No,Yes,6,Yes,Yes,Fiber optic,Yes,Yes,Yes,No,No,Yes,One year,Yes,Mailed check,85.03,494.83,No
CUST07335,Female,0,No,Yes,33,Yes,Yes,DSL,Yes,No,No,No,Yes,Yes,One year,Yes,Electronic check,62.33,2031.74,No
CUST07336,Male,0,No,No,14,Yes,Yes,DSL,Yes,Yes,Yes,No,No,No,Month-to-month,No,Electronic check,60.35,811.06,No
CUST07337,Male,1,No,No,47,Yes,No,No,No internet service,No internet service,No internet service,No internet service,No internet service,No internet service,Two year,Yes,Electronic check,23.62,1090.71,No
CUST07338,Female,0,No,No,1,Yes,Yes,Fiber optic,No,Yes,No,Yes,No,No,Month-to-month,Yes,Credit card (automatic),82.53,79.4,Yes
CUST07339,Female,0,No,No,7,Yes,Yes,Fiber optic,No,No,Yes,Yes,No,No,Month-to-month,Yes,Electronic check,82.6,561.88,Yes
CUST07340,Male,0,Yes,No,8,Yes,No,Fiber optic,No,No,Yes,Yes,No,Yes,One year,No,Electronic check,91.58,706.52,No
CUST07341,Female,1,Yes,Yes,10,Yes,No,DSL,No,No,Yes,No,Yes,Yes,Month-to-month,No,Bank transfer (automatic),61.09,594.04,No
CUST07342,Male,1,No,No,72,No,No phone service,DSL,No,No,Yes,No,No,No,One year,No,Credit card (automatic),50.58,3638.49,No
CUST07343,Female,0,No,No,7,Yes,Yes,Fiber optic,No,No,No,Yes,No,No,Month-to-month,Yes,Electronic check,75.71,521.14,No
CUST07344,Male,0,Yes,No,14,Yes,Yes,Fiber optic,No,Yes,No,No,No,Yes,Month-to-month,Yes,Electronic check,85.97,1195.32,No
CUST07345,Male,0,Yes,No,15,Yes,No,Fiber optic,No,No,No,No,Yes,Yes,Month-to-month,No,Electronic check,88.93,1299.35,No
CUST07346,Male,0,Yes,No,29,Yes,No,Fiber optic,No,No,No,No,Yes,Yes,Month-to-month,Yes,Electronic check,75.85,2091.47,Yes
CUST07347,Female,0,No,No,14,Yes,No,Fiber optic,Yes,No,No,Yes,No,Yes,Month-to-month,No,Credit card (automatic),84.64,1168.06,No
CUST07348,Female,0,Yes,No,18,Yes,No,DSL,No,No,No,No,Yes,No,One year,No,Electronic check,61.39,1103.22,No
CUST07349,Male,0,Yes,No,27,Yes,No,No,No internet service,No internet service,No internet service,No internet service,No internet service,No internet service,Month-to-month,No,Electronic check,18.02,469.18,No
CUST07350,Female,0,No,Yes,2,No,No phone service,DSL,No,No,Yes,Yes,No,No,Month-to-month,Yes,Electronic check,43.84,86.18,Yes
CUST07351,Male,0,No,No,66,Yes,No,No,No internet service,No internet service,No internet service,No internet service,No internet service,No internet service,One year,No,Electronic check,18.0,1154.44,No
CUST07352,Male,1,Yes,Yes,37,Yes,No,No,No internet service,No internet service,No internet service,No internet service,No internet service,No internet service,Two year,No,Mailed check,18.0,650.71,No
CUST07353,Female,0,Yes,Yes,9,Yes,No,DSL,No,No,No,No,Yes,Yes,Two year,No,Credit card (automatic),48.54,416.52,No
CUST07354,Female,0,No,Yes,26,Yes,No,No,No internet service,No internet service,No internet service,No internet service,No internet service,No internet service,Two year,No,Mailed check,24.75,635.58,No
CUST07355,Male,0,Yes,Yes,28,Yes,No,No,No internet service,No internet service,No internet service,No internet service,No internet service,No internet service,One year,No,Mailed check,25.33,704.19,No
CUST07356,Female,0,No,No,37,Yes,Yes,No,No internet service,No internet service,No internet service,No internet service,No internet service,No internet service,Month-to-month,No,Bank transfer (automatic),18.0,635.05,Yes
CUST07357,Female,0,No,No,4,Yes,No,Fiber optic,No,No,No,Yes,No,Yes,One year,Yes,Mailed check,80.17,313.43,No
CUST07358,Male,0,Yes,Yes,24,Yes,No,No,No internet service,No internet service,No internet service,No internet service,No internet service,No internet service,Month-to-month,No,Electronic check,18.0,426.87,No
CUST07359,Male,1,No,Yes,0,Yes,Yes,Fiber optic,Yes,Yes,No,Yes,No,No,Month-to-month,Yes,Bank transfer (automatic),88.89,88.81,Yes
CUST07360,Female,0,Yes,No,2,Yes,No,No,No internet service,No internet service,No internet service,No internet service,No internet service,No internet service,Month-to-month,Yes,Mailed check,23.61,45.63,Yes
CUST07361,Male,0,Yes,Yes,29,Yes,No,Fiber optic,No,Yes,No,No,No,No,Month-to-month,Yes,Electronic check,69.31,1943.7,No
CUST07362,Male,0,No,No,33,Yes,Yes,No,No internet service,No internet service,No internet service,No internet service,No internet service,No internet service,One year,Yes,Credit card (automatic),25.26,828.43,No
CUST07363,Female,0,No,Yes,17,Yes,No,Fiber optic,Yes,No,Yes,Yes,No,Yes,One year,Yes,Bank transfer (automatic),87.54,1466.02,No
CUST07364,Male,0,Yes,Yes,17,Yes,Yes,Fiber optic,No,No,No,No,Yes,No,Month-to-month,No,Credit card (automatic),72.81,1235.02,No
CUST07365,Male,0,Yes,No,27,Yes,Yes,No,No internet service,No internet service,No internet service,No internet service,No internet service,No internet service,Two year,Yes,Mailed check,18.0,473.41,No
CUST07366,Female,0,Yes,No,47,Yes,No,Fiber optic,Yes,No,No,No,Yes,No,One year,No,Bank transfer (automatic),77.55,3575.69,No
CUST07367,Female,0,Yes,No,10,Yes,Yes,DSL,No,Yes,No,No,No,Yes,Month-to-month,No,Credit card (automatic),48.53,462.91,No
CUST07368,Male,0,No,Yes,2,Yes,Yes,DSL,No,No,No,No,No,No,Two year,Yes,Bank transfer (automatic),36.61,73.11,No
CUST07369,Male,0,Yes,No,36,Yes,No,No,No internet service,No internet service,No internet service,No internet service,No internet service,No internet service,Month-to-month,Yes,Mailed check,22.49,783.93,No
CUST07370,Female,0,No,No,8,Yes,No,No,No internet service,No internet service,No internet service,No internet service,No internet service,No internet service,Two year,Yes,Electronic check,25.72,201.28,No
CUST07371,Female,0,Yes,Yes,2,No,No phone service,Fiber optic,No,No,No,Yes,No,No,Month-to-month,No,Electronic check,71.87,140.73,Yes
CUST07372,Female,0,No,Yes,19,No,No phone service,No,No internet service,No internet service,No internet service,No internet service,No internet service,No internet service,One year,No,Mailed check,20.75,383.47,No
CUST07373,Female,0,No,Yes,17,Yes,No,DSL,No,Yes,Yes,Yes,No,Yes,Two year,Yes,Credit card (automatic),58.68,987.12,No
CUST07374,Male,1,No,No,12,Yes,No,DSL,No,Yes,Yes,Yes,No,No,Month-to-month,Yes,Electronic check,54.58,641.25,No
CUST07375,Female,0,Yes,Yes,39,Yes,No,Fiber optic,No,Yes,Yes,Yes,Yes,No,Month-to-month,Yes,Bank transfer (automatic),91.23,3420.84,Yes
CUST07376,Female,0,Yes,No,6,Yes,No,Fiber optic,Yes,No,No,No,No,No,Month-to-month,No,Mailed check,70.29,407.92,No
CUST07377,Male,1,Yes,Yes,0,Yes,No,DSL,Yes,No,No,No,Yes,Yes,Month-to-month,Yes,Credit card (automatic),63.18,63.04,Yes
CUST07378,Female,0,No,Yes,7,Yes,No,Fiber optic,Yes,No,No,No,Yes,No,Two year,No,Mailed check,75.9,527.03,No
CUST07379,Male,0,No,Yes,0,Yes,No,DSL,No,No,No,No,No,No,Month-to-month,No,Bank transfer (automatic),53.03,52.94,Yes
CUST07380,Female,0,No,No,15,Yes,Yes,Fiber optic,No,No,No,No,Yes,No,Month-to-month,Yes,Credit card (automatic),81.72,1179.77,No
CUST07381,Female,0,No,Yes,9,No,No phone service,Fiber optic,No,No,No,No,No,No,Two year,No,Mailed check,79.09,691.95,No
CUST07382,Female,0,Yes,No,33,Yes,No,No,No internet service,No internet service,No internet service,No internet service,No internet service,No internet service,Month-to-month,No,Bank transfer (automatic),23.22,730.71,No
CUST07383,Male,0,No,No,31,Yes,No,No,No internet service,No internet service,No internet service,No internet service,No internet service,No internet service,Two year,Yes,Electronic check,18.0,542.99,No
CUST07384,Male,0,No,No,11,Yes,Yes,Fiber optic,Yes,No,Yes,No,Yes,No,Month-to-month,No,Electronic check,87.08,921.25,Yes
CUST07385,Female,0,Yes,No,4,Yes,Yes,DSL,No,No,No,No,Yes,No,Month-to-month,Yes,Electronic check,51.36,199.44,No
CUST07386,Male,1,Yes,No,10,Yes,No,No,No internet service,No internet service,No internet service,No internet service,No internet service,No internet service,Month-to-month,Yes,Mailed check,18.58,179.35,No
CUST07387,Male,0,No,No,20,Yes,No,DSL,No,Yes,Yes,Yes,Yes,No,Two year,Yes,Bank transfer (automatic),62.41,1188.67,No
CUST07388,Male,1,Yes,No,4,Yes,No,DSL,No,No,No,Yes,No,No,Month-to-month,Yes,Mailed check,48.23,185.86,Yes
CUST07389,Male,0,Yes,Yes,29,Yes,Yes,DSL,Yes,Yes,No,Yes,No,No,Month-to-month,No,Credit card (automatic),54.59,1545.5,No
CUST07390,Male,0,No,Yes,8,Yes,No,No,No internet service,No internet service,No internet service,No internet service,No internet service,No internet service,Month-to-month,No,Electronic check,19.32,147.5,No
CUST07391,Male,0,No,No,53,No,No phone service,No,No internet service,No internet service,No internet service,No internet service,No internet service,No internet service,One year,No,Electronic check,18.0,936.12,No
CUST07392,Female,0,Yes,No,14,Yes,No,No,No internet service,No internet service,No internet service,No internet service,No internet service,No internet service,Month-to-month,Yes,Mailed check,18.0,248.11,No
CUST07393,Female,0,Yes,No,37,Yes,No,Fiber optic,No,Yes,Yes,No,Yes,No,One year,No,Electronic check,81.28,2914.73,No
CUST07394,Male,0,No,Yes,19,Yes,Yes,DSL,No,Yes,Yes,Yes,Yes,No,Month-to-month,Yes,Bank transfer (automatic),62.21,1176.61,No
CUST07395,Female,0,No,No,16,Yes,Yes,No,No internet service,No internet service,No internet service,No internet service,No internet service,No internet service,Month-to-month,Yes,Bank transfer (automatic),19.77,301.85,No
CUST07396,Female,1,Yes,No,22,No,No phone service,Fiber optic,No,Yes,No,Yes,Yes,No,Month-to-month,No,Bank transfer (automatic),88.06,1901.1,No
CUST07397,Female,0,No,No,33,Yes,Yes,Fiber optic,No,No,No,No,No,Yes,Month-to-month,No,Bank transfer (automatic),64.17,2089.61,No
CUST07398,Female,0,No,No,20,No,No phone service,DSL,No,No,No,No,No,Yes,Two year,Yes,Electronic check,54.9,1086.23,No
CUST07399,Male,0,No,No,31,Yes,No,DSL,No,Yes,No,Yes,No,No,Month-to-month,Yes,Mailed check,65.98,1989.27,No
CUST07400,Female,0,Yes,Yes,4,No,No phone service,No,No internet service,No internet service,No internet service,No internet service,No internet service,No internet service,One year,No,Electronic check,31.29,120.58,No
CUST07401,Female,0,Yes,No,6,Yes,No,DSL,No,No,Yes,No,No,Yes,Month-to-month,No,Bank transfer (automatic),48.88,292.73,No
CUST07402,Male,0,No,No,5,Yes,No,DSL,Yes,No,Yes,No,No,No,Two year,Yes,Credit card (automatic),53.68,267.42,No
CUST07403,Male,0,Yes,No,32,Yes,No,Fiber optic,Yes,Yes,Yes,No,Yes,No,Month-to-month,Yes,Credit card (automatic),87.14,2786.45,No
CUST07404,Female,1,No,No,1,Yes,Yes,DSL,No,Yes,No,No,No,No,Two year,Yes,Credit card (automatic),49.94,49.25,No
CUST07405,Female,0,Yes,No,31,Yes,Yes,DSL,Yes,No,Yes,No,No,No,Month-to-month,No,Bank transfer (automatic),66.61,2042.37,Yes
CUST07406,Female,0,Yes,Yes,9,Yes,No,No,No internet service,No internet service,No internet service,No internet service,No internet service,No internet service,Two year,Yes,Bank transfer (automatic),18.0,161.43,No
CUST07407,Female,0,Yes,Yes,1,Yes,Yes,DSL,Yes,No,No,No,No,Yes,Month-to-month,No,Electronic check,48.73,47.37,Yes
CUST07408,Female,0,Yes,No,11,No,No phone service,Fiber optic,No,No,No,No,No,No,Month-to-month,Yes,Bank transfer (automatic),75.51,795.83,No
CUST07409,Female,0,No,No,7,Yes,No,Fiber optic,No,Yes,No,Yes,No,No,Month-to-month,Yes,Electronic check,82.59,565.4,No
CUST07410,Male,0,Yes,Yes,17,No,No phone service,DSL,No,Yes,Yes,Yes,No,No,Two year,Yes,Electronic check,58.83,973.96,No
CUST07411,Female,1,No,No,12,Yes,No,Fiber optic,Yes,Yes,Yes,No,No,Yes,Month-to-month,Yes,Mailed check,91.06,1080.71,Yes
CUST07412,Female,0,No,No,7,Yes,No,DSL,No,No,Yes,Yes,No,Yes,One year,Yes,Mailed check,69.2,478.08,No
CUST07413,Male,0,Yes,Yes,39,Yes,Yes,DSL,Yes,No,No,Yes,Yes,Yes,Month-to-month,Yes,Electronic check,65.23,2451.85,Yes
CUST07414,Male,1,No,Yes,10,Yes,Yes,DSL,No,Yes,Yes,No,Yes,No,Two year,Yes,Credit card (automatic),59.45,567.82,No
CUST07415,Male,0,Yes,Yes,12,Yes,No,DSL,No,Yes,No,Yes,No,Yes,One year,No,Credit card (automatic),54.66,641.96,No
CUST07416,Male,0,No,No,37,Yes,No,Fiber optic,No,Yes,Yes,No,Yes,Yes,Month-to-month,Yes,Mailed check,90.65,3299.88,No
CUST07417,Female,0,No,No,1,Yes,No,DSL,No,No,Yes,Yes,Yes,Yes,Month-to-month,No,Credit card (automatic),61.11,59.61,Yes
CUST07418,Female,0,Yes,No,9,Yes,No,DSL,No,No,Yes,No,Yes,No,Month-to-month,Yes,Electronic check,52.46,464.29,No
CUST07419,Female,0,Yes,No,10,Yes,No,No,No internet service,No internet service,No internet service,No internet service,No internet service,No internet service,Month-to-month,Yes,Credit card (automatic),21.1,208.38,No
CUST07420,Female,0,No,No,13,Yes,No,DSL,No,No,Yes,No,No,No,Month-to-month,Yes,Credit card (automatic),52.33,661.38,No
CUST07421,Female,0,No,No,2,Yes,No,DSL,No,No,Yes,No,No,No,Two year,No,Mailed check,50.16,97.82,No
CUST07422,Female,0,Yes,No,2,Yes,Yes,Fiber optic,No,Yes,No,No,No,No,Two year,Yes,Electronic check,83.91,164.76,No
CUST07423,Male,0,No,No,10,Yes,No,No,No internet service,No internet service,No internet service,No internet service,No internet service,No internet service,Month-to-month,No,Bank transfer (automatic),21.94,215.19,Yes
CUST07424,Female,0,Yes,Yes,0,Yes,No,DSL,No,No,Yes,No,No,No,Month-to-month,Yes,Mailed check,47.26,46.04,Yes
CUST07425,Male,0,No,No,5,Yes,No,DSL,No,No,Yes,No,No,No,Month-to-month,Yes,Mailed check,54.4,261.85,No
CUST07426,Male,0,Yes,No,4,No,No phone service,Fiber optic,Yes,No,No,Yes,No,Yes,Month-to-month,Yes,Bank transfer (automatic),90.55,356.43,No
CUST07427,Female,0,No,Yes,13,Yes,No,Fiber optic,Yes,No,No,No,No,No,Month-to-month,Yes,Electronic check,71.84,905.35,Yes
CUST07428,Male,0,Yes,No,0,Yes,Yes,DSL,Yes,Yes,Yes,No,Yes,No,One year,Yes,Bank transfer (automatic),70.03,68.13,No
CUST07429,Female,0,No,No,22,Yes,Yes,DSL,No,No,Yes,No,Yes,Yes,Two year,No,Mailed check,58.94,1265.89,No
CUST07430,Male,1,No,No,38,Yes,No,DSL,No,No,Yes,No,No,No,Month-to-month,No,Electronic check,50.4,1864.25,No
CUST07431,Female,0,No,No,24,Yes,Yes,DSL,Yes,Yes,No,No,No,No,Month-to-month,Yes,Credit card (automatic),50.79,1198.35,No
CUST07432,Male,0,No,Yes,34,Yes,No,DSL,No,No,No,Yes,Yes,No,Month-to-month,Yes,Electronic check,42.03,1394.31,No
CUST07433,Female,0,No,No,20,Yes,Yes,Fiber optic,Yes,Yes,No,Yes,No,No,Two year,No,Mailed check,90.03,1737.48,No
CUST07434,Female,0,No,No,14,Yes,No,DSL,No,No,Yes,Yes,Yes,No,Month-to-month,Yes,Bank transfer (automatic),56.47,788.9,Yes
CUST07435,Female,0,No,No,4,No,No phone service,Fiber optic,Yes,Yes,Yes,No,No,Yes,One year,Yes,Electronic check,91.01,363.8,No
CUST07436,Female,1,No,No,6,Yes,Yes,Fiber optic,No,No,No,No,No,No,Two year,Yes,Electronic check,71.73,410.43,No
CUST07437,Female,0,No,No,7,Yes,Yes,DSL,Yes,No,No,Yes,Yes,No,Month-to-month,Yes,Bank transfer (automatic),64.16,441.82,Yes
CUST07438,Male,0,No,Yes,0,Yes,No,No,No internet service,No internet service,No internet service,No internet service,No internet service,No internet service,One year,Yes,Bank transfer (automatic),18.0,17.9,No
CUST07439,Male,0,Yes,No,48,Yes,No,No,No internet service,No internet service,No internet service,No internet service,No internet service,No internet service,Month-to-month,No,Bank transfer (automatic),18.0,861.9,No
CUST07440,Male,1,No,No,46,Yes,Yes,DSL,No,No,No,No,Yes,No,Two year,Yes,Bank transfer (automatic),51.7,2355.89,No
CUST07441,Female,0,Yes,No,2,Yes,Yes,DSL,No,Yes,Yes,Yes,No,Yes,Month-to-month,Yes,Credit card (automatic),69.78,138.81,Yes
CUST07442,Male,1,No,No,16,Yes,Yes,Fiber optic,Yes,No,Yes,Yes,Yes,Yes,Two year,Yes,Electronic check,98.39,1523.58,No
CUST07443,Female,0,No,No,12,Yes,No,DSL,Yes,No,No,No,No,No,Two year,Yes,Electronic check,45.01,535.55,No
CUST07444,Female,0,No,No,23,Yes,No,No,No internet service,No internet service,No internet service,No internet service,No internet service,No internet service,One year,No,Credit card (automatic),22.71,512.18,No
CUST07445,Male,0,Yes,Yes,18,Yes,No,DSL,No,No,Yes,No,No,No,Month-to-month,Yes,Mailed check,48.33,844.96,Yes
CUST07446,Male,0,Yes,No,2,Yes,Yes,Fiber optic,No,Yes,No,Yes,Yes,Yes,Two year,No,Bank transfer (automatic),93.88,185.96,No
CUST07447,Female,0,No,No,21,Yes,No,DSL,No,No,No,No,No,No,Month-to-month,Yes,Electronic check,46.63,941.07,No
CUST07448,Male,0,Yes,Yes,18,Yes,No,DSL,Yes,No,Yes,Yes,No,No,Month-to-month,No,Mailed check,56.55,1015.24,No
CUST07449,Female,0,Yes,Yes,15,Yes,Yes,DSL,Yes,Yes,No,Yes,No,Yes,Month-to-month,No,Electronic check,72.5,1058.25,Yes
CUST07450,Female,0,No,No,10,Yes,Yes,Fiber optic,Yes,No,No,No,No,Yes,One year,Yes,Electronic check,82.38,817.58,No
CUST07451,Female,0,No,No,61,Yes,Yes,No,No internet service,No internet service,No internet service,No internet service,No internet service,No internet service,Two year,No,Mailed check,22.37,1313.1,No
CUST07452,Female,0,Yes,Yes,37,Yes,No,No,No internet service,No internet service,No internet service,No internet service,No internet service,No internet service,Two year,No,Bank transfer (automatic),20.42,751.52,No
CUST07453,Female,0,No,Yes,17,Yes,No,DSL,No,Yes,Yes,No,Yes,No,One year,Yes,Credit card (automatic),61.66,1024.37,No
CUST07454,Male,0,Yes,Yes,0,Yes,Yes,Fiber optic,No,No,Yes,No,Yes,No,One year,No,Electronic check,79.04,76.17,Yes
CUST07455,Male,0,No,Yes,11,No,No phone service,Fiber optic,Yes,No,No,Yes,No,No,Two year,Yes,Mailed check,89.85,968.65,No
CUST07456,Female,0,Yes,No,24,Yes,Yes,Fiber optic,No,No,No,No,Yes,No,Two year,No,Bank transfer (automatic),73.09,1672.94,No
CUST07457,Female,0,No,No,2,Yes,No,DSL,No,No,Yes,No,Yes,No,Month-to-month,Yes,Electronic check,53.95,104.45,Yes
CUST07458,Male,0,Yes,No,10,Yes,Yes,Fiber optic,Yes,No,No,Yes,Yes,No,Month-to-month,No,Bank transfer (automatic),84.03,820.53,No
CUST07459,Male,0,No,No,4,No,No phone service,No,No internet service,No internet service,No internet service,No internet service,No internet service,No internet service,Month-to-month,No,Credit card (automatic),28.12,109.82,No
CUST07460,Female,0,Yes,No,8,Yes,No,No,No internet service,No internet service,No internet service,No internet service,No internet service,No internet service,One year,Yes,Bank transfer (automatic),18.85,147.89,No
CUST07461,Male,0,No,No,0,Yes,No,Fiber optic,Yes,No,No,Yes,No,No,One year,No,Electronic check,85.83,81.72,No
CUST07462,Female,0,Yes,No,2,Yes,No,DSL,No,No,No,Yes,No,Yes,Two year,Yes,Bank transfer (automatic),54.2,107.13,No
CUST07463,Male,0,Yes,No,12,Yes,No,No,No internet service,No internet service,No internet service,No internet service,No internet service,No internet service,Two year,No,Electronic check,22.75,260.62,No
CUST07464,Female,0,No,No,45,No,No phone service,No,No internet service,No internet service,No internet service,No internet service,No internet service,No internet service,Month-to-month,Yes,Electronic check,29.62,1328.96,No
CUST07465,Male,0,No,No,13,Yes,Yes,Fiber optic,No,No,No,No,No,No,Month-to-month,Yes,Credit card (automatic),66.08,839.62,No
CUST07466,Female,0,Yes,No,12,Yes,No,No,No internet service,No internet service,No internet service,No internet service,No internet service,No internet service,Month-to-month,No,Bank transfer (automatic),25.16,301.62,Yes
CUST07467,Male,0,Yes,Yes,30,Yes,No,No,No internet service,No internet service,No internet service,No internet service,No internet service,No internet service,Month-to-month,No,Credit card (automatic),18.0,517.91,No
CUST07468,Male,0,Yes,Yes,6,Yes,Yes,Fiber optic,No,No,No,Yes,Yes,Yes,Month-to-month,Yes,Credit card (automatic),83.0,492.42,No
CUST07469,Female,0,Yes,No,1,Yes,No,Fiber optic,Yes,Yes,No,Yes,No,No,Two year,No,Mailed check,83.63,81.89,No
CUST07470,Male,0,Yes,No,4,Yes,Yes,Fiber optic,No,No,No,No,No,No,Month-to-month,Yes,Electronic check,69.67,276.39,No
CUST07471,Female,0,Yes,No,31,Yes,No,Fiber optic,Yes,No,Yes,No,No,No,One year,No,Mailed check,77.25,2281.19,No
CUST07472,Male,1,No,No,22,No,No phone service,DSL,No,No,Yes,No,No,Yes,Month-to-month,No,Mailed check,56.77,1209.3,No
CUST07473,Female,0,No,Yes,1,Yes,No,Fiber optic,Yes,No,Yes,Yes,No,No,Month-to-month,Yes,Bank transfer (automatic),83.2,81.78,Yes
CUST07474,Male,0,Yes,No,21,Yes,No,DSL,No,No,Yes,Yes,No,No,Two year,Yes,Credit card (automatic),53.44,1082.28,Yes
CUST07475,Female,0,No,No,53,Yes,Yes,Fiber optic,No,No,No,Yes,Yes,No,Two year,No,Bank transfer (automatic),78.26,4128.89,No
CUST07476,Male,0,No,Yes,0,Yes,No,No,No internet service,No internet service,No internet service,No internet service,No internet service,No internet service,Month-to-month,Yes,Electronic check,18.0,17.8,Yes
CUST07477,Female,0,Yes,No,19,Yes,Yes,Fiber optic,No,No,No,No,No,No,Two year,No,Bank transfer (automatic),71.16,1309.57,No
CUST07478,Male,0,Yes,No,9,No,No phone service,DSL,No,No,No,No,No,No,Month-to-month,Yes,Electronic check,44.78,385.89,No
CUST07479,Female,0,No,No,13,Yes,Yes,No,No internet service,No internet service,No internet service,No internet service,No internet service,No internet service,One year,No,Electronic check,22.0,281.29,No
CUST07480,Female,0,Yes,No,15,Yes,Yes,DSL,Yes,No,No,No,Yes,No,Month-to-month,Yes,Electronic check,58.24,861.35,No
CUST07481,Female,1,Yes,No,29,Yes,No,No,No internet service,No internet service,No internet service,No internet service,No internet service,No internet service,One year,Yes,Mailed check,20.05,560.33,No
CUST07482,Male,0,No,No,16,No,No phone service,Fiber optic,No,Yes,Yes,No,Yes,Yes,Month-to-month,No,Bank transfer (automatic),86.39,1319.27,No
CUST07483,Female,0,No,No,17,Yes,No,Fiber optic,No,Yes,Yes,No,Yes,Yes,One year,No,Electronic check,86.27,1403.02,No
CUST07484,Male,0,Yes,No,8,Yes,No,Fiber optic,No,Yes,No,No,No,No,One year,Yes,Electronic check,73.3,582.82,No
CUST07485,Female,0,No,No,2,Yes,Yes,DSL,No,Yes,No,No,No,Yes,Month-to-month,No,Credit card (automatic),65.89,127.68,No
CUST07486,Male,0,No,No,22,Yes,No,Fiber optic,No,Yes,No,Yes,Yes,Yes,Two year,Yes,Mailed check,83.29,1814.0,No
CUST07487,Female,0,No,No,0,Yes,Yes,DSL,No,Yes,Yes,Yes,No,No,Month-to-month,No,Bank transfer (automatic),58.11,56.36,Yes
CUST07488,Male,0,No,No,7,Yes,No,Fiber optic,Yes,No,No,No,No,No,Two year,Yes,Credit card (automatic),71.97,497.87,No
CUST07489,Male,0,Yes,No,4,Yes,No,Fiber optic,No,Yes,No,No,No,Yes,Month-to-month,Yes,Mailed check,73.76,292.68,No
CUST07490,Female,0,No,No,9,Yes,Yes,Fiber optic,No,No,No,No,No,Yes,One year,Yes,Mailed check,72.89,633.98,No
CUST07491,Male,0,Yes,No,7,Yes,Yes,No,No internet service,No internet service,No internet service,No internet service,No internet service,No internet service,One year,Yes,Credit card (automatic),20.61,144.24,No
CUST07492,Male,0,Yes,No,24,No,No phone service,Fiber optic,Yes,No,No,No,No,No,Month-to-month,Yes,Bank transfer (automatic),82.18,1891.05,No
CUST07493,Female,1,Yes,Yes,6,Yes,No,Fiber optic,Yes,No,Yes,No,Yes,Yes,Month-to-month,No,Electronic check,86.84,509.65,No
CUST07494,Male,0,Yes,No,16,Yes,Yes,No,No internet service,No internet service,No internet service,No internet service,No internet service,No internet service,Month-to-month,No,Bank transfer (automatic),29.13,458.28,Yes
CUST07495,Male,0,Yes,No,12,Yes,No,DSL,No,No,No,No,No,No,Two year,Yes,Credit card (automatic),37.56,431.65,No
CUST07496,Male,0,Yes,No,32,Yes,No,No,No internet service,No internet service,No internet service,No internet service,No internet service,No internet service,Two year,Yes,Credit card (automatic),21.9,666.93,No
CUST07497,Female,0,Yes,No,11,Yes,No,DSL,Yes,No,No,No,No,No,Month-to-month,No,Credit card (automatic),45.41,477.51,No
CUST07498,Male,0,No,No,39,Yes,No,Fiber optic,No,No,No,Yes,No,No,Month-to-month,No,Bank transfer (automatic),76.75,2865.33,No
CUST07499,Female,0,Yes,No,0,Yes,Yes,No,No internet service,No internet service,No internet service,No internet service,No internet service,No internet service,One year,Yes,Credit card (automatic),31.33,30.76,No
CUST07500,Male,1,No,No,18,Yes,Yes,No,No internet service,No internet service,No internet service,No internet service,No internet service,No internet service,Month-to-month,Yes,Mailed check,18.51,332.7,Yes
CUST07501,Male,0,Yes,Yes,0,Yes,Yes,DSL,Yes,No,No,No,Yes,Yes,Two year,Yes,Mailed check,61.56,60.01,No
CUST07502,Male,0,Yes,Yes,25,Yes,Yes,DSL,Yes,No,Yes,No,No,Yes,Month-to-month,No,Credit card (automatic),61.82,1529.59,No
CUST07503,Female,0,Yes,No,5,Yes,No,No,No internet service,No internet service,No internet service,No internet service,No internet service,No internet service,Month-to-month,No,Credit card (automatic),19.71,94.14,No
CUST07504,Male,0,Yes,Yes,9,Yes,Yes,No,No internet service,No internet service,No internet service,No internet service,No internet service,No internet service,One year,Yes,Electronic check,31.62,275.37,No
CUST07505,Male,0,No,No,9,Yes,Yes,Fiber optic,No,Yes,No,No,No,Yes,Month-to-month,Yes,Credit card (automatic),80.61,694.91,No
CUST07506,Female,0,Yes,No,37,Yes,No,DSL,No,No,Yes,Yes,Yes,Yes,One year,Yes,Electronic check,64.92,2364.41,No
CUST07507,Male,0,No,No,2,Yes,No,Fiber optic,No,No,No,No,No,Yes,Month-to-month,Yes,Mailed check,71.38,142.47,Yes
CUST07508,Female,0,No,No,21,Yes,No,DSL,No,Yes,No,No,Yes,No,Month-to-month,No,Electronic check,50.24,1019.57,No
CUST07509,Female,0,Yes,No,72,No,No phone service,No,No internet service,No internet service,No internet service,No internet service,No internet service,No internet service,One year,Yes,Mailed check,25.94,1803.04,No
CUST07510,Male,1,No,No,0,Yes,Yes,Fiber optic,Yes,No,Yes,No,No,Yes,Month-to-month,No,Credit card (automatic),93.87,91.23,Yes
CUST07511,Female,0,Yes,No,67,Yes,No,Fiber optic,No,No,Yes,Yes,Yes,No,Month-to-month,Yes,Electronic check,93.66,5994.4,No
CUST07512,Male,0,No,Yes,0,Yes,No,DSL,No,No,Yes,Yes,No,No,Two year,Yes,Mailed check,57.41,56.72,No
CUST07513,Female,0,No,No,36,Yes,Yes,Fiber optic,Yes,Yes,No,No,No,Yes,Two year,Yes,Electronic check,81.72,2929.36,No
CUST07514,Female,0,Yes,No,65,Yes,Yes,Fiber optic,Yes,No,Yes,No,No,No,Two year,No,Electronic check,74.87,4645.12,No
CUST07515,Male,0,Yes,Yes,72,Yes,Yes,Fiber optic,No,Yes,No,No,No,Yes,Two year,No,Credit card (automatic),80.63,5619.5,No
CUST07516,Female,0,Yes,No,12,Yes,No,No,No internet service,No internet service,No internet service,No internet service,No internet service,No internet service,Month-to-month,No,Mailed check,23.09,275.3,No
CUST07517,Female,0,Yes,No,40,Yes,Yes,Fiber optic,No,Yes,Yes,No,No,No,Month-to-month,Yes,Electronic check,79.4,3041.69,No
CUST07518,Female,0,No,No,2,Yes,No,DSL,No,No,Yes,No,No,No,Month-to-month,No,Bank transfer (automatic),44.87,88.34,Yes
CUST07519,Female,0,Yes,Yes,11,Yes,Yes,Fiber optic,No,Yes,Yes,Yes,Yes,Yes,Two year,Yes,Mailed check,92.27,974.08,No
CUST07520,Female,1,Yes,No,7,Yes,Yes,Fiber optic,Yes,No,No,No,No,No,One year,Yes,Credit card (automatic),78.32,540.8,No
CUST07521,Male,0,Yes,No,10,Yes,Yes,Fiber optic,No,Yes,Yes,Yes,Yes,Yes,One year,No,Mailed check,96.58,949.1,No
CUST07522,Female,0,No,No,24,Yes,No,DSL,No,No,No,No,No,No,Two year,No,Credit card (automatic),51.41,1230.97,No
CUST07523,Male,0,Yes,No,1,Yes,No,DSL,Yes,No,No,No,Yes,No,One year,No,Electronic check,62.45,61.06,No
CUST07524,Female,0,No,No,72,Yes,No,Fiber optic,No,No,No,Yes,No,Yes,Month-to-month,Yes,Mailed check,93.5,6548.96,No
CUST07525,Male,0,No,Yes,20,Yes,Yes,DSL,No,No,No,No,No,No,Month-to-month,Yes,Mailed check,42.69,833.19,No
CUST07526,Male,0,No,No,41,Yes,Yes,No,No internet service,No internet service,No internet service,No internet service,No internet service,No internet service,Month-to-month,Yes,Electronic check,24.68,991.63,Yes
CUST07527,Female,0,No,Yes,35,Yes,No,Fiber optic,No,No,Yes,No,No,No,Month-to-month,No,Electronic check,69.98,2444.89,No
CUST07528,Female,0,Yes,Yes,29,Yes,No,Fiber optic,No,Yes,No,Yes,No,Yes,Month-to-month,Yes,Electronic check,86.84,2399.87,No
CUST07529,Female,0,Yes,Yes,0,Yes,Yes,Fiber optic,No,No,Yes,No,No,Yes,Two year,No,Bank transfer (automatic),79.83,78.17,No
CUST07530,Male,0,No,No,14,No,No phone service,Fiber optic,No,No,Yes,No,Yes,No,Month-to-month,No,Electronic check,80.12,1094.11,Yes
CUST07531,Female,0,No,No,7,No,No phone service,Fiber optic,Yes,No,Yes,Yes,No,No,One year,Yes,Electronic check,87.04,608.32,No
CUST07532,Male,0,No,Yes,2,No,No phone service,DSL,No,No,Yes,No,Yes,No,Month-to-month,Yes,Electronic check,49.72,98.37,Yes
CUST07533,Male,0,Yes,No,8,Yes,Yes,No,No internet service,No internet service,No internet service,No internet service,No internet service,No internet service,Two year,Yes,Credit card (automatic),18.0,143.09,No
CUST07534,Male,0,Yes,Yes,20,Yes,Yes,DSL,No,No,No,No,No,No,Two year,Yes,Mailed check,42.4,808.82,No
CUST07535,Female,0,No,No,5,Yes,No,No,No internet service,No internet service,No internet service,No internet service,No internet service,No internet service,Two year,Yes,Electronic check,19.16,95.11,No
CUST07536,Female,0,Yes,No,11,Yes,No,DSL,Yes,No,No,No,No,Yes,Month-to-month,No,Credit card (automatic),55.42,602.16,No
CUST07537,Male,0,Yes,No,10,Yes,Yes,Fiber optic,Yes,No,No,No,Yes,No,Month-to-month,Yes,Mailed check,76.93,750.09,No
CUST07538,Male,0,Yes,No,1,Yes,Yes,Fiber optic,Yes,Yes,No,No,Yes,No,Month-to-month,No,Electronic check,81.29,78.52,Yes
CUST07539,Female,0,No,No,19,Yes,No,DSL,No,No,No,Yes,No,Yes,Month-to-month,No,Mailed check,55.65,1023.17,No
CUST07540,Male,0,Yes,No,19,Yes,No,Fiber optic,No,No,Yes,No,No,Yes,Month-to-month,Yes,Mailed check,83.6,1560.67,No
CUST07541,Female,0,Yes,Yes,67,Yes,Yes,Fiber optic,No,Yes,No,No,No,Yes,Month-to-month,Yes,Bank transfer (automatic),79.03,5055.96,No
CUST07542,Male,0,No,Yes,7,Yes,No,No,No internet service,No internet service,No internet service,No internet service,No internet service,No internet service,Month-to-month,Yes,Bank transfer (automatic),18.0,121.23,No
CUST07543,Female,0,Yes,No,10,Yes,No,Fiber optic,No,Yes,Yes,Yes,No,No,Two year,Yes,Mailed check,80.67,793.07,No
CUST07544,Male,0,No,No,10,Yes,No,No,No internet service,No internet service,No internet service,No internet service,No internet service,No internet service,Month-to-month,No,Electronic check,18.0,173.67,Yes
CUST07545,Female,0,No,No,50,Yes,No,DSL,Yes,Yes,Yes,Yes,Yes,No,Two year,No,Mailed check,71.62,3543.37,No
CUST07546,Male,0,Yes,Yes,10,Yes,Yes,DSL,Yes,Yes,No,No,Yes,No,Month-to-month,Yes,Mailed check,67.94,670.44,Yes
CUST07547,Female,1,No,No,11,No,No phone service,Fiber optic,No,No,No,No,No,No,Month-to-month,Yes,Mailed check,67.07,719.46,No
CUST07548,Female,0,No,Yes,5,Yes,No,Fiber optic,No,Yes,No,No,Yes,No,Month-to-month,Yes,Electronic check,79.51,393.36,No
CUST07549,Male,0,Yes,Yes,0,Yes,No,Fiber optic,No,No,No,Yes,No,Yes,Two year,Yes,Credit card (automatic),71.33,68.34,No
CUST07550,Male,1,Yes,No,2,Yes,No,Fiber optic,No,No,Yes,No,No,No,One year,Yes,Mailed check,83.92,166.28,No
CUST07551,Female,1,No,No,24,No,No phone service,No,No internet service,No internet service,No internet service,No internet service,No internet service,No internet service,One year,Yes,Electronic check,21.8,502.34,No
CUST07552,Male,0,Yes,No,22,Yes,Yes,DSL,No,No,No,Yes,Yes,No,Month-to-month,Yes,Electronic check,48.14,1042.55,No
CUST07553,Female,0,No,No,7,Yes,Yes,DSL,No,No,Yes,Yes,No,No,Month-to-month,No,Bank transfer (automatic),66.42,457.86,No
CUST07554,Male,0,No,No,12,Yes,No,No,No internet service,No internet service,No internet service,No internet service,No internet service,No internet service,Month-to-month,Yes,Bank transfer (automatic),18.0,211.78,No
CUST07555,Female,0,Yes,Yes,7,Yes,No,DSL,Yes,No,Yes,No,No,Yes,Month-to-month,Yes,Mailed check,55.43,379.18,No
CUST07556,Female,0,No,No,26,No,No phone service,Fiber optic,No,No,No,Yes,Yes,Yes,Two year,No,Bank transfer (automatic),88.76,2294.11,No
CUST07557,Female,0,Yes,No,36,Yes,Yes,Fiber optic,No,No,No,No,Yes,No,Two year,No,Electronic check,73.97,2618.67,No
CUST07558,Female,0,No,No,45,Yes,Yes,DSL,No,No,No,No,No,No,Month-to-month,Yes,Credit card (automatic),47.67,2075.76,No
CUST07559,Female,1,Yes,No,3,Yes,Yes,DSL,No,No,No,No,Yes,Yes,One year,Yes,Electronic check,65.24,193.62,No
CUST07560,Female,0,No,No,23,Yes,Yes,DSL,Yes,No,No,No,No,Yes,One year,Yes,Mailed check,65.77,1453.3,No
CUST07561,Male,0,No,No,65,Yes,Yes,DSL,Yes,No,No,No,No,Yes,Month-to-month,Yes,Bank transfer (automatic),55.7,3501.82,No
CUST07562,Male,0,No,Yes,21,Yes,No,Fiber optic,No,No,No,Yes,Yes,No,Month-to-month,Yes,Electronic check,78.05,1620.98,Yes
CUST07563,Male,0,No,Yes,8,Yes,Yes,DSL,No,No,Yes,No,No,No,Month-to-month,No,Credit card (automatic),42.64,340.6,No
CUST07564,Female,0,No,No,20,No,No phone service,DSL,No,No,No,Yes,No,No,One year,No,Electronic check,40.06,797.62,No
CUST07565,Female,0,Yes,No,23,Yes,No,Fiber optic,No,Yes,No,No,No,Yes,Month-to-month,Yes,Credit card (automatic),84.84,1883.67,No
CUST07566,Female,0,No,No,10,Yes,Yes,No,No internet service,No internet service,No internet service,No internet service,No internet service,No internet service,Two year,Yes,Mailed check,19.51,193.62,No
CUST07567,Female,0,No,No,2,Yes,No,No,No internet service,No internet service,No internet service,No internet service,No internet service,No internet service,Month-to-month,Yes,Electronic check,18.0,35.18,Yes
CUST07568,Male,0,No,No,18,Yes,Yes,No,No internet service,No internet service,No internet service,No internet service,No internet service,No internet service,Month-to-month,Yes,Credit card (automatic),21.8,381.42,No
CUST07569,Male,1,No,No,32,Yes,Yes,Fiber optic,No,No,Yes,No,No,No,Month-to-month,No,Bank transfer (automatic),72.71,2269.96,Yes
CUST07570,Female,0,Yes,No,72,Yes,Yes,DSL,Yes,No,Yes,No,No,No,One year,Yes,Electronic check,57.63,4087.57,No
CUST07571,Male,0,Yes,Yes,5,Yes,Yes,Fiber optic,Yes,No,No,No,No,No,One year,Yes,Bank transfer (automatic),75.03,365.23,No
CUST07572,Male,0,Yes,No,24,Yes,No,Fiber optic,No,No,No,Yes,No,No,One year,Yes,Electronic check,68.18,1559.66,No
CUST07573,Female,0,No,No,0,Yes,Yes,Fiber optic,Yes,No,Yes,No,No,No,Month-to-month,Yes,Credit card (automatic),76.12,72.49,Yes
CUST07574,Male,0,Yes,Yes,70,Yes,No,DSL,Yes,Yes,Yes,No,Yes,Yes,Month-to-month,No,Mailed check,73.28,4995.39,No
CUST07575,Female,0,No,No,0,Yes,No,Fiber optic,Yes,No,No,Yes,No,No,Month-to-month,Yes,Electronic check,76.56,74.43,Yes
CUST07576,Male,0,Yes,No,8,Yes,Yes,DSL,No,No,No,No,Yes,No,Month-to-month,Yes,Electronic check,46.16,365.67,No
CUST07577,Female,1,Yes,No,1,Yes,Yes,DSL,No,No,Yes,No,Yes,Yes,One year,No,Bank transfer (automatic),67.98,65.34,No
CUST07578,Female,0,Yes,No,19,Yes,Yes,Fiber optic,No,Yes,No,No,Yes,No,Month-to-month,No,Bank transfer (automatic),80.43,1496.39,No
CUST07579,Female,0,Yes,Yes,8,Yes,No,Fiber optic,No,Yes,Yes,Yes,No,Yes,Month-to-month,Yes,Credit card (automatic),94.14,738.94,No
CUST07580,Female,0,No,No,26,Yes,Yes,DSL,Yes,No,No,No,No,No,Month-to-month,No,Mailed check,55.94,1394.69,No
CUST07581,Male,0,Yes,No,13,Yes,Yes,No,No internet service,No internet service,No internet service,No internet service,No internet service,No internet service,Month-to-month,No,Electronic check,22.52,280.76,No
CUST07582,Female,0,Yes,Yes,10,Yes,No,Fiber optic,No,No,No,No,No,No,Two year,Yes,Bank transfer (automatic),66.04,651.45,No
CUST07583,Female,0,Yes,No,8,Yes,No,No,No internet service,No internet service,No internet service,No internet service,No internet service,No internet service,Two year,No,Credit card (automatic),22.3,171.51,No
CUST07584,Female,0,No,Yes,1,Yes,Yes,Fiber optic,No,Yes,No,No,No,No,Two year,No,Bank transfer (automatic),87.19,83.9,No
CUST07585,Male,0,No,No,4,Yes,No,Fiber optic,No,No,No,No,No,Yes,One year,Yes,Bank transfer (automatic),72.42,278.81,No
CUST07586,Female,0,Yes,No,20,Yes,Yes,No,No internet service,No internet service,No internet service,No internet service,No internet service,No internet service,Month-to-month,No,Bank transfer (automatic),25.29,497.75,No
CUST07587,Male,0,No,No,13,Yes,No,No,No internet service,No internet service,No internet service,No internet service,No internet service,No internet service,One year,Yes,Electronic check,25.19,321.94,No
CUST07588,Female,0,Yes,No,1,Yes,No,DSL,Yes,Yes,Yes,Yes,Yes,No,Month-to-month,No,Credit card (automatic),66.4,66.26,Yes
CUST07589,Male,0,Yes,No,15,Yes,No,DSL,No,Yes,No,No,No,Yes,Two year,Yes,Bank transfer (automatic),46.75,682.64,No
CUST07590,Male,0,No,Yes,1,Yes,No,DSL,No,No,No,No,No,Yes,Two year,Yes,Mailed check,49.39,47.45,No
CUST07591,Female,0,Yes,No,14,Yes,No,Fiber optic,No,No,No,No,No,Yes,One year,No,Bank transfer (automatic),68.4,930.08,No
CUST07592,Male,0,No,Yes,67,Yes,No,Fiber optic,No,No,Yes,Yes,No,No,Month-to-month,Yes,Credit card (automatic),66.0,4316.47,No
CUST07593,Female,0,Yes,Yes,7,Yes,Yes,Fiber optic,No,No,Yes,No,No,No,Two year,Yes,Credit card (automatic),71.49,480.3,No
CUST07594,Female,0,No,No,25,Yes,No,DSL,No,No,Yes,No,Yes,Yes,One year,Yes,Electronic check,60.49,1494.73,No
CUST07595,Female,1,Yes,No,27,Yes,No,Fiber optic,No,No,No,No,No,Yes,One year,Yes,Electronic check,83.4,2150.07,No
CUST07596,Male,0,No,No,10,Yes,Yes,Fiber optic,No,No,Yes,No,Yes,Yes,Month-to-month,Yes,Electronic check,79.43,755.62,Yes
CUST07597,Male,1,No,Yes,17,Yes,Yes,Fiber optic,No,No,No,No,Yes,No,Month-to-month,No,Bank transfer (automatic),74.18,1208.5,No
CUST07598,Female,1,Yes,No,12,Yes,No,Fiber optic,No,Yes,No,No,Yes,No,Month-to-month,No,Mailed check,83.33,951.68,No
CUST07599,Female,0,No,No,6,Yes,No,Fiber optic,No,Yes,No,No,No,Yes,Month-to-month,Yes,Mailed check,71.88,412.2,No
CUST07600,Male,0,Yes,Yes,28,Yes,Yes,Fiber optic,No,No,No,No,Yes,No,One year,No,Electronic check,74.48,1989.47,No
CUST07601,Female,1,No,No,24,Yes,No,No,No internet service,No internet service,No internet service,No internet service,No internet service,No internet service,Two year,Yes,Electronic check,18.56,438.56,No
CUST07602,Female,0,Yes,Yes,46,Yes,No,Fiber optic,Yes,No,Yes,No,No,No,Month-to-month,Yes,Electronic check,71.24,3232.16,No
CUST07603,Female,0,Yes,No,19,No,No phone service,Fiber optic,No,No,No,Yes,No,Yes,One year,Yes,Bank transfer (automatic),76.68,1407.89,No
CUST07604,Male,0,No,No,9,Yes,Yes,DSL,No,No,No,No,Yes,Yes,Month-to-month,No,Bank transfer (automatic),48.14,415.89,No
CUST07605,Male,0,Yes,No,25,Yes,No,DSL,No,Yes,Yes,Yes,Yes,Yes,Month-to-month,No,Electronic check,71.67,1770.96,No
CUST07606,Male,0,No,Yes,19,Yes,Yes,No,No internet service,No internet service,No internet service,No internet service,No internet service,No internet service,Two year,Yes,Bank transfer (automatic),19.22,349.81,No
CUST07607,Female,0,Yes,Yes,19,Yes,No,Fiber optic,No,No,Yes,No,Yes,Yes,One year,No,Credit card (automatic),84.89,1563.74,No
CUST07608,Female,0,Yes,Yes,37,Yes,No,No,No internet service,No internet service,No internet service,No internet service,No internet service,No internet service,Month-to-month,Yes,Electronic check,19.18,694.41,Yes
CUST07609,Female,0,No,Yes,48,Yes,Yes,No,No internet service,No internet service,No internet service,No internet service,No internet service,No internet service,Month-to-month,Yes,Bank transfer (automatic),18.0,844.63,No
CUST07610,Male,1,No,Yes,3,Yes,No,DSL,Yes,No,No,No,No,No,Month-to-month,No,Bank transfer (automatic),50.61,147.49,No
CUST07611,Female,0,Yes,No,7,Yes,No,No,No internet service,No internet service,No internet service,No internet service,No internet service,No internet service,Month-to-month,No,Mailed check,21.25,145.43,No
CUST07612,Female,0,Yes,Yes,21,Yes,No,DSL,Yes,No,Yes,Yes,No,No,Month-to-month,Yes,Electronic check,56.34,1163.42,No
CUST07613,Female,0,Yes,No,16,Yes,No,DSL,No,Yes,Yes,No,No,No,Month-to-month,Yes,Electronic check,57.66,887.71,No
CUST07614,Female,0,Yes,No,21,Yes,Yes,Fiber optic,Yes,Yes,No,Yes,No,Yes,Two year,No,Electronic check,82.59,1681.59,No
CUST07615,Male,0,Yes,Yes,11,Yes,No,Fiber optic,No,No,Yes,No,No,No,Month-to-month,Yes,Mailed check,76.94,833.1,No
CUST07616,Male,1,Yes,No,10,Yes,No,No,No internet service,No internet service,No internet service,No internet service,No internet service,No internet service,Month-to-month,Yes,Mailed check,26.81,256.39,No
CUST07617,Female,0,No,Yes,2,Yes,Yes,Fiber optic,No,Yes,No,No,No,No,One year,Yes,Mailed check,75.4,145.85,No
CUST07618,Male,0,No,No,19,No,No phone service,Fiber optic,Yes,No,Yes,No,No,No,Two year,No,Bank transfer (automatic),72.61,1312.8,No
CUST07619,Male,0,Yes,No,3,Yes,No,DSL,Yes,No,No,No,No,Yes,Two year,Yes,Electronic check,53.14,153.12,No
CUST07620,Female,0,Yes,Yes,22,Yes,No,Fiber optic,No,Yes,Yes,No,No,Yes,Two year,No,Electronic check,84.48,1803.64,No
CUST07621,Female,1,Yes,No,68,Yes,No,DSL,No,Yes,No,No,No,No,Month-to-month,Yes,Electronic check,40.24,2636.1,No
CUST07622,Male,0,No,Yes,5,Yes,No,DSL,Yes,No,No,No,No,Yes,Month-to-month,No,Electronic check,57.48,284.32,No
CUST07623,Female,0,No,No,3,Yes,No,Fiber optic,Yes,Yes,No,Yes,Yes,No,Two year,No,Electronic check,95.75,278.78,No
CUST07624,Male,0,No,No,0,Yes,No,No,No internet service,No internet service,No internet service,No internet service,No internet service,No internet service,Two year,No,Mailed check,25.48,24.61,No
CUST07625,Female,1,No,Yes,9,Yes,No,Fiber optic,No,Yes,Yes,No,Yes,No,One year,Yes,Credit card (automatic),78.61,705.51,No
CUST07626,Male,0,No,No,4,Yes,No,DSL,Yes,Yes,No,No,No,Yes,Month-to-month,No,Mailed check,62.53,245.56,No
CUST07627,Female,0,Yes,Yes,13,Yes,No,DSL,Yes,Yes,No,No,Yes,Yes,Month-to-month,Yes,Electronic check,73.78,945.21,Yes
CUST07628,Male,0,Yes,Yes,14,Yes,No,DSL,No,No,Yes,No,No,No,Two year,Yes,Credit card (automatic),46.85,651.54,No
CUST07629,Male,1,No,Yes,8,Yes,No,DSL,No,Yes,No,Yes,No,No,Month-to-month,Yes,Electronic check,59.27,457.7,No
CUST07630,Male,0,Yes,No,27,Yes,No,Fiber optic,Yes,No,No,No,No,Yes,One year,Yes,Mailed check,76.07,2007.9,No
CUST07631,Female,0,No,No,47,No,No phone service,Fiber optic,Yes,No,No,Yes,Yes,No,Two year,Yes,Credit card (automatic),89.13,4065.98,No
CUST07632,Male,0,No,No,4,Yes,No,DSL,Yes,No,Yes,No,Yes,No,One year,Yes,Mailed check,55.03,212.27,Yes
CUST07633,Male,0,No,No,36,Yes,No,DSL,No,Yes,No,No,No,Yes,Month-to-month,Yes,Credit card (automatic),55.55,1900.84,No
CUST07634,Female,0,Yes,Yes,2,Yes,No,No,No internet service,No internet service,No internet service,No internet service,No internet service,No internet service,Month-to-month,No,Electronic check,24.14,46.2,Yes
CUST07635,Female,0,No,No,5,Yes,Yes,No,No internet service,No internet service,No internet service,No internet service,No internet service,No internet service,Month-to-month,Yes,Credit card (automatic),22.15,109.7,No
CUST07636,Male,1,No,No,16,Yes,No,DSL,No,Yes,No,No,Yes,No,One year,Yes,Bank transfer (automatic),54.89,840.39,No
CUST07637,Male,0,No,No,7,Yes,Yes,Fiber optic,Yes,No,No,No,Yes,No,Month-to-month,Yes,Electronic check,81.39,567.04,Yes
CUST07638,Female,1,No,No,0,Yes,No,Fiber optic,No,Yes,No,Yes,No,Yes,Month-to-month,Yes,Bank transfer (automatic),87.4,84.22,Yes
CUST07639,Female,0,No,No,6,Yes,Yes,Fiber optic,No,No,Yes,No,No,No,Month-to-month,Yes,Mailed check,71.1,415.15,No
CUST07640,Female,0,Yes,Yes,47,Yes,Yes,No,No internet service,No internet service,No internet service,No internet service,No internet service,No internet service,Month-to-month,Yes,Credit card (automatic),18.0,840.31,No
CUST07641,Female,0,Yes,Yes,3,Yes,Yes,Fiber optic,No,No,No,No,No,No,Two year,Yes,Mailed check,63.65,184.72,No
CUST07642,Female,0,Yes,No,28,Yes,Yes,Fiber optic,Yes,Yes,No,Yes,No,No,Two year,No,Electronic check,84.45,2273.56,No
CUST07643,Male,1,Yes,No,25,Yes,Yes,No,No internet service,No internet service,No internet service,No internet service,No internet service,No internet service,Month-to-month,No,Electronic check,27.96,665.15,No
CUST07644,Female,0,No,No,2,Yes,No,Fiber optic,No,No,No,No,No,Yes,Two year,Yes,Mailed check,66.74,133.15,No
CUST07645,Male,0,No,No,7,Yes,No,No,No internet service,No internet service,No internet service,No internet service,No internet service,No internet service,One year,No,Credit card (automatic),18.0,122.25,No
CUST07646,Male,0,Yes,Yes,4,Yes,No,Fiber optic,No,Yes,Yes,No,No,No,One year,No,Bank transfer (automatic),88.51,352.09,Yes
CUST07647,Male,0,Yes,No,0,Yes,Yes,No,No internet service,No internet service,No internet service,No internet service,No internet service,No internet service,One year,No,Bank transfer (automatic),20.15,19.58,No
CUST07648,Female,0,Yes,No,3,Yes,No,No,No internet service,No internet service,No internet service,No internet service,No internet service,No internet service,One year,Yes,Credit card (automatic),18.0,53.68,No
CUST07649,Male,0,No,No,4,Yes,No,Fiber optic,Yes,Yes,No,Yes,Yes,No,Month-to-month,Yes,Bank transfer (automatic),89.29,341.16,No
CUST07650,Male,1,Yes,No,3,Yes,Yes,DSL,Yes,No,No,No,Yes,No,One year,No,Bank transfer (automatic),51.99,151.61,No
CUST07651,Female,0,Yes,No,1,No,No phone service,No,No internet service,No internet service,No internet service,No internet service,No internet service,No internet service,Two year,No,Electronic check,18.02,17.52,No
CUST07652,Male,0,Yes,No,14,Yes,No,No,No internet service,No internet service,No internet service,No internet service,No internet service,No internet service,Month-to-month,Yes,Electronic check,21.29,297.67,No
CUST07653,Male,0,Yes,No,7,Yes,No,Fiber optic,Yes,No,Yes,Yes,No,No,Month-to-month,Yes,Credit card (automatic),83.93,572.62,No
CUST07654,Female,1,No,No,47,Yes,No,DSL,No,No,No,Yes,No,Yes,Month-to-month,No,Mailed check,57.71,2590.95,No
CUST07655,Male,0,Yes,Yes,4,Yes,No,No,No internet service,No internet service,No internet service,No internet service,No internet service,No internet service,Month-to-month,Yes,Credit card (automatic),18.0,71.67,No
CUST07656,Male,0,Yes,No,18,No,No phone service,Fiber optic,Yes,Yes,No,Yes,Yes,Yes,Month-to-month,No,Electronic check,97.99,1759.38,No
CUST07657,Male,0,Yes,Yes,46,Yes,No,Fiber optic,Yes,Yes,No,No,No,Yes,One year,No,Mailed check,83.53,3728.67,No
CUST07658,Female,0,No,No,0,Yes,No,No,No internet service,No internet service,No internet service,No internet service,No internet service,No internet service,Month-to-month,Yes,Electronic check,27.57,27.29,Yes
CUST07659,Female,0,No,Yes,14,Yes,No,Fiber optic,Yes,Yes,Yes,Yes,No,Yes,Month-to-month,Yes,Electronic check,100.29,1338.74,Yes
CUST07660,Female,1,Yes,No,11,Yes,No,No,No internet service,No internet service,No internet service,No internet service,No internet service,No internet service,Two year,No,Credit card (automatic),23.94,255.51,No
CUST07661,Male,0,Yes,No,52,Yes,No,Fiber optic,No,Yes,No,Yes,No,Yes,One year,No,Credit card (automatic),85.23,4323.6,No
CUST07662,Male,0,No,Yes,21,Yes,No,No,No internet service,No internet service,No internet service,No internet service,No internet service,No internet service,Month-to-month,Yes,Credit card (automatic),18.0,375.57,No
CUST07663,Female,0,Yes,Yes,8,Yes,No,Fiber optic,No,No,No,No,No,No,Month-to-month,Yes,Mailed check,66.07,504.8,Yes
CUST07664,Male,0,No,No,24,Yes,No,No,No internet service,No internet service,No internet service,No internet service,No internet service,No internet service,One year,No,Credit card (automatic),18.0,419.18,Yes
CUST07665,Male,0,Yes,No,17,Yes,No,Fiber optic,Yes,No,Yes,Yes,No,Yes,Two year,Yes,Electronic check,93.33,1547.97,No
CUST07666,Female,0,Yes,Yes,8,Yes,Yes,Fiber optic,Yes,No,No,No,No,Yes,Month-to-month,Yes,Credit card (automatic),78.54,617.84,No
CUST07667,Female,0,No,Yes,30,Yes,Yes,DSL,No,Yes,Yes,No,No,No,Two year,Yes,Bank transfer (automatic),59.69,1710.41,No
CUST07668,Male,0,No,No,22,Yes,Yes,Fiber optic,No,No,Yes,No,Yes,No,Two year,No,Bank transfer (automatic),80.64,1710.33,No
CUST07669,Male,0,No,No,0,Yes,Yes,Fiber optic,No,Yes,No,No,No,No,Two year,Yes,Credit card (automatic),72.41,68.95,No
CUST07670,Male,0,Yes,Yes,40,Yes,No,No,No internet service,No internet service,No internet service,No internet service,No internet service,No internet service,Month-to-month,Yes,Bank transfer (automatic),19.42,743.71,No
CUST07671,Female,1,Yes,No,10,Yes,No,Fiber optic,No,No,Yes,No,No,No,Month-to-month,No,Mailed check,74.84,729.51,No
CUST07672,Female,0,Yes,No,20,Yes,Yes,No,No internet service,No internet service,No internet service,No internet service,No internet service,No internet service,Month-to-month,No,Mailed check,19.26,370.47,No
CUST07673,Female,0,No,Yes,10,Yes,No,Fiber optic,No,No,No,No,No,Yes,Month-to-month,Yes,Electronic check,69.12,673.21,No
CUST07674,Female,0,No,No,42,Yes,No,DSL,No,No,Yes,Yes,No,No,Month-to-month,No,Mailed check,53.74,2233.31,No
CUST07675,Male,0,Yes,Yes,21,Yes,Yes,DSL,Yes,Yes,No,No,Yes,No,Month-to-month,No,Bank transfer (automatic),60.41,1229.19,No
CUST07676,Female,0,No,Yes,17,Yes,Yes,DSL,No,No,No,No,No,No,One year,Yes,Electronic check,41.88,702.1,No
CUST07677,Female,0,No,Yes,72,Yes,Yes,DSL,No,No,No,No,No,No,Month-to-month,Yes,Credit card (automatic),45.14,3212.14,Yes
CUST07678,Female,0,Yes,No,6,Yes,Yes,Fiber optic,No,No,No,No,No,No,Month-to-month,Yes,Electronic check,71.44,418.74,No
CUST07679,Female,0,No,No,1,Yes,No,Fiber optic,Yes,No,No,No,Yes,No,Two year,Yes,Credit card (automatic),82.81,79.8,No
CUST07680,Female,0,Yes,No,14,Yes,No,Fiber optic,No,No,No,No,No,No,Month-to-month,No,Mailed check,70.08,971.19,No
CUST07681,Male,0,Yes,Yes,11,Yes,No,Fiber optic,No,No,No,No,No,No,Month-to-month,Yes,Electronic check,65.72,700.45,No
CUST07682,Male,0,No,Yes,12,Yes,No,Fiber optic,Yes,Yes,No,Yes,No,No,One year,Yes,Electronic check,80.47,945.84,No
CUST07683,Female,0,Yes,No,19,No,No phone service,DSL,No,No,No,No,No,No,Two year,Yes,Bank transfer (automatic),50.02,926.27,No
CUST07684,Male,0,Yes,Yes,19,Yes,No,DSL,No,No,Yes,No,No,Yes,Two year,Yes,Credit card (automatic),57.83,1078.23,No
CUST07685,Female,0,No,No,9,No,No phone service,Fiber optic,Yes,Yes,No,No,No,Yes,Month-to-month,Yes,Electronic check,79.97,714.41,No
CUST07686,Female,0,No,No,39,No,No phone service,DSL,No,Yes,No,No,Yes,Yes,Two year,Yes,Credit card (automatic),57.57,2172.77,No
CUST07687,Male,0,No,No,21,Yes,No,Fiber optic,No,No,No,Yes,Yes,No,Month-to-month,Yes,Electronic check,86.82,1815.59,No
CUST07688,Male,0,No,Yes,44,Yes,No,DSL,Yes,Yes,No,No,Yes,No,One year,No,Mailed check,55.81,2346.21,No
CUST07689,Female,1,Yes,No,48,No,No phone service,Fiber optic,No,No,No,No,Yes,Yes,Month-to-month,Yes,Mailed check,95.54,4416.45,Yes
CUST07690,Female,0,No,Yes,3,Yes,No,Fiber optic,No,No,No,No,No,No,One year,Yes,Credit card (automatic),72.55,216.77,Yes
CUST07691,Female,0,No,No,22,Yes,Yes,Fiber optic,No,Yes,Yes,Yes,No,Yes,Month-to-month,Yes,Bank transfer (automatic),91.48,1918.38,No
CUST07692,Male,0,Yes,No,7,Yes,No,DSL,No,Yes,Yes,Yes,No,No,One year,No,Electronic check,64.7,440.73,No
CUST07693,Female,0,No,No,36,Yes,No,DSL,No,Yes,No,No,No,No,One year,Yes,Bank transfer (automatic),47.08,1632.16,No
CUST07694,Female,1,Yes,No,26,Yes,No,Fiber optic,No,No,No,No,No,No,Month-to-month,Yes,Credit card (automatic),75.31,1937.35,No
CUST07695,Female,0,Yes,No,4,Yes,Yes,No,No internet service,No internet service,No internet service,No internet service,No internet service,No internet service,Month-to-month,Yes,Electronic check,23.68,90.4,Yes
CUST07696,Male,0,No,Yes,55,Yes,No,DSL,No,No,No,Yes,No,No,One year,Yes,Bank transfer (automatic),52.1,2740.4,No
CUST07697,Female,0,No,Yes,23,Yes,No,DSL,Yes,No,No,No,No,Yes,Month-to-month,Yes,Electronic check,57.46,1265.91,No
CUST07698,Female,0,Yes,No,59,Yes,No,DSL,No,Yes,No,No,No,No,Month-to-month,Yes,Electronic check,59.58,3394.93,No
CUST07699,Male,0,Yes,No,4,Yes,No,Fiber optic,No,Yes,No,Yes,No,No,One year,No,Credit card (automatic),85.66,340.2,No
CUST07700,Female,0,No,No,40,Yes,No,No,No internet service,No internet service,No internet service,No internet service,No internet service,No internet service,Two year,No,Credit card (automatic),18.0,715.51,No
CUST07701,Female,1,Yes,No,22,No,No phone service,DSL,No,No,Yes,No,No,No,Month-to-month,No,Credit card (automatic),47.17,996.31,Yes
CUST07702,Male,0,Yes,Yes,16,Yes,Yes,Fiber optic,No,Yes,No,No,No,Yes,Month-to-month,Yes,Electronic check,84.85,1324.99,Yes
CUST07703,Female,0,No,No,34,Yes,No,Fiber optic,No,Yes,No,Yes,No,No,Month-to-month,No,Mailed check,80.4,2687.83,No
CUST07704,Male,1,No,No,20,Yes,Yes,No,No internet service,No internet service,No internet service,No internet service,No internet service,No internet service,Month-to-month,No,Bank transfer (automatic),21.2,411.54,Yes
CUST07705,Male,0,No,Yes,22,No,No phone service,Fiber optic,Yes,Yes,Yes,Yes,Yes,Yes,Month-to-month,Yes,Bank transfer (automatic),99.0,2172.47,No
CUST07706,Female,1,No,No,5,Yes,No,DSL,No,Yes,No,No,No,No,One year,Yes,Electronic check,47.98,234.48,Yes
CUST07707,Female,1,No,No,33,Yes,No,Fiber optic,No,Yes,No,No,No,Yes,One year,Yes,Mailed check,82.93,2659.38,No
CUST07708,Female,0,No,No,21,Yes,No,No,No internet service,No internet service,No internet service,No internet service,No internet service,No internet service,Month-to-month,Yes,Electronic check,20.81,428.82,No
CUST07709,Female,0,Yes,No,37,Yes,No,No,No internet service,No internet service,No internet service,No internet service,No internet service,No internet service,One year,No,Electronic check,18.0,660.06,No
CUST07710,Male,0,No,No,8,Yes,Yes,Fiber optic,No,No,No,No,No,No,Month-to-month,No,Credit card (automatic),67.13,517.17,No
CUST07711,Female,1,Yes,No,8,Yes,No,DSL,Yes,No,Yes,Yes,No,No,Month-to-month,Yes,Electronic check,65.24,519.87,No
CUST07712,Male,0,Yes,No,0,Yes,Yes,Fiber optic,No,No,Yes,No,Yes,Yes,Month-to-month,Yes,Mailed check,83.46,80.62,Yes
CUST07713,Female,0,Yes,No,29,Yes,No,No,No internet service,No internet service,No internet service,No internet service,No internet service,No internet service,Month-to-month,Yes,Mailed check,19.44,553.45,No
CUST07714,Female,1,No,Yes,8,Yes,Yes,Fiber optic,No,Yes,Yes,No,No,No,Month-to-month,No,Electronic check,86.24,680.18,No
CUST07715,Female,1,Yes,Yes,7,Yes,No,Fiber optic,No,No,No,Yes,Yes,Yes,One year,No,Credit card (automatic),86.8,604.64,No
CUST07716,Male,0,Yes,Yes,23,Yes,No,DSL,No,Yes,No,No,Yes,No,Two year,Yes,Mailed check,55.11,1243.88,No
CUST07717,Female,0,No,No,5,Yes,Yes,DSL,Yes,No,No,No,No,No,Two year,Yes,Mailed check,42.39,211.31,No
CUST07718,Female,1,No,No,47,Yes,No,Fiber optic,Yes,No,No,No,No,Yes,Month-to-month,Yes,Mailed check,82.34,3814.44,No
CUST07719,Female,0,No,Yes,15,Yes,No,DSL,Yes,No,Yes,Yes,No,Yes,Month-to-month,Yes,Bank transfer (automatic),60.0,890.68,No
CUST07720,Female,1,Yes,Yes,69,Yes,Yes,Fiber optic,No,No,Yes,No,Yes,Yes,Two year,Yes,Bank transfer (automatic),87.86,5995.21,No
CUST07721,Male,0,Yes,No,1,Yes,Yes,Fiber optic,Yes,No,No,Yes,Yes,No,Month-to-month,No,Bank transfer (automatic),75.57,74.07,Yes
CUST07722,Female,0,No,No,8,Yes,No,DSL,No,No,No,No,No,No,One year,Yes,Electronic check,39.25,312.3,No
CUST07723,Male,0,Yes,No,9,Yes,Yes,No,No internet service,No internet service,No internet service,No internet service,No internet service,No internet service,Two year,Yes,Mailed check,21.45,186.64,No
CUST07724,Male,0,No,No,26,Yes,Yes,DSL,Yes,No,No,Yes,No,Yes,Two year,Yes,Bank transfer (automatic),66.31,1656.12,No
CUST07725,Male,0,Yes,No,4,Yes,No,Fiber optic,No,No,No,No,Yes,Yes,Month-to-month,Yes,Credit card (automatic),69.26,265.51,No
CUST07726,Male,0,No,No,9,Yes,No,DSL,No,No,No,Yes,No,Yes,Two year,Yes,Electronic check,56.46,496.13,No
CUST07727,Male,0,Yes,No,48,Yes,No,DSL,No,Yes,No,No,No,Yes,One year,Yes,Credit card (automatic),56.8,2716.06,No
CUST07728,Male,0,Yes,Yes,2,No,No phone service,No,No internet service,No internet service,No internet service,No internet service,No internet service,No internet service,One year,Yes,Credit card (automatic),25.52,49.96,No
CUST07729,Female,0,No,No,27,Yes,Yes,Fiber optic,Yes,No,No,No,No,No,One year,Yes,Bank transfer (automatic),78.46,2105.33,No
CUST07730,Male,0,Yes,Yes,24,Yes,Yes,DSL,No,No,Yes,No,No,No,Month-to-month,No,Mailed check,46.97,1078.98,Yes
CUST07731,Male,0,Yes,Yes,2,Yes,Yes,DSL,No,Yes,Yes,No,No,No,Month-to-month,No,Mailed check,49.53,97.68,Yes
CUST07732,Male,0,No,No,23,Yes,No,No,No internet service,No internet service,No internet service,No internet service,No internet service,No internet service,Two year,Yes,Mailed check,18.0,413.66,No
CUST07733,Female,0,Yes,No,16,Yes,Yes,Fiber optic,No,No,No,No,No,Yes,Month-to-month,Yes,Mailed check,64.97,1015.9,No
CUST07734,Female,0,Yes,No,6,Yes,No,Fiber optic,Yes,No,Yes,No,No,Yes,Month-to-month,Yes,Bank transfer (automatic),79.46,471.89,No
CUST07735,Male,0,Yes,No,7,Yes,No,DSL,No,Yes,No,No,No,No,Month-to-month,Yes,Mailed check,59.27,405.06,Yes
CUST07736,Female,0,Yes,No,35,Yes,Yes,No,No internet service,No internet service,No internet service,No internet service,No internet service,No internet service,Month-to-month,No,Mailed check,31.9,1109.09,No
CUST07737,Male,1,Yes,Yes,5,Yes,No,DSL,No,No,No,No,No,No,One year,Yes,Bank transfer (automatic),40.55,198.59,No
CUST07738,Male,1,No,Yes,14,Yes,Yes,DSL,No,Yes,No,No,Yes,No,Two year,Yes,Electronic check,53.89,724.17,No
CUST07739,Female,0,No,No,22,No,No phone service,Fiber optic,No,Yes,No,Yes,Yes,No,Month-to-month,Yes,Bank transfer (automatic),91.71,1940.2,No
CUST07740,Male,1,Yes,No,2,Yes,Yes,No,No internet service,No internet service,No internet service,No internet service,No internet service,No internet service,One year,Yes,Credit card (automatic),18.0,34.84,No
CUST07741,Female,0,Yes,No,53,No,No phone service,Fiber optic,No,No,Yes,No,Yes,Yes,One year,Yes,Electronic check,96.05,5082.77,No
CUST07742,Female,0,No,No,6,Yes,No,Fiber optic,Yes,Yes,No,No,Yes,Yes,One year,No,Credit card (automatic),96.67,569.17,No
CUST07743,Male,0,No,Yes,7,Yes,Yes,Fiber optic,Yes,No,No,No,Yes,No,Month-to-month,Yes,Mailed check,80.86,551.41,No
CUST07744,Male,0,Yes,Yes,21,Yes,No,DSL,No,No,No,No,No,No,One year,Yes,Credit card (automatic),46.36,942.76,Yes
CUST07745,Female,0,No,No,1,Yes,No,No,No internet service,No internet service,No internet service,No internet service,No internet service,No internet service,Two year,Yes,Mailed check,26.4,26.24,No
CUST07746,Male,0,No,No,19,Yes,Yes,No,No internet service,No internet service,No internet service,No internet service,No internet service,No internet service,Month-to-month,Yes,Bank transfer (automatic),20.04,367.49,No
CUST07747,Male,0,Yes,No,49,Yes,No,DSL,No,No,Yes,No,No,No,One year,Yes,Mailed check,42.2,2013.21,No
CUST07748,Male,0,Yes,No,5,Yes,Yes,Fiber optic,No,Yes,Yes,Yes,No,No,Two year,Yes,Bank transfer (automatic),83.87,401.24,No
CUST07749,Female,0,Yes,No,8,Yes,Yes,No,No internet service,No internet service,No internet service,No internet service,No internet service,No internet service,Two year,No,Bank transfer (automatic),26.98,209.15,No
CUST07750,Female,0,No,Yes,5,Yes,No,Fiber optic,No,No,No,No,Yes,Yes,One year,No,Credit card (automatic),78.68,390.98,No
CUST07751,Male,0,No,No,34,Yes,No,Fiber optic,Yes,No,Yes,Yes,Yes,No,Two year,No,Electronic check,93.06,3017.31,No
CUST07752,Female,0,No,No,3,Yes,Yes,DSL,No,Yes,Yes,No,No,No,Month-to-month,No,Credit card (automatic),53.84,153.77,No
CUST07753,Female,0,Yes,No,8,Yes,Yes,DSL,Yes,Yes,No,No,Yes,No,Two year,No,Electronic check,65.98,512.88,No
CUST07754,Female,0,No,No,18,Yes,Yes,DSL,No,Yes,No,Yes,No,Yes,Month-to-month,Yes,Bank transfer (automatic),61.58,1090.06,No
CUST07755,Female,1,No,No,10,Yes,No,Fiber optic,No,Yes,No,Yes,No,No,Month-to-month,Yes,Mailed check,85.9,817.61,No
CUST07756,Female,0,No,No,1,Yes,No,No,No internet service,No internet service,No internet service,No internet service,No internet service,No internet service,Month-to-month,No,Electronic check,19.76,19.24,Yes
CUST07757,Male,0,Yes,Yes,59,Yes,No,No,No internet service,No internet service,No internet service,No internet service,No internet service,No internet service,Month-to-month,Yes,Electronic check,24.51,1376.61,Yes
CUST07758,Male,0,No,Yes,8,Yes,Yes,DSL,No,Yes,No,No,No,No,Month-to-month,Yes,Mailed check,47.13,370.74,No
CUST07759,Male,0,Yes,No,11,Yes,No,Fiber optic,No,No,Yes,Yes,No,No,Month-to-month,Yes,Electronic check,83.17,901.47,Yes
CUST07760,Female,0,No,No,3,Yes,No,No,No internet service,No internet service,No internet service,No internet service,No internet service,No internet service,Month-to-month,Yes,Credit card (automatic),24.1,71.94,No
CUST07761,Female,0,No,Yes,40,Yes,Yes,Fiber optic,No,No,No,Yes,No,No,Month-to-month,Yes,Electronic check,81.61,3255.29,Yes
CUST07762,Male,0,Yes,Yes,6,Yes,No,DSL,No,Yes,Yes,No,No,No,Two year,Yes,Mailed check,53.97,320.4,No
CUST07763,Female,0,No,No,0,Yes,No,Fiber optic,No,Yes,No,No,No,No,Month-to-month,Yes,Mailed check,74.44,72.64,Yes
CUST07764,Male,0,Yes,No,7,Yes,No,Fiber optic,No,No,No,No,Yes,Yes,Month-to-month,Yes,Mailed check,72.9,490.18,No
CUST07765,Male,0,No,Yes,72,Yes,No,DSL,Yes,No,Yes,Yes,No,Yes,One year,No,Electronic check,70.68,5009.51,No
CUST07766,Male,0,Yes,No,3,Yes,No,Fiber optic,No,Yes,Yes,No,No,Yes,Month-to-month,Yes,Credit card (automatic),77.88,233.38,No
CUST07767,Female,0,No,No,0,No,No phone service,Fiber optic,Yes,No,Yes,Yes,Yes,No,Two year,No,Electronic check,77.06,76.55,No
CUST07768,Female,0,No,No,17,Yes,Yes,Fiber optic,No,Yes,No,Yes,Yes,No,Two year,No,Bank transfer (automatic),85.2,1418.69,No
CUST07769,Male,0,Yes,Yes,9,Yes,Yes,Fiber optic,No,No,No,No,Yes,No,Month-to-month,No,Mailed check,72.13,646.4,No
CUST07770,Male,0,No,No,31,Yes,No,No,No internet service,No internet service,No internet service,No internet service,No internet service,No internet service,Two year,No,Electronic check,24.94,748.87,No
CUST07771,Male,0,Yes,No,26,Yes,No,DSL,No,Yes,No,No,Yes,No,One year,Yes,Electronic check,59.79,1521.37,No
CUST07772,Male,0,Yes,Yes,4,Yes,Yes,DSL,No,Yes,Yes,No,No,Yes,Month-to-month,No,Electronic check,49.89,194.52,No
CUST07773,Female,0,No,No,16,Yes,No,Fiber optic,No,No,Yes,No,No,No,One year,No,Bank transfer (automatic),79.64,1243.47,No
CUST07774,Female,1,No,Yes,0,Yes,No,Fiber optic,No,No,No,No,Yes,No,One year,Yes,Credit card (automatic),69.69,69.6,No
CUST07775,Male,0,No,No,11,No,No phone service,No,No internet service,No internet service,No internet service,No internet service,No internet service,No internet service,One year,Yes,Mailed check,21.62,228.79,No
CUST07776,Male,1,No,No,25,Yes,No,Fiber optic,No,No,No,No,Yes,No,One year,Yes,Electronic check,84.76,2017.7,No
CUST07777,Female,0,No,Yes,10,Yes,No,Fiber optic,No,No,Yes,No,No,No,Month-to-month,Yes,Electronic check,73.82,701.59,No
CUST07778,Female,0,No,Yes,2,Yes,No,Fiber optic,No,No,No,No,Yes,Yes,Two year,No,Credit card (automatic),83.46,160.3,No
CUST07779,Male,0,No,No,1,Yes,No,DSL,No,No,No,No,Yes,Yes,Two year,Yes,Electronic check,56.31,55.09,No
CUST07780,Male,0,No,Yes,38,Yes,No,Fiber optic,No,No,No,Yes,No,Yes,One year,No,Bank transfer (automatic),78.22,2939.89,No
CUST07781,Male,0,Yes,No,44,Yes,No,DSL,No,Yes,Yes,No,No,No,Month-to-month,Yes,Mailed check,54.11,2291.08,No
CUST07782,Female,0,Yes,No,8,No,No phone service,Fiber optic,No,No,No,Yes,No,Yes,One year,Yes,Bank transfer (automatic),75.26,577.45,No
CUST07783,Female,0,No,No,3,Yes,No,DSL,Yes,No,No,Yes,No,Yes,One year,No,Bank transfer (automatic),58.35,169.76,No
CUST07784,Female,0,No,No,72,Yes,No,No,No internet service,No internet service,No internet service,No internet service,No internet service,No internet service,Two year,Yes,Credit card (automatic),26.01,1845.17,No
CUST07785,Male,0,No,No,15,Yes,Yes,No,No internet service,No internet service,No internet service,No internet service,No internet service,No internet service,Two year,Yes,Electronic check,22.75,327.91,No
CUST07786,Male,1,Yes,Yes,12,Yes,No,DSL,No,No,No,No,No,No,Two year,No,Bank transfer (automatic),47.25,556.72,No
CUST07787,Female,0,No,Yes,27,Yes,Yes,Fiber optic,Yes,No,No,Yes,Yes,Yes,Month-to-month,No,Electronic check,99.24,2609.75,No
CUST07788,Female,0,Yes,Yes,3,Yes,No,No,No internet service,No internet service,No internet service,No internet service,No internet service,No internet service,Two year,Yes,Electronic check,26.88,77.09,No
CUST07789,Male,0,No,No,17,Yes,No,Fiber optic,No,No,No,No,No,Yes,Month-to-month,No,Bank transfer (automatic),75.28,1243.21,No
CUST07790,Female,0,Yes,No,44,Yes,Yes,No,No internet service,No internet service,No internet service,No internet service,No internet service,No internet service,Month-to-month,Yes,Bank transfer (automatic),18.0,763.68,No
CUST07791,Female,0,Yes,No,0,Yes,Yes,DSL,Yes,Yes,No,No,No,No,Month-to-month,Yes,Mailed check,52.17,51.02,Yes
CUST07792,Male,1,No,No,22,Yes,Yes,DSL,No,No,No,No,No,No,Two year,Yes,Bank transfer (automatic),36.89,798.87,No
CUST07793,Female,0,No,No,16,Yes,Yes,Fiber optic,No,No,Yes,No,No,No,Two year,No,Bank transfer (automatic),73.81,1178.0,No
CUST07794,Male,0,Yes,Yes,60,Yes,Yes,No,No internet service,No internet service,No internet service,No internet service,No internet service,No internet service,Month-to-month,Yes,Electronic check,28.07,1655.56,Yes
CUST07795,Male,0,Yes,Yes,5,No,No phone service,No,No internet service,No internet service,No internet service,No internet service,No internet service,No internet service,Month-to-month,Yes,Bank transfer (automatic),18.0,85.95,Yes
CUST07796,Male,0,Yes,No,39,Yes,Yes,No,No internet service,No internet service,No internet service,No internet service,No internet service,No internet service,Two year,No,Mailed check,22.7,867.44,No
CUST07797,Male,0,Yes,No,7,Yes,Yes,Fiber optic,No,Yes,No,No,No,Yes,One year,No,Mailed check,76.04,525.76,No
CUST07798,Male,0,Yes,No,11,Yes,Yes,Fiber optic,No,No,No,No,Yes,Yes,Month-to-month,Yes,Mailed check,78.76,842.78,Yes
CUST07799,Male,1,No,No,4,Yes,Yes,Fiber optic,No,No,No,Yes,Yes,Yes,Month-to-month,Yes,Electronic check,89.18,349.57,No
CUST07800,Male,0,No,No,39,Yes,No,Fiber optic,Yes,No,Yes,No,Yes,No,One year,Yes,Mailed check,76.31,2888.34,No
CUST07801,Female,1,Yes,Yes,4,Yes,No,No,No internet service,No internet service,No internet service,No internet service,No internet service,No internet service,Two year,Yes,Mailed check,23.34,89.37,No
CUST07802,Male,0,No,No,39,Yes,Yes,DSL,Yes,Yes,No,Yes,Yes,Yes,Month-to-month,No,Electronic check,69.77,2617.32,Yes
CUST07803,Male,0,Yes,No,12,No,No phone service,DSL,No,Yes,No,No,No,No,Month-to-month,Yes,Bank transfer (automatic),48.69,570.07,No
CUST07804,Female,0,Yes,Yes,36,Yes,No,DSL,No,No,Yes,No,No,Yes,Month-to-month,Yes,Mailed check,52.92,1878.7,No
CUST07805,Female,0,Yes,No,6,No,No phone service,DSL,Yes,No,No,No,Yes,No,Month-to-month,No,Bank transfer (automatic),56.15,329.16,No
CUST07806,Female,1,No,No,2,No,No phone service,DSL,No,No,No,No,No,Yes,One year,No,Mailed check,54.41,106.41,No
CUST07807,Male,0,Yes,No,16,Yes,Yes,Fiber optic,No,No,No,Yes,Yes,Yes,Two year,Yes,Electronic check,83.9,1303.33,No
CUST07808,Female,0,Yes,Yes,14,Yes,Yes,DSL,No,Yes,No,No,No,No,One year,Yes,Electronic check,52.3,703.43,No
CUST07809,Male,0,Yes,Yes,8,Yes,No,No,No internet service,No internet service,No internet service,No internet service,No internet service,No internet service,Two year,No,Credit card (automatic),27.19,210.48,No
CUST07810,Male,0,Yes,Yes,21,Yes,Yes,Fiber optic,No,Yes,No,Yes,No,Yes,Two year,Yes,Mailed check,84.31,1697.7,No
CUST07811,Male,0,Yes,Yes,1,Yes,No,Fiber optic,No,Yes,No,Yes,No,No,Month-to-month,Yes,Bank transfer (automatic),73.21,72.02,Yes
CUST07812,Male,0,No,No,19,Yes,No,DSL,No,No,No,No,Yes,No,Month-to-month,Yes,Electronic check,53.79,1004.5,No
CUST07813,Female,0,No,No,4,Yes,No,Fiber optic,No,No,No,Yes,No,No,One year,Yes,Mailed check,84.29,332.31,Yes
CUST07814,Female,0,No,No,2,Yes,No,Fiber optic,No,No,No,No,Yes,No,Month-to-month,Yes,Bank transfer (automatic),76.61,146.4,Yes
CUST07815,Male,0,Yes,No,48,Yes,No,DSL,No,No,Yes,No,No,Yes,One year,Yes,Credit card (automatic),53.26,2475.57,No
CUST07816,Male,0,Yes,Yes,12,Yes,Yes,Fiber optic,No,Yes,No,Yes,No,No,Month-to-month,No,Mailed check,78.0,922.94,No
CUST07817,Male,0,Yes,No,28,Yes,Yes,Fiber optic,No,No,Yes,Yes,Yes,No,One year,No,Electronic check,82.08,2277.44,No
CUST07818,Female,1,Yes,No,1,Yes,Yes,DSL,No,No,No,No,Yes,No,One year,Yes,Electronic check,47.57,47.54,No
CUST07819,Male,0,No,No,1,Yes,Yes,DSL,No,Yes,Yes,No,No,No,Month-to-month,No,Mailed check,52.0,51.86,Yes
CUST07820,Male,0,Yes,Yes,13,Yes,Yes,Fiber optic,Yes,No,No,No,No,No,One year,No,Mailed check,80.11,995.93,Yes
CUST07821,Female,0,Yes,No,7,Yes,No,No,No internet service,No internet service,No internet service,No internet service,No internet service,No internet service,Month-to-month,Yes,Mailed check,22.16,153.46,Yes
CUST07822,Female,0,No,No,0,Yes,No,Fiber optic,No,No,Yes,No,Yes,Yes,Month-to-month,Yes,Electronic check,76.41,75.12,Yes
CUST07823,Male,0,Yes,No,4,Yes,No,No,No internet service,No internet service,No internet service,No internet service,No internet service,No internet service,One year,No,Bank transfer (automatic),22.25,84.65,No
CUST07824,Female,0,No,Yes,4,Yes,No,Fiber optic,No,No,No,No,No,Yes,Month-to-month,Yes,Bank transfer (automatic),68.67,273.37,No
CUST07825,Female,0,Yes,No,6,Yes,No,No,No internet service,No internet service,No internet service,No internet service,No internet service,No internet service,Two year,Yes,Electronic check,20.95,122.53,No
CUST07826,Male,0,No,No,41,Yes,Yes,No,No internet service,No internet service,No internet service,No internet service,No internet service,No internet service,Month-to-month,Yes,Electronic check,21.9,887.68,No
CUST07827,Female,1,Yes,Yes,10,Yes,Yes,DSL,No,No,No,No,Yes,Yes,One year,No,Mailed check,59.31,579.79,No
CUST07828,Male,0,No,No,22,Yes,Yes,DSL,No,No,No,No,Yes,Yes,One year,Yes,Electronic check,58.79,1249.93,Yes
CUST07829,Female,0,Yes,Yes,0,Yes,No,DSL,No,Yes,No,Yes,No,No,Month-to-month,No,Electronic check,57.9,56.42,Yes
CUST07830,Male,0,No,No,33,Yes,No,DSL,No,Yes,No,No,No,Yes,Month-to-month,Yes,Mailed check,59.94,1961.29,No
CUST07831,Male,0,Yes,No,5,Yes,Yes,Fiber optic,Yes,No,No,No,No,Yes,One year,Yes,Bank transfer (automatic),82.63,396.8,No
CUST07832,Male,1,No,Yes,7,Yes,No,Fiber optic,Yes,No,No,No,No,Yes,Month-to-month,No,Bank transfer (automatic),80.25,549.16,No
CUST07833,Female,0,Yes,No,0,Yes,Yes,No,No internet service,No internet service,No internet service,No internet service,No internet service,No internet service,Month-to-month,Yes,Mailed check,18.0,17.66,Yes
CUST07834,Male,0,Yes,Yes,10,Yes,No,Fiber optic,No,No,No,No,Yes,Yes,One year,No,Bank transfer (automatic),77.56,759.54,No
CUST07835,Female,0,No,No,38,Yes,No,Fiber optic,No,No,Yes,Yes,No,Yes,Month-to-month,Yes,Electronic check,82.22,3029.78,No
CUST07836,Male,0,No,No,9,Yes,Yes,Fiber optic,No,No,No,Yes,No,No,One year,Yes,Bank transfer (automatic),74.29,640.69,Yes
CUST07837,Male,0,Yes,No,47,Yes,No,Fiber optic,No,Yes,Yes,No,No,Yes,Two year,Yes,Mailed check,91.06,4121.79,No
CUST07838,Female,0,No,No,40,Yes,No,Fiber optic,No,Yes,No,Yes,No,Yes,Month-to-month,No,Electronic check,87.9,3420.58,No
CUST07839,Male,0,Yes,No,1,Yes,No,Fiber optic,No,Yes,Yes,No,No,No,Month-to-month,No,Mailed check,76.28,73.25,Yes
CUST07840,Male,0,No,No,7,Yes,No,Fiber optic,Yes,Yes,No,No,No,Yes,Month-to-month,No,Bank transfer (automatic),86.61,598.06,Yes
CUST07841,Female,0,No,No,48,Yes,No,DSL,No,No,No,No,No,No,One year,Yes,Electronic check,48.52,2244.91,No
CUST07842,Male,0,No,Yes,0,No,No phone service,Fiber optic,Yes,No,Yes,No,No,Yes,Month-to-month,Yes,Credit card (automatic),83.91,80.54,Yes
CUST07843,Male,0,No,Yes,29,Yes,Yes,Fiber optic,Yes,No,Yes,No,Yes,No,Month-to-month,No,Bank transfer (automatic),87.15,2445.93,No
CUST07844,Male,0,No,No,47,Yes,No,DSL,No,No,No,Yes,No,Yes,Month-to-month,Yes,Electronic check,50.35,2274.84,Yes
CUST07845,Male,0,Yes,No,29,Yes,No,Fiber optic,No,No,No,Yes,Yes,Yes,Month-to-month,No,Credit card (automatic),84.21,2406.09,No
CUST07846,Female,0,No,No,27,Yes,Yes,DSL,No,No,No,No,No,No,One year,No,Credit card (automatic),44.19,1181.12,No
CUST07847,Female,0,Yes,Yes,37,Yes,Yes,DSL,No,No,No,Yes,No,No,Month-to-month,No,Electronic check,46.44,1668.41,No
CUST07848,Male,0,No,No,21,Yes,Yes,DSL,Yes,No,No,Yes,Yes,No,Month-to-month,No,Electronic check,65.57,1353.75,No
CUST07849,Female,0,No,No,11,Yes,No,DSL,No,Yes,Yes,No,Yes,No,Month-to-month,No,Mailed check,63.99,675.64,No
CUST07850,Male,0,Yes,No,1,Yes,Yes,DSL,Yes,Yes,Yes,No,No,No,Month-to-month,Yes,Credit card (automatic),61.72,59.67,Yes
CUST07851,Female,0,No,No,31,Yes,No,No,No internet service,No internet service,No internet service,No internet service,No internet service,No internet service,Month-to-month,No,Bank transfer (automatic),18.0,534.38,No
CUST07852,Male,1,No,No,47,No,No phone service,DSL,No,No,Yes,No,No,No,Month-to-month,Yes,Credit card (automatic),56.92,2569.73,No
CUST07853,Male,1,No,No,14,Yes,No,DSL,No,No,No,Yes,No,Yes,Month-to-month,No,Electronic check,55.56,757.35,No
CUST07854,Male,1,Yes,No,15,Yes,No,Fiber optic,No,No,Yes,Yes,Yes,No,Two year,Yes,Credit card (automatic),85.0,1252.51,No
CUST07855,Male,0,Yes,No,10,Yes,No,Fiber optic,Yes,No,Yes,No,No,Yes,Month-to-month,Yes,Electronic check,93.84,898.21,No
CUST07856,Male,0,No,Yes,38,Yes,No,DSL,No,No,Yes,No,No,No,One year,No,Credit card (automatic),52.56,1950.25,No
CUST07857,Male,0,Yes,No,0,Yes,Yes,Fiber optic,Yes,No,No,Yes,No,No,Month-to-month,Yes,Electronic check,78.28,76.17,Yes
CUST07858,Female,0,Yes,No,19,Yes,No,DSL,Yes,No,No,No,No,Yes,One year,Yes,Mailed check,52.4,946.41,No
CUST07859,Male,0,No,No,47,Yes,No,Fiber optic,No,Yes,No,No,No,No,Month-to-month,Yes,Credit card (automatic),71.39,3334.29,Yes
CUST07860,Female,0,Yes,Yes,2,Yes,Yes,Fiber optic,No,No,Yes,No,No,No,Two year,Yes,Credit card (automatic),76.64,150.05,No
CUST07861,Male,0,No,Yes,63,Yes,No,DSL,No,No,Yes,Yes,Yes,Yes,Two year,No,Credit card (automatic),75.07,4554.44,No
CUST07862,Female,1,No,No,68,No,No phone service,No,No internet service,No internet service,No internet service,No internet service,No internet service,No internet service,Month-to-month,Yes,Electronic check,19.81,1319.94,No
CUST07863,Female,0,No,No,53,Yes,No,DSL,No,No,No,No,Yes,Yes,Month-to-month,Yes,Bank transfer (automatic),50.17,2649.59,No
CUST07864,Female,0,Yes,No,12,Yes,No,No,No internet service,No internet service,No internet service,No internet service,No internet service,No internet service,One year,Yes,Electronic check,18.0,205.41,No
CUST07865,Male,0,Yes,No,9,Yes,Yes,Fiber optic,No,No,Yes,No,Yes,Yes,Two year,Yes,Mailed check,82.32,739.11,No
CUST07866,Male,1,Yes,No,24,Yes,No,DSL,Yes,No,No,No,No,No,Month-to-month,Yes,Credit card (automatic),53.79,1268.75,No
CUST07867,Female,0,No,Yes,7,Yes,Yes,DSL,No,Yes,No,No,No,Yes,Month-to-month,Yes,Mailed check,57.5,393.22,No
CUST07868,Male,0,Yes,No,1,Yes,No,No,No internet service,No internet service,No internet service,No internet service,No internet service,No internet service,Month-to-month,No,Electronic check,20.35,19.74,Yes
CUST07869,Female,1,No,No,46,Yes,Yes,Fiber optic,No,Yes,Yes,Yes,No,Yes,Month-to-month,No,Electronic check,94.73,4168.48,Yes
CUST07870,Male,0,No,No,20,Yes,No,DSL,No,No,No,No,No,No,Month-to-month,Yes,Credit card (automatic),50.24,955.47,No
CUST07871,Female,0,No,No,4,Yes,No,DSL,Yes,Yes,Yes,No,No,Yes,Month-to-month,No,Electronic check,63.58,247.13,No
CUST07872,Female,0,Yes,No,0,Yes,No,No,No internet service,No internet service,No internet service,No internet service,No internet service,No internet service,Month-to-month,No,Credit card (automatic),18.3,17.89,Yes
CUST07873,Male,0,Yes,No,25,Yes,No,Fiber optic,Yes,No,No,No,No,No,Month-to-month,Yes,Electronic check,79.89,1996.21,No
CUST07874,Female,0,No,No,38,Yes,No,DSL,Yes,Yes,Yes,Yes,No,No,One year,No,Electronic check,70.11,2600.96,No
CUST07875,Male,0,Yes,No,10,Yes,No,No,No internet service,No internet service,No internet service,No internet service,No internet service,No internet service,One year,Yes,Bank transfer (automatic),18.88,186.02,No
CUST07876,Female,1,Yes,No,1,Yes,No,Fiber optic,No,Yes,No,No,No,Yes,Month-to-month,No,Electronic check,68.39,67.13,Yes
CUST07877,Female,1,Yes,Yes,20,Yes,Yes,Fiber optic,Yes,Yes,Yes,No,No,No,Two year,Yes,Credit card (automatic),89.79,1784.95,No
CUST07878,Male,0,No,No,7,Yes,No,Fiber optic,Yes,No,No,Yes,No,No,Month-to-month,No,Electronic check,78.95,538.48,No
CUST07879,Male,0,No,Yes,3,Yes,No,No,No internet service,No internet service,No internet service,No internet service,No internet service,No internet service,Month-to-month,Yes,Mailed check,18.0,51.78,No
CUST07880,Male,0,No,Yes,14,Yes,No,DSL,No,No,Yes,No,No,Yes,One year,Yes,Credit card (automatic),59.57,802.14,No
CUST07881,Female,0,No,Yes,13,Yes,No,No,No internet service,No internet service,No internet service,No internet service,No internet service,No internet service,One year,No,Mailed check,25.54,321.37,No
CUST07882,Male,0,Yes,No,14,Yes,Yes,No,No internet service,No internet service,No internet service,No internet service,No internet service,No internet service,Two year,Yes,Bank transfer (automatic),23.5,315.67,No
CUST07883,Female,0,No,No,34,Yes,No,DSL,No,No,No,No,Yes,No,Month-to-month,No,Electronic check,53.87,1812.53,Yes
CUST07884,Female,0,Yes,No,13,Yes,No,Fiber optic,No,No,No,No,No,Yes,Month-to-month,No,Mailed check,80.16,1009.23,No
CUST07885,Male,0,No,Yes,46,Yes,No,No,No internet service,No internet service,No internet service,No internet service,No internet service,No internet service,One year,No,Mailed check,18.0,802.36,Yes
CUST07886,Male,1,Yes,Yes,36,Yes,Yes,Fiber optic,No,No,No,Yes,Yes,No,Month-to-month,Yes,Mailed check,85.59,3004.28,Yes
CUST07887,Female,0,Yes,No,21,Yes,No,Fiber optic,No,No,Yes,No,No,No,Month-to-month,No,Mailed check,73.41,1486.68,No
CUST07888,Female,0,No,Yes,1,Yes,No,Fiber optic,No,No,No,No,No,Yes,One year,Yes,Bank transfer (automatic),69.84,66.79,No
CUST07889,Male,0,Yes,No,40,Yes,No,Fiber optic,No,Yes,No,Yes,Yes,No,Month-to-month,Yes,Mailed check,87.35,3447.67,No
CUST07890,Male,0,No,No,47,Yes,No,Fiber optic,Yes,Yes,No,No,No,Yes,Month-to-month,Yes,Electronic check,81.41,3748.04,No
CUST07891,Male,0,Yes,No,9,Yes,Yes,Fiber optic,No,No,No,No,No,No,Month-to-month,Yes,Bank transfer (automatic),69.64,601.41,No
CUST07892,Male,0,Yes,No,14,Yes,Yes,Fiber optic,No,No,No,No,No,No,Month-to-month,No,Electronic check,64.51,860.78,No
CUST07893,Male,0,Yes,Yes,6,Yes,Yes,Fiber optic,No,No,Yes,No,No,Yes,Month-to-month,Yes,Electronic check,76.91,450.8,No
CUST07894,Female,0,No,No,0,Yes,No,DSL,No,No,No,No,No,Yes,Month-to-month,No,Electronic check,52.81,51.93,Yes
CUST07895,Female,0,Yes,No,13,Yes,No,Fiber optic,No,No,Yes,No,No,No,Month-to-month,Yes,Mailed check,78.81,985.27,No
CUST07896,Female,0,No,No,2,Yes,No,DSL,No,Yes,No,Yes,No,No,Two year,No,Credit card (automatic),55.31,107.25,No
CUST07897,Female,0,Yes,Yes,4,Yes,Yes,Fiber optic,Yes,Yes,No,No,No,No,Month-to-month,No,Electronic check,76.46,304.0,No
CUST07898,Male,1,Yes,No,13,No,No phone service,DSL,Yes,Yes,No,No,Yes,Yes,Two year,Yes,Electronic check,68.9,873.55,No
CUST07899,Male,0,Yes,No,40,Yes,Yes,Fiber optic,No,Yes,No,No,Yes,Yes,Month-to-month,Yes,Electronic check,92.15,3659.96,No
CUST07900,Male,1,No,Yes,37,No,No phone service,Fiber optic,No,Yes,No,No,No,No,Month-to-month,No,Bank transfer (automatic),70.23,2539.57,No
CUST07901,Female,0,No,No,67,Yes,No,Fiber optic,No,No,No,Yes,Yes,No,Month-to-month,Yes,Bank transfer (automatic),78.52,5158.43,No
CUST07902,Female,1,Yes,Yes,13,Yes,No,DSL,No,Yes,No,No,Yes,No,Month-to-month,Yes,Electronic check,53.33,678.8,Yes
CUST07903,Male,0,No,No,16,Yes,Yes,DSL,No,Yes,No,No,Yes,No,Month-to-month,Yes,Bank transfer (automatic),49.81,762.54,Yes
CUST07904,Male,0,No,No,34,Yes,Yes,No,No internet service,No internet service,No internet service,No internet service,No internet service,No internet service,Month-to-month,No,Electronic check,18.0,582.91,Yes
CUST07905,Female,0,Yes,No,24,Yes,No,No,No internet service,No internet service,No internet service,No internet service,No internet service,No internet service,One year,No,Electronic check,19.92,471.34,No
CUST07906,Female,0,No,No,4,Yes,Yes,DSL,No,No,No,Yes,No,Yes,Month-to-month,Yes,Electronic check,56.61,221.98,No
CUST07907,Male,0,Yes,No,10,Yes,Yes,No,No internet service,No internet service,No internet service,No internet service,No internet service,No internet service,One year,Yes,Electronic check,28.57,276.39,No
CUST07908,Male,0,No,No,52,Yes,No,DSL,Yes,No,Yes,No,No,Yes,One year,Yes,Mailed check,55.86,2844.87,No
CUST07909,Female,0,No,No,3,No,No phone service,Fiber optic,No,No,No,No,Yes,No,Month-to-month,Yes,Electronic check,68.84,201.83,No
CUST07910,Male,0,Yes,Yes,4,Yes,Yes,Fiber optic,No,Yes,No,No,Yes,No,Two year,Yes,Electronic check,70.65,278.87,No
CUST07911,Male,0,Yes,No,10,Yes,No,DSL,No,No,No,Yes,No,No,Two year,Yes,Bank transfer (automatic),52.12,510.24,No
CUST07912,Male,0,No,No,56,Yes,No,DSL,Yes,No,Yes,No,Yes,No,Two year,Yes,Electronic check,63.92,3518.51,No
CUST07913,Female,0,No,No,2,Yes,No,Fiber optic,No,No,No,No,Yes,Yes,Month-to-month,No,Electronic check,77.86,152.19,Yes
CUST07914,Female,0,No,No,22,Yes,Yes,DSL,Yes,Yes,Yes,No,No,Yes,Two year,No,Credit card (automatic),65.0,1369.84,No
CUST07915,Female,0,Yes,No,2,Yes,No,Fiber optic,No,No,No,Yes,Yes,No,Two year,No,Bank transfer (automatic),75.35,149.62,No
CUST07916,Female,1,Yes,No,14,Yes,No,Fiber optic,No,No,No,No,No,Yes,One year,No,Mailed check,73.72,1001.2,No
CUST07917,Female,0,Yes,No,15,Yes,No,DSL,No,No,No,No,Yes,No,Month-to-month,No,Bank transfer (automatic),51.69,744.6,Yes
CUST07918,Female,0,Yes,No,0,Yes,Yes,No,No internet service,No internet service,No internet service,No internet service,No internet service,No internet service,Two year,No,Mailed check,31.77,31.72,No
CUST07919,Female,1,No,No,61,No,No phone service,DSL,No,No,No,No,Yes,No,Two year,Yes,Credit card (automatic),44.31,2656.01,No
CUST07920,Male,0,No,No,32,Yes,No,DSL,No,No,Yes,No,No,Yes,One year,Yes,Electronic check,49.05,1563.38,No
CUST07921,Male,0,No,Yes,7,No,No phone service,Fiber optic,No,No,No,No,Yes,No,Month-to-month,Yes,Electronic check,69.26,466.53,Yes
CUST07922,Male,0,Yes,Yes,2,Yes,Yes,No,No internet service,No internet service,No internet service,No internet service,No internet service,No internet service,Two year,No,Electronic check,18.62,36.59,No
CUST07923,Male,0,No,No,8,Yes,Yes,Fiber optic,No,Yes,No,Yes,Yes,No,Month-to-month,Yes,Electronic check,92.4,718.22,No
CUST07924,Male,0,No,Yes,44,Yes,No,DSL,Yes,No,No,No,No,No,Month-to-month,No,Electronic check,48.81,2044.85,No
CUST07925,Male,0,No,No,2,Yes,Yes,No,No internet service,No internet service,No internet service,No internet service,No internet service,No internet service,Two year,Yes,Credit card (automatic),21.44,41.75,No
CUST07926,Male,0,No,No,8,No,No phone service,Fiber optic,No,Yes,No,No,No,No,Two year,Yes,Mailed check,67.72,524.0,No
CUST07927,Female,0,No,Yes,13,No,No phone service,Fiber optic,No,No,Yes,No,No,No,Two year,Yes,Electronic check,68.53,850.25,No
CUST07928,Female,0,No,No,0,Yes,Yes,No,No internet service,No internet service,No internet service,No internet service,No internet service,No internet service,One year,Yes,Credit card (automatic),18.59,18.36,No
CUST07929,Male,0,Yes,No,6,Yes,Yes,DSL,Yes,Yes,No,No,Yes,No,Month-to-month,No,Electronic check,72.37,424.43,No
CUST07930,Male,0,Yes,No,18,Yes,No,Fiber optic,No,Yes,Yes,No,No,No,Two year,Yes,Electronic check,71.88,1231.31,No
CUST07931,Female,0,No,Yes,7,Yes,Yes,No,No internet service,No internet service,No internet service,No internet service,No internet service,No internet service,Month-to-month,Yes,Credit card (automatic),26.0,175.11,No
CUST07932,Male,0,No,No,40,Yes,Yes,DSL,No,No,Yes,Yes,Yes,No,One year,No,Credit card (automatic),58.39,2331.82,No
CUST07933,Male,0,Yes,No,55,Yes,Yes,Fiber optic,No,No,No,No,No,No,One year,No,Mailed check,63.02,3417.55,No
CUST07934,Female,1,Yes,Yes,11,Yes,Yes,DSL,No,No,Yes,Yes,Yes,No,Month-to-month,Yes,Credit card (automatic),53.35,584.62,No
CUST07935,Male,1,No,No,15,Yes,No,No,No internet service,No internet service,No internet service,No internet service,No internet service,No internet service,Month-to-month,Yes,Electronic check,27.92,409.54,No
CUST07936,Female,0,No,No,19,Yes,No,Fiber optic,Yes,Yes,Yes,No,Yes,No,Month-to-month,No,Credit card (automatic),87.92,1656.17,No
CUST07937,Male,0,Yes,Yes,21,Yes,Yes,DSL,No,Yes,Yes,No,Yes,No,Month-to-month,Yes,Credit card (automatic),59.87,1226.41,Yes
CUST07938,Female,0,No,No,1,Yes,No,DSL,Yes,Yes,No,Yes,No,No,Month-to-month,No,Bank transfer (automatic),66.19,64.49,Yes
CUST07939,Female,0,No,No,1,No,No phone service,Fiber optic,No,No,Yes,No,No,Yes,Month-to-month,Yes,Credit card (automatic),80.69,77.46,Yes
CUST07940,Female,0,Yes,Yes,40,Yes,No,Fiber optic,Yes,No,No,No,No,Yes,One year,Yes,Mailed check,84.33,3337.49,No
CUST07941,Male,0,Yes,Yes,4,Yes,Yes,Fiber optic,No,No,Yes,No,No,Yes,One year,Yes,Electronic check,79.56,310.46,No
CUST07942,Female,0,No,Yes,17,Yes,Yes,DSL,Yes,Yes,No,No,No,Yes,Month-to-month,Yes,Bank transfer (automatic),56.84,926.86,No
CUST07943,Male,0,No,Yes,19,Yes,Yes,Fiber optic,No,No,No,Yes,Yes,Yes,One year,Yes,Bank transfer (automatic),81.96,1513.77,No
CUST07944,Male,1,No,No,3,Yes,No,DSL,Yes,No,Yes,No,Yes,Yes,Month-to-month,No,Bank transfer (automatic),71.24,208.07,No
CUST07945,Male,0,No,Yes,28,Yes,Yes,No,No internet service,No internet service,No internet service,No internet service,No internet service,No internet service,Month-to-month,Yes,Bank transfer (automatic),21.98,585.78,Yes
CUST07946,Male,0,Yes,No,40,Yes,No,Fiber optic,No,Yes,No,No,No,No,Month-to-month,Yes,Electronic check,75.39,2975.84,Yes
CUST07947,Female,0,No,No,6,Yes,No,Fiber optic,Yes,No,Yes,Yes,No,No,One year,Yes,Bank transfer (automatic),76.73,437.82,No
CUST07948,Female,0,Yes,No,42,Yes,No,Fiber optic,No,No,No,No,Yes,Yes,Month-to-month,No,Bank transfer (automatic),84.04,3451.49,No
CUST07949,Male,0,Yes,Yes,1,Yes,Yes,Fiber optic,No,No,Yes,Yes,No,No,Month-to-month,Yes,Electronic check,91.07,89.46,Yes
CUST07950,Male,0,Yes,No,32,No,No phone service,No,No internet service,No internet service,No internet service,No internet service,No internet service,No internet service,Month-to-month,Yes,Electronic check,22.66,690.45,No
CUST07951,Female,0,Yes,Yes,20,No,No phone service,Fiber optic,Yes,Yes,No,No,No,No,Two year,Yes,Mailed check,78.17,1510.63,No
CUST07952,Male,0,No,No,17,Yes,Yes,Fiber optic,No,No,No,No,No,Yes,Two year,No,Electronic check,78.11,1312.61,No
CUST07953,Female,0,No,No,5,Yes,Yes,Fiber optic,No,No,No,No,No,Yes,Month-to-month,Yes,Bank transfer (automatic),81.28,389.0,No
CUST07954,Male,0,No,No,8,Yes,Yes,Fiber optic,No,No,No,Yes,Yes,No,Month-to-month,No,Mailed check,72.62,566.27,No
CUST07955,Male,0,Yes,No,48,Yes,No,DSL,No,No,No,No,No,No,Two year,No,Credit card (automatic),39.5,1811.99,No
CUST07956,Female,1,No,No,12,Yes,Yes,No,No internet service,No internet service,No internet service,No internet service,No internet service,No internet service,Month-to-month,Yes,Credit card (automatic),18.0,215.57,No
CUST07957,Male,0,No,No,18,Yes,No,Fiber optic,No,No,No,Yes,No,No,Month-to-month,Yes,Credit card (automatic),76.79,1329.11,No
CUST07958,Female,0,No,No,54,Yes,No,DSL,No,No,Yes,No,No,Yes,Month-to-month,No,Bank transfer (automatic),50.47,2649.08,No
CUST07959,Male,0,No,No,12,Yes,No,DSL,No,No,No,No,No,No,Two year,Yes,Bank transfer (automatic),45.53,530.58,No
CUST07960,Male,0,Yes,No,9,Yes,No,Fiber optic,Yes,No,Yes,Yes,No,No,One year,No,Electronic check,73.72,650.19,No
CUST07961,Male,0,Yes,No,44,Yes,No,DSL,Yes,No,No,No,Yes,No,Month-to-month,Yes,Bank transfer (automatic),55.02,2339.55,No
CUST07962,Female,0,Yes,No,48,No,No phone service,No,No internet service,No internet service,No internet service,No internet service,No internet service,No internet service,Month-to-month,No,Credit card (automatic),24.44,1142.63,Yes
CUST07963,Male,0,No,No,8,Yes,Yes,No,No internet service,No internet service,No internet service,No internet service,No internet service,No internet service,Two year,No,Electronic check,20.88,166.39,No
CUST07964,Male,0,No,No,17,Yes,Yes,DSL,No,No,Yes,No,Yes,Yes,Month-to-month,Yes,Credit card (automatic),66.67,1079.99,No
CUST07965,Male,0,Yes,No,66,Yes,No,DSL,Yes,No,No,No,Yes,No,One year,Yes,Mailed check,54.31,3407.89,No
CUST07966,Male,0,Yes,Yes,1,No,No phone service,DSL,No,Yes,No,Yes,No,No,Month-to-month,No,Credit card (automatic),58.19,58.18,Yes
CUST07967,Female,0,Yes,Yes,0,Yes,No,DSL,No,No,No,No,No,No,One year,No,Mailed check,44.93,43.73,No
CUST07968,Female,0,No,No,14,Yes,Yes,DSL,No,Yes,Yes,Yes,No,No,Month-to-month,Yes,Bank transfer (automatic),69.15,935.78,No
CUST07969,Male,0,Yes,No,6,Yes,Yes,No,No internet service,No internet service,No internet service,No internet service,No internet service,No internet service,Two year,Yes,Credit card (automatic),18.78,108.26,No
CUST07970,Female,0,Yes,No,17,Yes,Yes,Fiber optic,Yes,Yes,Yes,No,No,No,Month-to-month,Yes,Bank transfer (automatic),73.59,1231.0,Yes
CUST07971,Male,0,Yes,No,25,Yes,Yes,Fiber optic,No,No,Yes,No,No,No,Month-to-month,No,Mailed check,69.99,1717.05,No
CUST07972,Male,0,No,No,1,Yes,Yes,DSL,No,Yes,No,No,No,No,Month-to-month,Yes,Electronic check,54.21,52.21,Yes
CUST07973,Male,0,No,No,42,Yes,No,No,No internet service,No internet service,No internet service,No internet service,No internet service,No internet service,Two year,No,Electronic check,24.27,980.76,No
CUST07974,Female,0,No,Yes,6,Yes,No,No,No internet service,No internet service,No internet service,No internet service,No internet service,No internet service,Month-to-month,Yes,Electronic check,18.0,107.1,Yes
CUST07975,Female,0,Yes,No,9,Yes,Yes,Fiber optic,No,Yes,No,Yes,No,Yes,Month-to-month,Yes,Bank transfer (automatic),78.13,693.99,No
CUST07976,Female,0,Yes,Yes,8,Yes,No,DSL,No,No,No,No,No,Yes,One year,Yes,Mailed check,52.09,411.8,No
CUST07977,Female,1,Yes,No,36,Yes,Yes,No,No internet service,No internet service,No internet service,No internet service,No internet service,No internet service,One year,Yes,Mailed check,18.0,630.37,No
CUST07978,Female,0,Yes,Yes,3,Yes,Yes,DSL,Yes,No,No,Yes,Yes,No,One year,No,Electronic check,60.92,176.46,No
CUST07979,Female,0,Yes,No,0,Yes,Yes,Fiber optic,No,No,No,Yes,Yes,Yes,Month-to-month,Yes,Electronic check,84.27,82.15,Yes
CUST07980,Female,0,Yes,No,71,Yes,Yes,Fiber optic,No,No,No,No,No,No,Month-to-month,Yes,Mailed check,69.52,4835.67,No
CUST07981,Female,0,No,Yes,72,Yes,No,No,No internet service,No internet service,No internet service,No internet service,No internet service,No internet service,One year,Yes,Electronic check,22.99,1632.32,No
CUST07982,Female,0,Yes,No,5,No,No phone service,Fiber optic,No,Yes,Yes,Yes,Yes,No,Month-to-month,Yes,Bank transfer (automatic),79.99,389.14,Yes
CUST07983,Male,1,Yes,No,0,Yes,No,No,No internet service,No internet service,No internet service,No internet service,No internet service,No internet service,Two year,Yes,Credit card (automatic),21.27,20.95,No
CUST07984,Female,0,No,Yes,20,Yes,Yes,No,No internet service,No internet service,No internet service,No internet service,No internet service,No internet service,Month-to-month,No,Bank transfer (automatic),20.12,392.76,No
CUST07985,Female,0,No,No,20,Yes,No,DSL,No,Yes,No,Yes,Yes,Yes,Month-to-month,Yes,Electronic check,69.73,1336.13,Yes
CUST07986,Female,0,No,No,56,Yes,Yes,Fiber optic,No,Yes,No,Yes,No,Yes,Month-to-month,Yes,Electronic check,84.31,4503.27,No
CUST07987,Female,0,No,No,7,No,No phone service,DSL,No,No,No,No,No,No,Month-to-month,Yes,Bank transfer (automatic),47.18,323.01,No
CUST07988,Female,0,Yes,Yes,4,Yes,No,No,No internet service,No internet service,No internet service,No internet service,No internet service,No internet service,Month-to-month,No,Bank transfer (automatic),21.21,82.56,No
CUST07989,Female,0,No,Yes,19,Yes,No,DSL,No,No,Yes,No,No,No,Month-to-month,No,Bank transfer (automatic),47.01,865.53,Yes
CUST07990,Female,0,No,No,16,Yes,Yes,DSL,No,Yes,No,Yes,Yes,Yes,Two year,No,Credit card (automatic),63.29,990.87,No
CUST07991,Female,0,Yes,Yes,25,Yes,No,Fiber optic,No,No,No,Yes,Yes,Yes,Month-to-month,No,Electronic check,89.38,2201.09,Yes
CUST07992,Female,0,Yes,Yes,43,Yes,No,Fiber optic,No,Yes,Yes,No,No,No,Month-to-month,Yes,Electronic check,75.64,3127.55,No
CUST07993,Female,0,No,No,16,Yes,No,DSL,Yes,No,Yes,No,Yes,Yes,Month-to-month,Yes,Bank transfer (automatic),66.47,1039.34,No
CUST07994,Female,0,Yes,No,3,Yes,No,Fiber optic,No,No,No,No,No,Yes,One year,Yes,Electronic check,73.05,210.6,No
CUST07995,Male,0,Yes,No,18,Yes,No,No,No internet service,No internet service,No internet service,No internet service,No internet service,No internet service,Month-to-month,Yes,Electronic check,20.09,355.12,No
CUST07996,Male,0,Yes,No,9,Yes,Yes,Fiber optic,Yes,Yes,No,Yes,Yes,No,Month-to-month,Yes,Electronic check,91.08,801.51,Yes
CUST07997,Female,0,Yes,No,12,Yes,No,Fiber optic,No,No,No,Yes,Yes,Yes,One year,Yes,Electronic check,79.16,935.68,No
CUST07998,Female,0,Yes,No,64,Yes,No,DSL,No,Yes,Yes,No,No,No,Month-to-month,Yes,Bank transfer (automatic),62.39,3960.12,No
CUST07999,Male,0,Yes,Yes,16,Yes,No,DSL,No,No,Yes,No,No,No,One year,Yes,Electronic check,52.23,807.54,Yes
CUST08000,Female,0,Yes,No,3,Yes,Yes,Fiber optic,No,No,No,No,No,No,One year,No,Credit card (automatic),69.56,207.56,No
CUST08001,Male,0,Yes,No,11,Yes,No,Fiber optic,No,Yes,No,No,Yes,Yes,Two year,Yes,Mailed check,82.55,866.13,No
CUST08002,Male,0,No,No,5,No,No phone service,Fiber optic,No,No,No,No,Yes,Yes,Month-to-month,Yes,Mailed check,87.08,427.47,Yes
CUST08003,Male,0,Yes,No,2,Yes,No,Fiber optic,No,No,No,No,Yes,No,Month-to-month,No,Mailed check,88.55,170.96,Yes
CUST08004,Male,0,No,No,24,No,No phone service,Fiber optic,Yes,Yes,Yes,No,Yes,Yes,Month-to-month,Yes,Electronic check,90.41,2142.44,No
CUST08005,Male,0,No,Yes,19,Yes,No,Fiber optic,No,No,No,Yes,Yes,No,Month-to-month,No,Electronic check,79.83,1441.51,No
CUST08006,Female,0,No,Yes,13,Yes,Yes,DSL,No,No,No,No,No,No,Month-to-month,Yes,Electronic check,45.77,589.97,No
CUST08007,Male,0,No,No,11,Yes,No,No,No internet service,No internet service,No internet service,No internet service,No internet service,No internet service,One year,Yes,Credit card (automatic),19.55,213.25,No
CUST08008,Female,0,Yes,No,7,Yes,No,DSL,No,No,Yes,No,No,No,Month-to-month,Yes,Bank transfer (automatic),52.68,359.24,No
CUST08009,Female,0,Yes,Yes,1,Yes,No,Fiber optic,No,No,No,Yes,No,No,Month-to-month,Yes,Mailed check,72.01,71.76,Yes
CUST08010,Male,0,No,No,7,Yes,No,DSL,Yes,Yes,No,No,Yes,Yes,Month-to-month,Yes,Electronic check,67.23,456.88,No
CUST08011,Male,0,Yes,No,36,Yes,No,Fiber optic,No,No,Yes,Yes,No,No,One year,No,Credit card (automatic),76.74,2749.51,No
CUST08012,Female,0,No,No,30,Yes,No,Fiber optic,No,No,No,No,No,No,Month-to-month,No,Bank transfer (automatic),67.62,1927.23,No
CUST08013,Male,0,No,No,71,Yes,No,Fiber optic,Yes,No,Yes,Yes,No,No,Month-to-month,Yes,Electronic check,81.32,5602.59,No
CUST08014,Male,0,Yes,Yes,21,Yes,No,Fiber optic,No,No,Yes,No,Yes,No,Two year,No,Mailed check,80.99,1620.76,No
CUST08015,Female,0,No,No,16,Yes,Yes,Fiber optic,No,No,No,No,No,No,One year,Yes,Bank transfer (automatic),75.95,1166.03,Yes
CUST08016,Female,0,No,No,7,Yes,No,No,No internet service,No internet service,No internet service,No internet service,No internet service,No internet service,Month-to-month,Yes,Electronic check,18.0,122.46,No
CUST08017,Male,0,Yes,Yes,1,Yes,No,DSL,No,No,Yes,Yes,Yes,No,Month-to-month,Yes,Mailed check,57.8,56.88,Yes
CUST08018,Female,0,Yes,No,19,Yes,No,No,No internet service,No internet service,No internet service,No internet service,No internet service,No internet service,Month-to-month,Yes,Bank transfer (automatic),18.0,330.21,Yes
CUST08019,Male,0,No,No,13,Yes,Yes,Fiber optic,Yes,No,Yes,No,Yes,No,Two year,No,Electronic check,98.93,1236.7,No
CUST08020,Male,0,No,Yes,28,Yes,Yes,Fiber optic,No,No,No,No,No,No,Two year,Yes,Electronic check,73.4,2039.85,No
CUST08021,Male,0,Yes,No,10,Yes,No,No,No internet service,No internet service,No internet service,No internet service,No internet service,No internet service,Month-to-month,Yes,Mailed check,18.0,171.49,No
CUST08022,Female,0,Yes,Yes,72,Yes,No,DSL,No,No,No,No,Yes,Yes,Two year,Yes,Bank transfer (automatic),57.8,4129.44,No
CUST08023,Female,0,No,No,10,Yes,Yes,DSL,No,No,No,No,Yes,No,Month-to-month,No,Mailed check,59.42,565.27,No
CUST08024,Female,0,No,No,8,Yes,Yes,Fiber optic,No,Yes,Yes,Yes,No,No,Two year,Yes,Electronic check,79.0,600.7,No
CUST08025,Female,0,No,No,40,Yes,No,Fiber optic,No,No,No,No,No,No,Month-to-month,No,Credit card (automatic),74.07,2953.35,Yes
CUST08026,Female,1,No,No,10,Yes,No,No,No internet service,No internet service,No internet service,No internet service,No internet service,No internet service,Month-to-month,Yes,Mailed check,18.0,174.06,No
CUST08027,Male,0,Yes,No,40,Yes,No,Fiber optic,No,Yes,Yes,No,Yes,No,Two year,No,Electronic check,82.05,3144.95,No
CUST08028,Male,0,Yes,No,0,Yes,No,No,No internet service,No internet service,No internet service,No internet service,No internet service,No internet service,Month-to-month,Yes,Electronic check,19.8,18.99,Yes
CUST08029,Male,0,No,No,23,Yes,No,No,No internet service,No internet service,No internet service,No internet service,No internet service,No internet service,Two year,Yes,Credit card (automatic),23.8,537.73,No
CUST08030,Male,0,No,No,1,Yes,No,Fiber optic,Yes,No,No,No,No,No,Month-to-month,No,Bank transfer (automatic),70.09,69.48,Yes
CUST08031,Female,0,Yes,No,3,Yes,No,Fiber optic,Yes,Yes,Yes,Yes,Yes,No,Month-to-month,No,Electronic check,99.82,291.22,No
CUST08032,Male,0,Yes,No,24,Yes,Yes,DSL,No,No,No,No,Yes,No,One year,Yes,Electronic check,53.6,1236.59,No
CUST08033,Female,0,No,Yes,6,No,No phone service,Fiber optic,No,No,Yes,No,No,Yes,Month-to-month,Yes,Mailed check,81.97,474.92,No
CUST08034,Male,0,Yes,Yes,4,Yes,No,DSL,No,Yes,No,No,No,No,Month-to-month,Yes,Electronic check,54.1,207.74,No
CUST08035,Female,1,No,No,32,Yes,Yes,Fiber optic,No,No,Yes,Yes,No,No,Month-to-month,No,Electronic check,80.77,2480.04,No
CUST08036,Female,0,Yes,No,58,Yes,Yes,No,No internet service,No internet service,No internet service,No internet service,No internet service,No internet service,Two year,Yes,Bank transfer (automatic),27.76,1574.54,No
CUST08037,Male,0,Yes,No,5,Yes,No,Fiber optic,Yes,Yes,No,Yes,No,Yes,Two year,No,Credit card (automatic),82.83,404.34,No
CUST08038,Male,0,Yes,Yes,7,Yes,Yes,Fiber optic,No,No,Yes,Yes,No,No,Month-to-month,Yes,Electronic check,76.36,525.82,No
CUST08039,Male,0,No,No,25,Yes,No,No,No internet service,No internet service,No internet service,No internet service,No internet service,No internet service,Month-to-month,Yes,Bank transfer (automatic),18.0,431.44,Yes
CUST08040,Male,0,No,Yes,33,Yes,Yes,Fiber optic,Yes,Yes,No,Yes,No,Yes,Month-to-month,Yes,Bank transfer (automatic),88.99,2795.76,No
CUST08041,Female,0,No,No,72,Yes,Yes,Fiber optic,Yes,Yes,No,Yes,No,No,Month-to-month,No,Mailed check,78.93,5559.95,Yes
CUST08042,Male,0,No,No,6,Yes,No,Fiber optic,No,No,No,Yes,No,No,Two year,No,Bank transfer (automatic),74.2,442.51,No
CUST08043,Male,0,Yes,Yes,16,Yes,Yes,DSL,No,Yes,No,No,No,No,One year,No,Mailed check,51.74,815.92,No
CUST08044,Female,0,Yes,No,2,Yes,No,Fiber optic,No,No,No,No,Yes,No,Month-to-month,No,Electronic check,74.42,143.04,Yes
CUST08045,Male,0,No,No,8,Yes,No,Fiber optic,No,No,No,Yes,No,Yes,Month-to-month,Yes,Bank transfer (automatic),75.58,587.22,No
CUST08046,Male,1,No,Yes,0,Yes,Yes,Fiber optic,No,No,No,Yes,Yes,No,Two year,No,Bank transfer (automatic),78.19,75.12,No
CUST08047,Male,0,No,No,4,Yes,No,Fiber optic,No,Yes,No,Yes,No,Yes,Month-to-month,Yes,Credit card (automatic),82.77,317.33,No
CUST08048,Male,0,No,No,14,Yes,No,DSL,Yes,Yes,No,No,No,Yes,Two year,Yes,Electronic check,61.22,851.81,No
CUST08049,Male,0,Yes,Yes,3,Yes,Yes,No,No internet service,No internet service,No internet service,No internet service,No internet service,No internet service,Month-to-month,Yes,Bank transfer (automatic),23.51,67.54,No
CUST08050,Female,0,Yes,No,44,Yes,No,Fiber optic,No,Yes,No,No,No,Yes,One year,Yes,Bank transfer (automatic),72.31,3133.4,No
CUST08051,Male,1,No,Yes,24,Yes,No,No,No internet service,No internet service,No internet service,No internet service,No internet service,No internet service,One year,Yes,Electronic check,20.57,477.67,No
CUST08052,Male,0,Yes,No,0,Yes,Yes,Fiber optic,No,No,No,Yes,No,No,One year,No,Bank transfer (automatic),69.58,67.0,No
CUST08053,Male,0,Yes,No,41,Yes,No,DSL,Yes,Yes,Yes,Yes,Yes,No,One year,No,Mailed check,70.52,2881.62,No
CUST08054,Male,0,No,No,72,Yes,No,Fiber optic,No,No,No,No,Yes,Yes,Month-to-month,No,Bank transfer (automatic),91.3,6535.34,No
CUST08055,Male,1,Yes,Yes,13,Yes,No,Fiber optic,No,No,No,No,No,No,Month-to-month,Yes,Mailed check,66.23,827.68,Yes
CUST08056,Female,0,No,Yes,7,Yes,Yes,Fiber optic,No,Yes,Yes,No,Yes,No,Two year,Yes,Credit card (automatic),82.04,557.39,No
CUST08057,Male,0,Yes,No,6,No,No phone service,No,No internet service,No internet service,No internet service,No internet service,No internet service,No internet service,Month-to-month,Yes,Credit card (automatic),21.36,126.27,No
CUST08058,Female,0,No,No,1,Yes,Yes,DSL,No,Yes,No,No,No,Yes,Two year,Yes,Bank transfer (automatic),59.89,59.33,No
CUST08059,Female,0,No,No,13,Yes,Yes,Fiber optic,Yes,No,No,No,Yes,Yes,One year,No,Bank transfer (automatic),88.65,1120.09,No
CUST08060,Male,0,No,Yes,1,Yes,Yes,DSL,No,No,No,No,No,No,Month-to-month,Yes,Electronic check,52.24,52.02,Yes
CUST08061,Male,1,Yes,No,14,Yes,No,No,No internet service,No internet service,No internet service,No internet service,No internet service,No internet service,Two year,Yes,Credit card (automatic),18.0,244.66,No
CUST08062,Male,0,Yes,No,5,Yes,No,DSL,No,No,No,No,No,Yes,Two year,Yes,Credit card (automatic),47.89,228.76,No
CUST08063,Male,0,Yes,No,12,Yes,Yes,DSL,No,Yes,No,No,No,Yes,Month-to-month,No,Electronic check,53.71,643.96,No
CUST08064,Female,0,Yes,No,10,Yes,No,DSL,Yes,No,Yes,No,Yes,No,Month-to-month,Yes,Bank transfer (automatic),62.12,619.03,Yes
CUST08065,Male,0,No,No,7,Yes,No,Fiber optic,No,No,No,No,No,Yes,Two year,No,Credit card (automatic),70.86,490.39,No
CUST08066,Male,0,Yes,Yes,11,Yes,No,Fiber optic,No,Yes,No,Yes,Yes,No,Two year,Yes,Bank transfer (automatic),90.15,986.31,No
CUST08067,Male,1,Yes,No,12,Yes,No,Fiber optic,No,No,Yes,Yes,No,No,Two year,No,Credit card (automatic),80.14,944.71,No
CUST08068,Male,0,Yes,Yes,35,Yes,No,DSL,No,No,No,No,No,No,One year,No,Bank transfer (automatic),45.02,1528.59,No
CUST08069,Male,0,No,No,21,Yes,No,DSL,No,No,Yes,No,Yes,Yes,Month-to-month,Yes,Mailed check,55.25,1123.98,No
CUST08070,Male,0,Yes,No,11,Yes,Yes,Fiber optic,No,No,Yes,Yes,Yes,Yes,Two year,No,Credit card (automatic),95.01,1008.85,No
CUST08071,Female,0,No,No,47,Yes,No,Fiber optic,No,Yes,No,No,No,Yes,Month-to-month,Yes,Credit card (automatic),81.56,3772.94,No
CUST08072,Female,0,No,No,28,No,No phone service,Fiber optic,No,No,Yes,No,Yes,Yes,Month-to-month,Yes,Electronic check,78.46,2119.65,Yes
CUST08073,Male,0,No,No,1,Yes,Yes,Fiber optic,No,No,No,No,Yes,No,Month-to-month,Yes,Electronic check,76.11,73.61,Yes
CUST08074,Male,0,No,No,3,Yes,Yes,No,No internet service,No internet service,No internet service,No internet service,No internet service,No internet service,Month-to-month,No,Bank transfer (automatic),21.17,61.92,No
CUST08075,Male,0,Yes,Yes,1,Yes,No,DSL,Yes,Yes,No,No,Yes,No,Month-to-month,Yes,Bank transfer (automatic),65.02,63.22,Yes
CUST08076,Female,0,No,No,7,Yes,No,Fiber optic,No,No,Yes,Yes,No,No,Month-to-month,No,Credit card (automatic),80.31,535.43,Yes
CUST08077,Male,0,No,No,11,Yes,No,DSL,No,Yes,No,No,No,No,Month-to-month,No,Electronic check,52.61,562.22,Yes
CUST08078,Female,0,No,No,14,Yes,No,Fiber optic,No,No,Yes,Yes,No,No,Month-to-month,Yes,Mailed check,78.46,1070.38,No
CUST08079,Male,1,No,Yes,38,No,No phone service,Fiber optic,Yes,Yes,Yes,No,No,No,One year,No,Credit card (automatic),79.62,2958.59,No
CUST08080,Male,0,Yes,Yes,0,Yes,No,Fiber optic,No,No,No,No,No,No,Month-to-month,No,Credit card (automatic),67.79,67.35,Yes
CUST08081,Male,0,Yes,No,11,Yes,Yes,No,No internet service,No internet service,No internet service,No internet service,No internet service,No internet service,Month-to-month,Yes,Credit card (automatic),25.34,269.65,No
CUST08082,Male,0,No,No,10,Yes,Yes,Fiber optic,No,No,No,No,No,Yes,Two year,No,Electronic check,80.49,792.85,No
CUST08083,Female,0,No,Yes,58,Yes,No,Fiber optic,No,No,No,No,Yes,No,Month-to-month,No,Electronic check,69.55,4017.16,No
CUST08084,Female,0,Yes,Yes,5,No,No phone service,No,No internet service,No internet service,No internet service,No internet service,No internet service,No internet service,Month-to-month,No,Mailed check,18.0,89.69,No
CUST08085,Male,0,Yes,Yes,2,Yes,Yes,Fiber optic,No,Yes,Yes,No,No,No,Two year,Yes,Credit card (automatic),76.85,153.23,No
CUST08086,Male,0,Yes,No,3,Yes,No,Fiber optic,No,No,No,No,No,No,Month-to-month,Yes,Mailed check,63.13,187.87,No
CUST08087,Female,0,No,No,14,Yes,Yes,No,No internet service,No internet service,No internet service,No internet service,No internet service,No internet service,Month-to-month,Yes,Electronic check,35.66,488.16,No
CUST08088,Female,0,No,No,9,Yes,Yes,No,No internet service,No internet service,No internet service,No internet service,No internet service,No internet service,One year,Yes,Bank transfer (automatic),22.75,201.75,No
CUST08089,Female,0,No,Yes,28,Yes,Yes,No,No internet service,No internet service,No internet service,No internet service,No internet service,No internet service,Two year,No,Credit card (automatic),24.52,654.59,No
CUST08090,Female,1,Yes,No,7,Yes,No,Fiber optic,No,No,No,Yes,No,Yes,Two year,Yes,Electronic check,84.87,569.93,No
CUST08091,Male,0,Yes,Yes,2,No,No phone service,Fiber optic,No,Yes,No,No,Yes,Yes,Month-to-month,No,Mailed check,81.98,163.88,Yes
CUST08092,Female,0,Yes,No,9,Yes,No,No,No internet service,No internet service,No internet service,No internet service,No internet service,No internet service,One year,No,Credit card (automatic),18.0,154.1,No
CUST08093,Male,0,Yes,No,42,Yes,No,DSL,No,No,Yes,Yes,No,No,One year,No,Electronic check,60.16,2404.17,No
CUST08094,Female,0,No,No,10,Yes,Yes,No,No internet service,No internet service,No internet service,No internet service,No internet service,No internet service,Month-to-month,Yes,Mailed check,18.0,173.15,Yes
CUST08095,Female,0,Yes,No,35,Yes,Yes,No,No internet service,No internet service,No internet service,No internet service,No internet service,No internet service,Month-to-month,Yes,Electronic check,25.8,883.31,No
CUST08096,Female,0,No,No,9,Yes,No,No,No internet service,No internet service,No internet service,No internet service,No internet service,No internet service,One year,Yes,Electronic check,18.0,155.51,No
CUST08097,Female,1,No,No,6,Yes,Yes,DSL,Yes,Yes,No,Yes,No,No,Month-to-month,Yes,Bank transfer (automatic),57.04,326.88,Yes
CUST08098,Female,1,No,No,29,Yes,No,No,No internet service,No internet service,No internet service,No internet service,No internet service,No internet service,Month-to-month,No,Electronic check,19.02,528.03,No
CUST08099,Male,0,Yes,Yes,4,No,No phone service,Fiber optic,No,Yes,No,No,No,No,Month-to-month,Yes,Credit card (automatic),76.63,298.29,No
CUST08100,Male,0,Yes,No,5,Yes,Yes,Fiber optic,Yes,Yes,No,No,No,Yes,Month-to-month,Yes,Credit card (automatic),82.76,404.06,No
CUST08101,Female,1,Yes,Yes,1,Yes,Yes,No,No internet service,No internet service,No internet service,No internet service,No internet service,No internet service,Month-to-month,Yes,Bank transfer (automatic),20.87,20.09,Yes
CUST08102,Female,0,No,No,4,Yes,No,Fiber optic,No,No,No,No,No,Yes,Month-to-month,Yes,Bank transfer (automatic),73.16,291.96,Yes
CUST08103,Male,1,No,Yes,9,No,No phone service,DSL,No,No,No,No,No,No,Month-to-month,No,Credit card (automatic),54.88,489.23,No
CUST08104,Female,0,Yes,Yes,10,No,No phone service,Fiber optic,No,No,Yes,Yes,No,Yes,Two year,No,Bank transfer (automatic),88.04,857.08,No
CUST08105,Female,0,Yes,No,10,Yes,No,DSL,No,No,No,No,Yes,No,Month-to-month,No,Electronic check,59.44,569.62,No
CUST08106,Male,0,No,No,13,Yes,No,Fiber optic,No,Yes,Yes,Yes,No,Yes,Month-to-month,Yes,Mailed check,92.24,1192.6,Yes
CUST08107,Female,0,No,No,16,Yes,No,Fiber optic,No,No,Yes,No,No,Yes,Two year,No,Mailed check,83.24,1275.53,No
CUST08108,Female,0,No,Yes,4,Yes,Yes,Fiber optic,No,Yes,No,Yes,Yes,Yes,Two year,Yes,Bank transfer (automatic),84.98,334.54,No
CUST08109,Male,0,Yes,Yes,19,Yes,Yes,DSL,Yes,No,Yes,No,No,Yes,Month-to-month,No,Mailed check,62.96,1173.83,Yes
CUST08110,Male,0,Yes,No,8,Yes,No,DSL,Yes,No,Yes,No,No,No,Month-to-month,Yes,Credit card (automatic),54.09,430.15,No
CUST08111,Male,0,Yes,No,26,Yes,No,Fiber optic,Yes,Yes,Yes,No,No,No,One year,No,Bank transfer (automatic),95.65,2402.1,Yes
CUST08112,Female,0,Yes,No,16,Yes,No,Fiber optic,Yes,No,Yes,No,No,Yes,Two year,Yes,Mailed check,83.78,1290.06,No
CUST08113,Male,0,No,No,16,Yes,No,Fiber optic,No,No,No,No,No,No,Month-to-month,Yes,Bank transfer (automatic),77.48,1204.0,No
CUST08114,Male,0,Yes,No,23,Yes,Yes,Fiber optic,Yes,No,No,Yes,No,Yes,Month-to-month,Yes,Electronic check,71.69,1639.16,No
CUST08115,Male,0,Yes,No,8,Yes,Yes,Fiber optic,No,Yes,Yes,Yes,Yes,Yes,Two year,Yes,Mailed check,94.66,724.57,No
CUST08116,Male,0,No,No,11,Yes,Yes,No,No internet service,No internet service,No internet service,No internet service,No internet service,No internet service,Month-to-month,No,Electronic check,20.22,221.83,Yes
CUST08117,Male,1,Yes,No,17,Yes,Yes,DSL,Yes,Yes,Yes,No,No,No,One year,Yes,Mailed check,61.15,1021.96,No
CUST08118,Male,1,No,Yes,10,Yes,Yes,DSL,No,No,No,No,Yes,No,One year,Yes,Electronic check,50.15,478.3,No
CUST08119,Female,0,Yes,Yes,11,Yes,Yes,DSL,Yes,No,No,No,No,No,Month-to-month,No,Credit card (automatic),58.26,628.2,No
CUST08120,Female,0,No,No,6,Yes,No,DSL,Yes,No,No,No,No,Yes,Month-to-month,No,Mailed check,58.69,343.87,No
CUST08121,Male,0,Yes,Yes,6,Yes,Yes,No,No internet service,No internet service,No internet service,No internet service,No internet service,No internet service,One year,No,Mailed check,20.33,119.72,No
CUST08122,Male,1,No,Yes,24,Yes,No,No,No internet service,No internet service,No internet service,No internet service,No internet service,No internet service,One year,Yes,Electronic check,23.59,551.85,No
CUST08123,Male,0,Yes,No,0,Yes,Yes,No,No internet service,No internet service,No internet service,No internet service,No internet service,No internet service,Two year,Yes,Electronic check,18.0,17.82,No
CUST08124,Female,0,Yes,No,2,Yes,Yes,Fiber optic,No,No,Yes,No,No,No,One year,Yes,Electronic check,73.46,145.73,No
CUST08125,Female,0,No,No,59,Yes,No,Fiber optic,No,No,No,No,Yes,Yes,Month-to-month,Yes,Bank transfer (automatic),79.3,4575.4,No
CUST08126,Female,0,Yes,No,4,No,No phone service,Fiber optic,Yes,Yes,No,No,Yes,No,One year,No,Bank transfer (automatic),87.58,334.44,No
CUST08127,Female,0,Yes,No,10,Yes,No,Fiber optic,No,Yes,No,No,Yes,Yes,Month-to-month,No,Credit card (automatic),72.87,710.54,No
CUST08128,Female,0,No,No,37,Yes,No,No,No internet service,No internet service,No internet service,No internet service,No internet service,No internet service,One year,Yes,Bank transfer (automatic),21.93,774.69,No
CUST08129,Female,1,No,Yes,0,No,No phone service,DSL,Yes,No,No,Yes,No,No,Month-to-month,Yes,Bank transfer (automatic),52.12,49.57,Yes
CUST08130,Female,1,Yes,No,51,Yes,No,DSL,No,Yes,Yes,No,No,No,One year,No,Bank transfer (automatic),59.37,2941.69,No
CUST08131,Female,0,Yes,No,1,Yes,No,No,No internet service,No internet service,No internet service,No internet service,No internet service,No internet service,One year,Yes,Mailed check,24.59,24.55,No
CUST08132,Female,0,Yes,No,3,Yes,Yes,No,No internet service,No internet service,No internet service,No internet service,No internet service,No internet service,One year,Yes,Credit card (automatic),19.88,57.17,No
CUST08133,Male,0,Yes,No,0,Yes,No,No,No internet service,No internet service,No internet service,No internet service,No internet service,No internet service,Two year,Yes,Bank transfer (automatic),18.0,17.82,No
CUST08134,Male,0,No,No,14,Yes,No,Fiber optic,No,Yes,No,No,No,Yes,Month-to-month,No,Electronic check,78.8,1048.59,No
CUST08135,Male,0,No,No,57,Yes,Yes,No,No internet service,No internet service,No internet service,No internet service,No internet service,No internet service,Month-to-month,Yes,Mailed check,18.0,979.41,No
CUST08136,Male,0,Yes,No,36,Yes,Yes,DSL,No,No,Yes,Yes,No,No,Month-to-month,No,Electronic check,54.66,1951.85,Yes
CUST08137,Female,0,No,No,20,Yes,Yes,DSL,No,Yes,No,No,Yes,Yes,Two year,Yes,Electronic check,60.79,1178.15,No
CUST08138,Female,0,No,No,4,Yes,No,Fiber optic,No,No,No,No,No,No,Month-to-month,No,Mailed check,69.41,277.2,No
CUST08139,Male,0,No,No,40,Yes,No,No,No internet service,No internet service,No internet service,No internet service,No internet service,No internet service,Month-to-month,Yes,Mailed check,18.59,708.72,Yes
CUST08140,Female,0,Yes,No,28,Yes,Yes,DSL,No,No,Yes,No,No,No,Two year,Yes,Mailed check,49.95,1352.09,No
CUST08141,Male,0,Yes,No,6,Yes,Yes,Fiber optic,No,No,No,No,Yes,No,Two year,Yes,Mailed check,73.64,432.63,Yes
CUST08142,Female,1,No,Yes,32,Yes,Yes,Fiber optic,No,No,No,Yes,No,No,Two year,No,Electronic check,81.8,2576.5,No
CUST08143,Male,1,Yes,Yes,41,Yes,Yes,Fiber optic,No,No,No,No,Yes,No,Month-to-month,No,Electronic check,79.3,3171.05,No
CUST08144,Female,1,Yes,No,23,Yes,Yes,DSL,No,Yes,Yes,No,No,No,Two year,No,Mailed check,51.73,1180.45,No
CUST08145,Female,0,Yes,No,2,Yes,Yes,DSL,Yes,No,Yes,No,Yes,Yes,Month-to-month,No,Electronic check,57.29,112.65,Yes
CUST08146,Male,0,Yes,Yes,72,Yes,No,No,No internet service,No internet service,No internet service,No internet service,No internet service,No internet service,One year,No,Electronic check,27.53,1975.95,Yes
CUST08147,Female,0,No,No,1,Yes,No,Fiber optic,No,No,Yes,No,No,Yes,Month-to-month,Yes,Electronic check,82.12,81.22,Yes
CUST08148,Male,1,No,No,21,Yes,Yes,Fiber optic,Yes,Yes,Yes,No,No,Yes,One year,No,Bank transfer (automatic),85.63,1795.16,No
CUST08149,Male,0,Yes,No,2,Yes,No,Fiber optic,No,No,Yes,No,No,No,Month-to-month,No,Electronic check,66.62,131.49,Yes
CUST08150,Male,0,Yes,Yes,47,Yes,Yes,DSL,No,Yes,Yes,No,No,Yes,Month-to-month,No,Bank transfer (automatic),59.01,2668.02,No
CUST08151,Male,0,No,No,8,Yes,No,DSL,No,No,No,No,Yes,No,One year,Yes,Bank transfer (automatic),50.07,390.91,No
CUST08152,Female,0,Yes,No,14,Yes,Yes,DSL,No,No,Yes,No,Yes,Yes,Month-to-month,No,Electronic check,61.86,837.76,No
CUST08153,Female,0,No,No,3,Yes,No,DSL,No,Yes,No,No,No,Yes,Month-to-month,Yes,Credit card (automatic),60.2,175.76,Yes
CUST08154,Female,0,No,Yes,15,Yes,Yes,DSL,Yes,Yes,No,Yes,Yes,No,Month-to-month,Yes,Bank transfer (automatic),63.84,932.97,No
CUST08155,Male,0,Yes,No,55,Yes,No,Fiber optic,No,No,No,No,No,No,Two year,Yes,Bank transfer (automatic),66.7,3659.51,No
CUST08156,Female,0,No,Yes,46,Yes,No,No,No internet service,No internet service,No internet service,No internet service,No internet service,No internet service,Month-to-month,No,Bank transfer (automatic),23.77,1079.24,No
CUST08157,Male,1,No,No,1,Yes,No,No,No internet service,No internet service,No internet service,No internet service,No internet service,No internet service,Two year,Yes,Electronic check,18.09,17.88,No
CUST08158,Female,0,Yes,Yes,9,Yes,Yes,No,No internet service,No internet service,No internet service,No internet service,No internet service,No internet service,One year,Yes,Electronic check,22.47,201.25,No
CUST08159,Female,0,Yes,No,6,Yes,No,Fiber optic,No,No,No,No,No,No,One year,No,Credit card (automatic),68.06,388.12,No
CUST08160,Female,0,No,Yes,13,No,No phone service,DSL,No,No,No,Yes,Yes,No,Month-to-month,No,Credit card (automatic),56.81,728.9,No
CUST08161,Male,1,Yes,Yes,35,No,No phone service,Fiber optic,No,No,Yes,No,Yes,Yes,One year,Yes,Credit card (automatic),81.03,2799.8,No
CUST08162,Female,0,No,No,26,Yes,No,DSL,No,No,Yes,No,No,No,Month-to-month,No,Electronic check,52.78,1337.14,No
CUST08163,Female,1,No,No,8,Yes,Yes,Fiber optic,Yes,Yes,No,Yes,No,No,Month-to-month,No,Bank transfer (automatic),88.81,685.75,No
CUST08164,Male,0,Yes,No,9,Yes,Yes,DSL,No,No,No,No,Yes,No,One year,Yes,Mailed check,53.5,458.65,Yes
CUST08165,Female,1,Yes,No,21,Yes,No,DSL,No,No,No,Yes,Yes,Yes,Two year,Yes,Electronic check,59.79,1253.62,No
CUST08166,Male,1,No,No,4,Yes,No,DSL,Yes,Yes,No,No,No,Yes,Month-to-month,Yes,Electronic check,60.76,236.88,Yes
CUST08167,Female,0,Yes,Yes,2,Yes,No,No,No internet service,No internet service,No internet service,No internet service,No internet service,No internet service,Month-to-month,No,Electronic check,19.36,37.01,Yes
CUST08168,Male,0,No,No,5,No,No phone service,No,No internet service,No internet service,No internet service,No internet service,No internet service,No internet service,Two year,Yes,Electronic check,18.5,90.96,No
CUST08169,Male,0,No,No,2,Yes,No,DSL,No,No,Yes,Yes,Yes,Yes,Two year,No,Bank transfer (automatic),57.14,113.03,No
CUST08170,Female,0,No,No,8,Yes,No,Fiber optic,No,No,Yes,No,No,No,Month-to-month,Yes,Mailed check,65.93,525.34,No
CUST08171,Male,0,Yes,Yes,55,Yes,No,DSL,No,No,No,Yes,No,Yes,Month-to-month,Yes,Credit card (automatic),53.39,2861.09,No
CUST08172,Male,0,No,No,2,Yes,Yes,DSL,No,Yes,Yes,No,No,No,Month-to-month,No,Bank transfer (automatic),50.79,100.61,Yes
CUST08173,Male,0,No,Yes,34,Yes,Yes,DSL,No,No,Yes,Yes,No,Yes,Two year,No,Mailed check,52.82,1782.93,No
CUST08174,Male,0,No,No,15,Yes,No,Fiber optic,Yes,No,No,No,Yes,No,Month-to-month,Yes,Electronic check,79.68,1148.19,No
CUST08175,Male,0,Yes,Yes,20,Yes,No,Fiber optic,No,No,No,No,Yes,No,Two year,No,Electronic check,84.35,1638.07,No
CUST08176,Male,0,No,Yes,3,Yes,No,Fiber optic,Yes,No,Yes,Yes,No,No,Two year,No,Mailed check,79.47,233.69,No
CUST08177,Female,0,No,No,3,Yes,No,No,No internet service,No internet service,No internet service,No internet service,No internet service,No internet service,Two year,Yes,Credit card (automatic),28.18,82.59,No
CUST08178,Male,0,Yes,No,3,Yes,Yes,Fiber optic,No,Yes,No,Yes,Yes,No,Two year,No,Mailed check,81.77,245.25,No
CUST08179,Male,0,No,No,21,Yes,No,No,No internet service,No internet service,No internet service,No internet service,No internet service,No internet service,Month-to-month,No,Bank transfer (automatic),23.29,473.75,No
CUST08180,Female,0,Yes,Yes,27,Yes,Yes,Fiber optic,Yes,No,No,Yes,No,No,Month-to-month,No,Mailed check,73.9,1982.05,No
CUST08181,Female,1,Yes,Yes,50,Yes,Yes,No,No internet service,No internet service,No internet service,No internet service,No internet service,No internet service,One year,No,Electronic check,26.69,1280.75,No
CUST08182,Female,0,No,No,10,No,No phone service,Fiber optic,No,No,No,Yes,No,No,Month-to-month,Yes,Mailed check,73.86,735.21,Yes
CUST08183,Female,0,Yes,No,12,Yes,Yes,Fiber optic,Yes,No,No,Yes,No,No,Month-to-month,Yes,Bank transfer (automatic),86.13,982.57,No
CUST08184,Female,0,No,Yes,12,Yes,No,Fiber optic,No,No,Yes,Yes,Yes,No,Month-to-month,No,Electronic check,85.24,1009.07,No
CUST08185,Female,0,No,No,6,Yes,Yes,DSL,No,No,Yes,No,No,No,Two year,Yes,Bank transfer (automatic),46.38,270.86,No
CUST08186,Female,1,Yes,Yes,7,Yes,No,DSL,Yes,No,No,No,No,Yes,Two year,No,Credit card (automatic),47.0,312.69,No
CUST08187,Male,1,Yes,No,37,Yes,No,DSL,No,No,No,No,No,Yes,Month-to-month,Yes,Credit card (automatic),54.77,2015.79,No
CUST08188,Male,0,No,Yes,8,Yes,No,Fiber optic,Yes,No,No,No,Yes,Yes,Month-to-month,No,Credit card (automatic),85.63,673.57,No
CUST08189,Female,0,No,Yes,40,Yes,No,DSL,No,Yes,No,No,Yes,Yes,One year,Yes,Electronic check,58.94,2325.31,No
CUST08190,Male,0,No,Yes,7,Yes,Yes,Fiber optic,No,No,Yes,Yes,No,Yes,Two year,No,Credit card (automatic),77.76,533.76,No
CUST08191,Male,0,No,Yes,8,Yes,No,No,No internet service,No internet service,No internet service,No internet service,No internet service,No internet service,Month-to-month,Yes,Electronic check,21.02,167.46,No
CUST08192,Male,1,Yes,Yes,16,Yes,Yes,No,No internet service,No internet service,No internet service,No internet service,No internet service,No internet service,Two year,Yes,Electronic check,20.99,332.77,No
CUST08193,Female,0,Yes,No,2,No,No phone service,Fiber optic,No,No,Yes,No,No,No,Two year,No,Mailed check,68.3,131.79,No
CUST08194,Female,0,No,Yes,51,Yes,No,DSL,Yes,No,Yes,Yes,No,Yes,Two year,No,Electronic check,70.57,3480.36,No
CUST08195,Male,0,No,Yes,34,Yes,No,DSL,No,No,No,No,No,No,One year,No,Credit card (automatic),39.46,1283.09,No
CUST08196,Female,1,Yes,Yes,22,Yes,Yes,DSL,No,No,No,No,No,Yes,Two year,Yes,Bank transfer (automatic),47.92,1004.05,No
CUST08197,Male,0,No,No,72,Yes,Yes,Fiber optic,No,No,No,Yes,No,Yes,Two year,Yes,Bank transfer (automatic),69.35,4938.23,No
CUST08198,Male,0,No,No,0,No,No phone service,No,No internet service,No internet service,No internet service,No internet service,No internet service,No internet service,Month-to-month,No,Credit card (automatic),19.69,19.03,Yes
CUST08199,Male,0,No,No,10,No,No phone service,DSL,No,No,Yes,No,Yes,No,Month-to-month,Yes,Bank transfer (automatic),51.5,503.17,No
CUST08200,Male,0,Yes,No,39,Yes,No,Fiber optic,No,No,No,Yes,No,Yes,Two year,Yes,Mailed check,85.39,3281.16,No
CUST08201,Female,0,No,Yes,11,Yes,Yes,Fiber optic,No,No,No,Yes,No,No,Month-to-month,No,Electronic check,71.01,770.04,No
CUST08202,Female,1,No,Yes,0,Yes,Yes,DSL,No,Yes,No,Yes,No,No,Month-to-month,Yes,Credit card (automatic),52.8,52.45,Yes
CUST08203,Female,0,No,No,3,No,No phone service,No,No internet service,No internet service,No internet service,No internet service,No internet service,No internet service,Two year,Yes,Bank transfer (automatic),27.27,81.04,Yes
CUST08204,Male,0,No,No,11,Yes,No,Fiber optic,Yes,No,No,No,No,No,Two year,Yes,Bank transfer (automatic),77.01,834.07,No
CUST08205,Female,0,No,No,22,Yes,No,No,No internet service,No internet service,No internet service,No internet service,No internet service,No internet service,Month-to-month,No,Bank transfer (automatic),18.0,380.25,No
CUST08206,Male,0,No,No,3,Yes,Yes,Fiber optic,No,Yes,No,No,No,Yes,Month-to-month,No,Bank transfer (automatic),72.97,217.09,No
CUST08207,Female,0,No,No,11,Yes,No,DSL,No,No,No,Yes,Yes,No,Month-to-month,Yes,Bank transfer (automatic),55.23,580.49,Yes
CUST08208,Male,0,Yes,No,0,Yes,Yes,DSL,No,No,No,No,No,No,Month-to-month,Yes,Mailed check,41.65,40.05,Yes
CUST08209,Male,0,Yes,Yes,12,Yes,No,DSL,No,No,No,No,No,Yes,Two year,Yes,Mailed check,48.62,564.01,No
CUST08210,Male,1,No,Yes,45,No,No phone service,Fiber optic,No,Yes,Yes,No,No,No,One year,Yes,Credit card (automatic),79.84,3514.68,No
CUST08211,Female,0,Yes,No,18,No,No phone service,No,No internet service,No internet service,No internet service,No internet service,No internet service,No internet service,Two year,Yes,Credit card (automatic),29.67,532.56,No
CUST08212,Female,0,Yes,Yes,11,Yes,No,Fiber optic,No,Yes,No,No,Yes,No,Month-to-month,Yes,Mailed check,76.17,820.03,No
CUST08213,Female,0,Yes,No,3,No,No phone service,Fiber optic,No,Yes,No,No,No,No,Month-to-month,No,Bank transfer (automatic),75.58,222.82,Yes
CUST08214,Female,0,Yes,No,4,Yes,Yes,Fiber optic,No,No,No,Yes,No,No,Two year,Yes,Mailed check,69.64,272.81,No
CUST08215,Male,0,Yes,No,1,Yes,Yes,Fiber optic,Yes,Yes,Yes,No,No,Yes,Month-to-month,Yes,Mailed check,95.18,90.83,Yes
CUST08216,Female,0,Yes,Yes,27,Yes,Yes,DSL,Yes,No,No,No,No,Yes,Month-to-month,Yes,Bank transfer (automatic),53.7,1399.24,Yes
CUST08217,Female,0,No,No,1,Yes,No,DSL,No,No,Yes,No,No,No,Two year,Yes,Electronic check,44.13,43.97,No
CUST08218,Male,0,No,No,9,Yes,No,DSL,No,No,Yes,No,No,No,Two year,Yes,Mailed check,48.19,417.16,No
CUST08219,Male,0,No,No,27,Yes,No,Fiber optic,Yes,Yes,Yes,No,No,No,Month-to-month,Yes,Bank transfer (automatic),89.99,2358.46,No
CUST08220,Male,0,Yes,Yes,24,No,No phone service,Fiber optic,No,No,No,No,No,Yes,One year,No,Bank transfer (automatic),68.03,1598.59,No
CUST08221,Female,1,No,Yes,17,Yes,Yes,DSL,No,Yes,No,No,No,Yes,Month-to-month,Yes,Credit card (automatic),59.89,1005.62,No
CUST08222,Male,0,No,No,16,Yes,No,No,No internet service,No internet service,No internet service,No internet service,No internet service,No internet service,Two year,No,Electronic check,18.0,281.74,No
CUST08223,Male,0,No,No,1,Yes,No,DSL,No,No,No,No,Yes,No,Two year,Yes,Mailed check,50.84,49.43,No
CUST08224,Male,0,Yes,No,3,Yes,Yes,DSL,No,Yes,No,No,No,No,Month-to-month,Yes,Electronic check,56.42,166.71,No
CUST08225,Female,0,Yes,No,15,Yes,No,Fiber optic,Yes,No,No,No,No,Yes,Month-to-month,No,Mailed check,81.29,1195.58,Yes
CUST08226,Male,0,No,No,8,Yes,Yes,Fiber optic,No,No,No,No,No,No,Two year,No,Electronic check,70.82,552.66,No
CUST08227,Female,0,No,No,0,No,No phone service,No,No internet service,No internet service,No internet service,No internet service,No internet service,No internet service,Month-to-month,Yes,Electronic check,19.11,18.72,Yes
CUST08228,Female,0,No,Yes,32,Yes,No,Fiber optic,No,Yes,No,No,No,Yes,Two year,Yes,Electronic check,73.24,2274.17,No
CUST08229,Male,0,No,No,21,Yes,No,DSL,Yes,No,No,No,No,No,Two year,Yes,Mailed check,51.16,1048.17,No
CUST08230,Male,0,Yes,Yes,7,Yes,No,No,No internet service,No internet service,No internet service,No internet service,No internet service,No internet service,Two year,No,Credit card (automatic),21.62,147.17,No
CUST08231,Female,0,No,Yes,2,Yes,Yes,No,No internet service,No internet service,No internet service,No internet service,No internet service,No internet service,One year,Yes,Electronic check,18.78,37.56,No
CUST08232,Male,1,Yes,Yes,17,No,No phone service,No,No internet service,No internet service,No internet service,No internet service,No internet service,No internet service,Month-to-month,No,Credit card (automatic),18.0,291.55,No
CUST08233,Male,0,No,No,8,Yes,No,No,No internet service,No internet service,No internet service,No internet service,No internet service,No internet service,Month-to-month,Yes,Credit card (automatic),18.99,149.33,No
CUST08234,Female,0,No,Yes,5,Yes,No,DSL,Yes,Yes,Yes,No,Yes,No,One year,Yes,Mailed check,62.04,298.45,No
CUST08235,Female,0,No,Yes,25,Yes,No,No,No internet service,No internet service,No internet service,No internet service,No internet service,No internet service,Month-to-month,No,Mailed check,18.0,435.89,Yes
CUST08236,Male,0,Yes,No,7,No,No phone service,No,No internet service,No internet service,No internet service,No internet service,No internet service,No internet service,One year,No,Bank transfer (automatic),19.33,129.83,No
CUST08237,Female,0,Yes,Yes,2,Yes,No,Fiber optic,No,No,No,No,No,Yes,Month-to-month,Yes,Bank transfer (automatic),70.22,138.7,Yes
CUST08238,Male,0,No,No,13,Yes,Yes,Fiber optic,Yes,No,No,No,No,No,Month-to-month,Yes,Electronic check,74.72,936.74,No
CUST08239,Male,0,No,No,35,Yes,No,Fiber optic,No,No,No,No,Yes,Yes,Month-to-month,No,Credit card (automatic),78.43,2697.59,No
CUST08240,Male,0,No,No,37,Yes,Yes,DSL,No,Yes,Yes,No,No,No,Two year,Yes,Electronic check,51.88,1878.14,No
CUST08241,Female,0,No,Yes,37,Yes,Yes,Fiber optic,No,Yes,Yes,No,Yes,No,Month-to-month,Yes,Mailed check,78.75,2830.5,No
CUST08242,Male,0,Yes,Yes,10,No,No phone service,No,No internet service,No internet service,No internet service,No internet service,No internet service,No internet service,Month-to-month,Yes,Mailed check,27.29,263.91,No
CUST08243,Male,1,No,No,31,Yes,No,Fiber optic,No,No,No,No,No,No,Month-to-month,Yes,Credit card (automatic),75.01,2290.37,No
CUST08244,Male,0,No,No,37,Yes,No,Fiber optic,No,No,Yes,No,No,Yes,Month-to-month,Yes,Electronic check,75.63,2733.59,No
CUST08245,Female,1,No,Yes,12,Yes,No,Fiber optic,No,No,No,Yes,No,No,Two year,Yes,Bank transfer (automatic),75.53,863.18,No
CUST08246,Female,0,Yes,No,7,Yes,Yes,DSL,No,No,No,No,Yes,No,One year,No,Credit card (automatic),51.87,358.35,No
CUST08247,Female,0,No,No,24,Yes,Yes,Fiber optic,No,No,No,Yes,No,Yes,Month-to-month,No,Mailed check,82.32,1951.65,No
CUST08248,Female,1,Yes,Yes,46,Yes,Yes,Fiber optic,No,Yes,No,No,No,No,Month-to-month,No,Credit card (automatic),76.71,3426.07,Yes
CUST08249,Female,0,No,No,71,Yes,Yes,DSL,No,No,No,No,No,No,Two year,Yes,Credit card (automatic),46.04,3108.6,No
CUST08250,Male,1,No,Yes,6,Yes,Yes,No,No internet service,No internet service,No internet service,No internet service,No internet service,No internet service,One year,Yes,Electronic check,24.63,141.8,No
CUST08251,Female,0,Yes,No,62,Yes,Yes,No,No internet service,No internet service,No internet service,No internet service,No internet service,No internet service,Month-to-month,Yes,Credit card (automatic),18.0,1092.23,No
CUST08252,Female,0,Yes,No,13,Yes,Yes,DSL,No,No,Yes,Yes,No,No,Month-to-month,Yes,Bank transfer (automatic),53.57,687.92,No
CUST08253,Female,1,No,Yes,7,No,No phone service,Fiber optic,No,Yes,Yes,No,No,No,Month-to-month,No,Credit card (automatic),87.27,582.95,No
CUST08254,Male,0,No,No,72,Yes,No,Fiber optic,No,No,No,No,Yes,No,Month-to-month,No,Electronic check,69.15,4897.37,No
CUST08255,Female,1,Yes,No,42,Yes,No,Fiber optic,No,No,Yes,No,No,No,Two year,No,Mailed check,75.51,3092.34,No
CUST08256,Female,1,Yes,No,23,Yes,Yes,Fiber optic,No,Yes,No,Yes,No,No,Month-to-month,Yes,Bank transfer (automatic),72.69,1607.88,No
CUST08257,Male,0,No,No,45,Yes,Yes,Fiber optic,Yes,No,Yes,No,No,Yes,Two year,Yes,Bank transfer (automatic),85.09,3730.65,No
CUST08258,Female,0,No,No,22,Yes,Yes,DSL,Yes,No,No,No,Yes,No,Month-to-month,Yes,Credit card (automatic),47.32,992.3,No
CUST08259,Male,0,Yes,No,11,Yes,Yes,DSL,Yes,No,No,No,Yes,No,Month-to-month,Yes,Electronic check,51.94,561.6,Yes
CUST08260,Male,0,No,Yes,59,No,No phone service,DSL,No,Yes,No,No,Yes,No,Two year,Yes,Mailed check,52.04,2936.15,No
CUST08261,Male,0,Yes,Yes,66,Yes,Yes,Fiber optic,No,Yes,No,No,No,No,Month-to-month,Yes,Mailed check,78.85,4949.89,No
CUST08262,Male,0,Yes,No,7,Yes,No,DSL,Yes,Yes,No,No,No,No,One year,No,Credit card (automatic),52.06,346.68,No
CUST08263,Male,0,Yes,No,8,Yes,No,Fiber optic,Yes,No,No,No,Yes,No,Two year,Yes,Electronic check,80.6,635.49,No
CUST08264,Female,0,No,Yes,9,Yes,Yes,DSL,Yes,Yes,No,Yes,No,No,Two year,No,Electronic check,58.4,505.73,No
CUST08265,Male,1,Yes,No,34,Yes,Yes,Fiber optic,No,No,No,Yes,Yes,No,Month-to-month,No,Mailed check,87.95,2920.07,No
CUST08266,Male,0,No,No,31,Yes,Yes,DSL,Yes,Yes,No,No,No,No,Month-to-month,Yes,Bank transfer (automatic),47.4,1399.3,No
CUST08267,Female,0,Yes,No,72,Yes,Yes,DSL,No,Yes,No,Yes,Yes,No,Month-to-month,Yes,Credit card (automatic),50.14,3437.62,No
CUST08268,Male,0,No,Yes,12,Yes,Yes,No,No internet service,No internet service,No internet service,No internet service,No internet service,No internet service,Month-to-month,Yes,Bank transfer (automatic),18.0,214.36,No
CUST08269,Female,0,No,No,26,Yes,Yes,Fiber optic,No,Yes,No,Yes,No,No,Month-to-month,Yes,Bank transfer (automatic),88.53,2268.11,No
CUST08270,Female,0,No,No,38,Yes,No,Fiber optic,Yes,No,No,Yes,No,No,Month-to-month,Yes,Electronic check,75.52,2742.12,No
CUST08271,Female,0,No,No,5,Yes,No,Fiber optic,Yes,No,No,Yes,No,No,Month-to-month,Yes,Bank transfer (automatic),84.9,414.9,No
CUST08272,Male,1,No,Yes,19,Yes,Yes,No,No internet service,No internet service,No internet service,No internet service,No internet service,No internet service,Month-to-month,Yes,Electronic check,20.07,365.18,No
CUST08273,Male,0,No,No,15,Yes,No,Fiber optic,Yes,Yes,No,No,Yes,Yes,Two year,Yes,Mailed check,92.86,1377.51,No
CUST08274,Male,0,Yes,No,27,Yes,Yes,DSL,Yes,No,No,Yes,No,Yes,One year,Yes,Electronic check,68.51,1819.09,No
CUST08275,Female,1,Yes,No,23,Yes,No,No,No internet service,No internet service,No internet service,No internet service,No internet service,No internet service,Month-to-month,Yes,Electronic check,23.65,542.49,Yes
CUST08276,Male,1,No,Yes,33,Yes,Yes,DSL,No,No,Yes,No,Yes,Yes,Two year,No,Bank transfer (automatic),67.51,2179.31,No
CUST08277,Male,0,Yes,No,7,Yes,Yes,No,No internet service,No internet service,No internet service,No internet service,No internet service,No internet service,Month-to-month,Yes,Electronic check,29.92,203.08,No
CUST08278,Male,0,Yes,Yes,4,Yes,Yes,Fiber optic,Yes,No,No,No,Yes,Yes,Month-to-month,Yes,Electronic check,84.97,334.71,No
CUST08279,Female,0,No,Yes,32,Yes,Yes,DSL,No,No,No,Yes,No,No,Month-to-month,No,Electronic check,49.61,1555.33,No
CUST08280,Female,0,Yes,Yes,8,No,No phone service,No,No internet service,No internet service,No internet service,No internet service,No internet service,No internet service,Two year,No,Bank transfer (automatic),25.06,194.56,No
CUST08281,Male,0,No,Yes,6,Yes,Yes,DSL,No,No,Yes,No,Yes,No,Month-to-month,Yes,Bank transfer (automatic),49.86,290.48,No
CUST08282,Male,0,Yes,No,8,Yes,No,DSL,No,Yes,No,Yes,No,Yes,Month-to-month,Yes,Electronic check,59.07,452.47,Yes
CUST08283,Male,1,No,Yes,1,Yes,No,Fiber optic,No,No,Yes,Yes,Yes,No,Two year,Yes,Mailed check,90.57,88.2,No
CUST08284,Male,0,No,No,29,Yes,Yes,Fiber optic,No,No,No,No,Yes,No,Month-to-month,Yes,Bank transfer (automatic),83.49,2318.85,No
CUST08285,Female,0,No,No,25,Yes,Yes,DSL,No,Yes,Yes,No,No,No,Two year,Yes,Credit card (automatic),60.94,1460.47,No
CUST08286,Female,0,Yes,No,16,Yes,No,Fiber optic,No,No,No,No,No,No,Month-to-month,Yes,Electronic check,69.87,1070.73,No
CUST08287,Female,0,No,No,25,Yes,Yes,No,No internet service,No internet service,No internet service,No internet service,No internet service,No internet service,Two year,Yes,Electronic check,23.26,566.4,No
CUST08288,Female,0,No,No,9,Yes,No,DSL,No,Yes,Yes,Yes,No,No,One year,Yes,Electronic check,56.86,498.63,No
CUST08289,Male,0,No,No,7,No,No phone service,Fiber optic,No,No,Yes,Yes,Yes,No,Two year,No,Mailed check,87.8,585.83,No
CUST08290,Male,0,No,No,39,Yes,No,No,No internet service,No internet service,No internet service,No internet service,No internet service,No internet service,Two year,No,Bank transfer (automatic),18.0,689.72,No
CUST08291,Male,0,Yes,No,10,Yes,No,No,No internet service,No internet service,No internet service,No internet service,No internet service,No internet service,Two year,No,Mailed check,31.4,300.86,No
CUST08292,Female,0,No,No,4,No,No phone service,DSL,No,Yes,No,No,No,Yes,Month-to-month,No,Mailed check,61.36,238.84,Yes
CUST08293,Male,0,No,No,27,No,No phone service,Fiber optic,No,Yes,Yes,No,No,Yes,Two year,Yes,Mailed check,86.87,2299.56,No
CUST08294,Female,0,Yes,No,8,Yes,No,No,No internet service,No internet service,No internet service,No internet service,No internet service,No internet service,One year,Yes,Electronic check,18.0,137.19,No
CUST08295,Female,0,No,No,4,Yes,Yes,No,No internet service,No internet service,No internet service,No internet service,No internet service,No internet service,Month-to-month,No,Credit card (automatic),26.14,102.24,No
CUST08296,Male,0,No,Yes,0,No,No phone service,DSL,No,No,No,Yes,No,Yes,Two year,No,Bank transfer (automatic),47.29,47.09,No
CUST08297,Male,1,No,Yes,70,Yes,Yes,DSL,No,No,No,No,No,Yes,Month-to-month,Yes,Mailed check,44.01,2947.52,Yes
CUST08298,Male,0,Yes,No,12,Yes,No,DSL,No,Yes,No,Yes,No,Yes,Month-to-month,No,Bank transfer (automatic),54.62,652.74,No
CUST08299,Female,0,No,Yes,3,Yes,No,Fiber optic,No,No,No,No,No,No,Month-to-month,Yes,Electronic check,80.3,238.7,No
CUST08300,Male,1,No,No,28,Yes,No,DSL,Yes,Yes,No,No,No,Yes,One year,No,Bank transfer (automatic),53.51,1463.55,No
CUST08301,Female,1,No,Yes,43,Yes,Yes,No,No internet service,No internet service,No internet service,No internet service,No internet service,No internet service,One year,Yes,Electronic check,18.0,740.15,No
CUST08302,Male,0,No,No,15,Yes,Yes,DSL,Yes,No,Yes,No,Yes,No,One year,No,Electronic check,67.96,1005.31,No
CUST08303,Female,0,No,No,0,Yes,No,No,No internet service,No internet service,No internet service,No internet service,No internet service,No internet service,Month-to-month,No,Credit card (automatic),18.0,17.68,Yes
CUST08304,Female,0,No,Yes,9,Yes,No,DSL,No,No,Yes,Yes,No,No,One year,Yes,Bank transfer (automatic),54.01,477.98,No
CUST08305,Male,0,No,No,5,Yes,No,Fiber optic,No,Yes,No,No,No,No,Two year,Yes,Electronic check,79.83,381.78,No
CUST08306,Female,0,Yes,No,20,Yes,No,Fiber optic,Yes,Yes,No,No,No,Yes,Month-to-month,Yes,Credit card (automatic),79.91,1557.41,Yes
CUST08307,Female,0,Yes,No,14,Yes,No,Fiber optic,Yes,No,Yes,No,Yes,No,One year,No,Credit card (automatic),88.87,1222.63,No
CUST08308,Male,0,Yes,No,8,Yes,Yes,Fiber optic,No,No,Yes,No,No,No,Month-to-month,Yes,Bank transfer (automatic),73.88,575.25,No
CUST08309,Female,0,Yes,Yes,20,No,No phone service,Fiber optic,No,No,No,No,Yes,No,Month-to-month,No,Electronic check,61.95,1213.61,Yes
CUST08310,Male,0,Yes,No,17,Yes,Yes,DSL,Yes,No,No,Yes,Yes,Yes,One year,No,Mailed check,63.93,1063.14,No
CUST08311,Female,0,Yes,Yes,47,Yes,Yes,DSL,Yes,No,No,No,Yes,Yes,Month-to-month,Yes,Bank transfer (automatic),69.68,3181.11,No
CUST08312,Male,0,No,No,18,Yes,No,Fiber optic,No,No,No,No,Yes,No,One year,Yes,Electronic check,67.35,1160.84,No
CUST08313,Male,0,Yes,No,14,Yes,No,DSL,Yes,No,Yes,No,No,No,One year,No,Mailed check,65.64,910.35,No
CUST08314,Female,0,Yes,No,34,Yes,Yes,DSL,No,No,No,No,Yes,No,Month-to-month,Yes,Electronic check,50.43,1683.9,Yes
CUST08315,Female,0,Yes,No,4,No,No phone service,DSL,No,No,Yes,No,Yes,No,Month-to-month,No,Bank transfer (automatic),51.32,201.6,No
CUST08316,Female,0,No,No,5,Yes,No,Fiber optic,No,No,No,No,Yes,No,Two year,No,Mailed check,73.42,349.73,No
CUST08317,Female,1,Yes,Yes,30,Yes,No,Fiber optic,Yes,No,No,Yes,No,Yes,Month-to-month,Yes,Mailed check,94.72,2806.68,No
CUST08318,Female,0,Yes,No,11,Yes,Yes,DSL,No,Yes,No,No,Yes,No,One year,Yes,Mailed check,48.7,514.71,No
CUST08319,Male,0,Yes,No,10,Yes,No,DSL,Yes,No,No,No,No,Yes,Two year,Yes,Electronic check,55.76,548.81,No
CUST08320,Female,1,No,Yes,43,Yes,No,Fiber optic,No,Yes,Yes,Yes,No,No,Two year,Yes,Bank transfer (automatic),82.58,3494.54,No
CUST08321,Male,0,No,No,18,Yes,Yes,Fiber optic,No,No,No,No,Yes,Yes,One year,No,Bank transfer (automatic),81.05,1392.57,No
CUST08322,Male,0,No,No,32,No,No phone service,Fiber optic,Yes,No,Yes,No,No,No,Month-to-month,No,Electronic check,82.03,2563.6,No
CUST08323,Female,1,Yes,Yes,33,Yes,No,No,No internet service,No internet service,No internet service,No internet service,No internet service,No internet service,Month-to-month,Yes,Bank transfer (automatic),18.76,610.13,No
CUST08324,Male,0,No,No,2,Yes,No,Fiber optic,No,No,No,No,No,Yes,Month-to-month,Yes,Electronic check,76.51,151.33,Yes
CUST08325,Male,0,No,No,21,Yes,No,Fiber optic,Yes,No,Yes,No,Yes,No,One year,Yes,Bank transfer (automatic),83.45,1700.98,No
CUST08326,Male,0,Yes,Yes,60,Yes,No,Fiber optic,No,No,No,No,Yes,Yes,Month-to-month,No,Mailed check,77.96,4449.55,Yes
CUST08327,Male,0,Yes,No,13,Yes,No,Fiber optic,Yes,Yes,No,No,Yes,No,Two year,Yes,Bank transfer (automatic),85.47,1094.55,No
CUST08328,Female,0,Yes,No,26,Yes,No,DSL,No,Yes,No,No,Yes,Yes,One year,No,Mailed check,60.11,1509.18,No
CUST08329,Male,0,No,No,16,Yes,No,Fiber optic,Yes,Yes,No,Yes,Yes,No,Month-to-month,Yes,Mailed check,89.27,1373.9,No
CUST08330,Female,0,Yes,No,4,Yes,Yes,Fiber optic,No,No,No,No,Yes,Yes,Month-to-month,No,Electronic check,83.32,329.89,No
CUST08331,Female,0,Yes,No,4,Yes,No,Fiber optic,No,No,Yes,No,No,No,One year,No,Bank transfer (automatic),79.56,308.33,No
CUST08332,Male,0,No,No,11,Yes,Yes,DSL,No,Yes,No,No,No,No,Month-to-month,Yes,Electronic check,55.22,591.98,No
CUST08333,Female,0,No,Yes,13,Yes,Yes,Fiber optic,No,No,Yes,No,Yes,No,Two year,Yes,Mailed check,75.23,947.91,No
CUST08334,Female,0,No,No,13,Yes,No,No,No internet service,No internet service,No internet service,No internet service,No internet service,No internet service,Two year,Yes,Bank transfer (automatic),19.8,256.21,No
CUST08335,Female,0,No,Yes,62,Yes,Yes,Fiber optic,No,No,No,No,Yes,No,Two year,Yes,Electronic check,65.99,3973.65,No
CUST08336,Male,0,No,No,2,Yes,No,DSL,Yes,No,Yes,No,Yes,No,One year,Yes,Mailed check,58.16,112.67,No
CUST08337,Female,0,No,No,9,Yes,No,Fiber optic,No,No,No,No,Yes,Yes,Two year,No,Electronic check,78.67,680.21,No
CUST08338,Female,0,Yes,Yes,14,Yes,No,No,No internet service,No internet service,No internet service,No internet service,No internet service,No internet service,One year,Yes,Bank transfer (automatic),20.56,279.83,No
CUST08339,Female,0,Yes,No,65,Yes,Yes,Fiber optic,No,No,Yes,No,No,No,Month-to-month,Yes,Credit card (automatic),76.74,4862.52,No
CUST08340,Male,1,No,No,14,Yes,No,DSL,No,Yes,Yes,No,Yes,Yes,One year,Yes,Credit card (automatic),62.89,865.65,No
CUST08341,Female,0,No,Yes,29,Yes,No,Fiber optic,No,No,Yes,No,Yes,No,Month-to-month,No,Mailed check,78.46,2244.61,No
CUST08342,Male,0,No,Yes,27,Yes,Yes,No,No internet service,No internet service,No internet service,No internet service,No internet service,No internet service,Month-to-month,Yes,Electronic check,18.0,467.42,No
CUST08343,Male,0,Yes,No,16,Yes,Yes,Fiber optic,Yes,No,No,No,No,No,Two year,No,Credit card (automatic),68.16,1087.5,No
CUST08344,Male,1,Yes,Yes,2,Yes,Yes,DSL,No,No,No,Yes,No,Yes,Two year,Yes,Credit card (automatic),57.01,111.92,No
CUST08345,Male,0,Yes,No,4,Yes,Yes,Fiber optic,No,Yes,Yes,No,No,Yes,One year,No,Electronic check,89.02,340.1,No
CUST08346,Male,0,No,No,5,Yes,No,Fiber optic,Yes,No,Yes,No,No,Yes,Month-to-month,Yes,Electronic check,78.0,385.41,No
CUST08347,Male,0,No,No,0,Yes,No,Fiber optic,No,Yes,No,No,No,Yes,Month-to-month,No,Electronic check,74.37,73.26,Yes
CUST08348,Female,0,No,Yes,9,Yes,No,Fiber optic,No,No,Yes,No,No,Yes,Month-to-month,No,Credit card (automatic),77.86,689.97,Yes
CUST08349,Male,0,No,No,18,Yes,Yes,Fiber optic,Yes,Yes,No,No,No,No,Month-to-month,Yes,Electronic check,78.55,1398.53,Yes
CUST08350,Female,0,Yes,Yes,3,Yes,Yes,DSL,Yes,Yes,No,Yes,No,No,Two year,Yes,Mailed check,59.56,175.46,No
CUST08351,Female,1,Yes,No,3,Yes,No,Fiber optic,No,No,No,No,Yes,No,Month-to-month,No,Credit card (automatic),80.66,230.09,No
CUST08352,Male,0,Yes,No,24,Yes,No,Fiber optic,No,No,No,Yes,No,Yes,Month-to-month,Yes,Mailed check,74.77,1763.91,Yes
CUST08353,Female,0,No,No,3,Yes,No,Fiber optic,No,No,No,No,No,No,Two year,Yes,Mailed check,76.57,227.42,No
CUST08354,Female,1,Yes,No,2,Yes,No,DSL,Yes,No,No,Yes,No,No,Month-to-month,Yes,Mailed check,47.06,91.99,Yes
CUST08355,Female,0,No,No,72,Yes,No,Fiber optic,No,Yes,No,No,No,Yes,One year,No,Electronic check,79.12,5464.04,No
CUST08356,Female,0,No,No,0,Yes,Yes,DSL,No,No,No,Yes,No,No,One year,No,Electronic check,49.2,48.39,No
CUST08357,Male,0,Yes,Yes,7,No,No phone service,Fiber optic,No,Yes,Yes,Yes,Yes,Yes,One year,Yes,Bank transfer (automatic),102.07,680.45,No
CUST08358,Female,0,Yes,No,0,Yes,No,DSL,Yes,No,No,Yes,No,No,Month-to-month,Yes,Credit card (automatic),52.1,50.69,Yes
CUST08359,Male,0,Yes,Yes,36,Yes,No,DSL,Yes,No,No,No,No,Yes,Month-to-month,No,Bank transfer (automatic),53.7,1882.81,No
CUST08360,Female,0,No,No,17,Yes,No,Fiber optic,Yes,Yes,No,Yes,No,No,Month-to-month,Yes,Bank transfer (automatic),92.92,1578.23,Yes
CUST08361,Female,0,Yes,No,0,Yes,No,No,No internet service,No internet service,No internet service,No internet service,No internet service,No internet service,One year,No,Electronic check,23.19,22.24,No
CUST08362,Male,0,Yes,No,19,Yes,No,No,No internet service,No internet service,No internet service,No internet service,No internet service,No internet service,Month-to-month,Yes,Mailed check,18.0,334.13,No
CUST08363,Female,0,No,No,2,Yes,Yes,Fiber optic,No,No,No,No,Yes,No,Month-to-month,No,Mailed check,81.23,159.97,Yes
CUST08364,Female,0,No,Yes,13,No,No phone service,Fiber optic,No,Yes,No,No,No,No,Two year,No,Electronic check,72.12,891.37,No
CUST08365,Female,0,No,No,22,Yes,No,DSL,Yes,No,Yes,No,No,No,Month-to-month,No,Mailed check,49.96,1093.81,No
CUST08366,Male,0,No,Yes,3,Yes,No,DSL,Yes,No,No,No,Yes,Yes,Two year,No,Credit card (automatic),65.16,192.52,No
CUST08367,Female,0,No,Yes,13,Yes,No,Fiber optic,No,Yes,Yes,No,No,Yes,Two year,Yes,Credit card (automatic),81.27,1036.69,No
CUST08368,Male,0,No,Yes,12,Yes,No,No,No internet service,No internet service,No internet service,No internet service,No internet service,No internet service,Two year,Yes,Bank transfer (automatic),18.0,212.14,No
CUST08369,Female,1,Yes,No,49,Yes,Yes,No,No internet service,No internet service,No internet service,No internet service,No internet service,No internet service,Two year,No,Mailed check,24.0,1123.97,No
CUST08370,Male,0,Yes,No,72,Yes,No,No,No internet service,No internet service,No internet service,No internet service,No internet service,No internet service,Month-to-month,Yes,Electronic check,24.89,1788.32,Yes
CUST08371,Male,0,No,No,21,No,No phone service,No,No internet service,No internet service,No internet service,No internet service,No internet service,No internet service,One year,No,Mailed check,18.0,367.45,No
CUST08372,Female,0,No,Yes,38,Yes,No,DSL,Yes,No,No,No,Yes,No,One year,No,Credit card (automatic),60.14,2236.44,No
CUST08373,Female,0,No,No,20,Yes,No,No,No internet service,No internet service,No internet service,No internet service,No internet service,No internet service,Month-to-month,Yes,Electronic check,18.0,346.57,No
CUST08374,Male,0,No,No,41,Yes,No,Fiber optic,No,Yes,No,No,Yes,Yes,Month-to-month,Yes,Bank transfer (automatic),77.6,3040.24,No
CUST08375,Male,0,No,No,11,Yes,No,No,No internet service,No internet service,No internet service,No internet service,No internet service,No internet service,Month-to-month,Yes,Credit card (automatic),19.41,211.25,No
CUST08376,Female,0,Yes,Yes,18,Yes,No,Fiber optic,No,No,Yes,No,Yes,No,Month-to-month,No,Mailed check,76.82,1354.22,No
CUST08377,Male,0,Yes,No,37,Yes,Yes,Fiber optic,No,No,No,No,Yes,No,One year,Yes,Electronic check,76.38,2739.88,No
CUST08378,Female,1,Yes,No,50,Yes,Yes,DSL,No,No,Yes,No,No,No,Two year,Yes,Mailed check,53.58,2566.27,No
CUST08379,Female,0,No,Yes,0,Yes,No,DSL,Yes,No,Yes,No,No,No,Two year,Yes,Bank transfer (automatic),54.79,53.17,No
CUST08380,Female,0,Yes,No,2,Yes,No,Fiber optic,Yes,No,No,Yes,Yes,No,Month-to-month,Yes,Bank transfer (automatic),81.28,154.46,Yes
CUST08381,Female,0,Yes,Yes,53,Yes,No,No,No internet service,No internet service,No internet service,No internet service,No internet service,No internet service,Month-to-month,No,Mailed check,21.27,1125.86,No
CUST08382,Male,0,Yes,No,16,Yes,No,DSL,No,No,No,Yes,Yes,Yes,One year,No,Bank transfer (automatic),56.44,886.47,No
CUST08383,Female,0,Yes,Yes,72,Yes,Yes,DSL,No,No,No,Yes,Yes,No,Month-to-month,Yes,Electronic check,57.53,3994.74,No
CUST08384,Male,0,Yes,Yes,31,Yes,Yes,DSL,No,Yes,No,No,No,No,Two year,No,Electronic check,56.42,1737.13,No
CUST08385,Female,0,Yes,No,34,Yes,No,DSL,Yes,No,No,No,Yes,No,Two year,Yes,Credit card (automatic),57.65,1871.32,No
CUST08386,Male,0,No,No,9,Yes,No,DSL,Yes,Yes,No,No,No,No,One year,No,Electronic check,50.18,434.05,No
CUST08387,Female,0,Yes,No,5,Yes,No,DSL,No,No,Yes,No,No,Yes,Month-to-month,No,Bank transfer (automatic),61.18,295.53,No
CUST08388,Male,0,Yes,No,18,No,No phone service,DSL,Yes,No,No,No,No,Yes,Month-to-month,Yes,Electronic check,44.84,803.21,No
CUST08389,Male,0,No,No,42,Yes,Yes,No,No internet service,No internet service,No internet service,No internet service,No internet service,No internet service,Month-to-month,Yes,Mailed check,18.0,727.82,Yes
CUST08390,Female,0,No,No,25,Yes,No,No,No internet service,No internet service,No internet service,No internet service,No internet service,No internet service,Month-to-month,No,Electronic check,19.25,467.26,No
CUST08391,Female,1,Yes,No,12,Yes,Yes,DSL,Yes,Yes,Yes,Yes,No,No,Two year,No,Electronic check,66.03,777.18,No
CUST08392,Female,0,Yes,No,27,No,No phone service,No,No internet service,No internet service,No internet service,No internet service,No internet service,No internet service,Month-to-month,No,Electronic check,20.92,558.44,No
CUST08393,Female,0,No,No,23,Yes,No,DSL,Yes,Yes,No,No,Yes,No,Month-to-month,No,Credit card (automatic),67.72,1531.35,No
CUST08394,Male,0,Yes,No,48,Yes,Yes,Fiber optic,No,No,No,No,No,Yes,One year,No,Electronic check,73.87,3489.45,No
CUST08395,Female,0,Yes,Yes,6,Yes,No,Fiber optic,No,Yes,No,No,Yes,No,Month-to-month,No,Mailed check,80.25,475.3,Yes
CUST08396,Male,1,Yes,No,2,Yes,No,DSL,Yes,Yes,No,No,No,Yes,Two year,Yes,Bank transfer (automatic),54.49,106.73,No
CUST08397,Male,0,Yes,Yes,12,Yes,Yes,Fiber optic,Yes,No,Yes,No,Yes,No,Month-to-month,Yes,Credit card (automatic),88.51,1035.98,No
CUST08398,Female,0,No,No,8,Yes,Yes,No,No internet service,No internet service,No internet service,No internet service,No internet service,No internet service,Two year,Yes,Credit card (automatic),18.0,142.78,No
CUST08399,Male,0,No,No,72,Yes,Yes,DSL,No,Yes,No,Yes,Yes,No,Two year,No,Bank transfer (automatic),46.69,3313.5,No
CUST08400,Male,0,No,No,0,Yes,Yes,DSL,No,No,No,No,No,No,Two year,Yes,Credit card (automatic),44.79,43.62,No
CUST08401,Male,0,No,Yes,54,Yes,No,No,No internet service,No internet service,No internet service,No internet service,No internet service,No internet service,Month-to-month,Yes,Credit card (automatic),22.75,1219.19,No
CUST08402,Male,0,Yes,No,62,Yes,No,DSL,No,Yes,No,No,No,Yes,Month-to-month,Yes,Mailed check,62.41,3709.98,No
CUST08403,Female,0,No,Yes,1,Yes,No,Fiber optic,No,No,No,Yes,Yes,No,Two year,No,Electronic check,77.65,77.2,No
CUST08404,Female,0,Yes,No,44,Yes,Yes,No,No internet service,No internet service,No internet service,No internet service,No internet service,No internet service,Two year,Yes,Mailed check,25.03,1055.59,No
CUST08405,Female,0,Yes,No,12,Yes,No,No,No internet service,No internet service,No internet service,No internet service,No internet service,No internet service,One year,Yes,Mailed check,18.93,218.61,Yes
CUST08406,Female,1,No,Yes,29,Yes,Yes,No,No internet service,No internet service,No internet service,No internet service,No internet service,No internet service,Month-to-month,Yes,Mailed check,25.4,709.52,No
CUST08407,Male,0,No,No,1,Yes,Yes,Fiber optic,No,Yes,No,No,Yes,No,Month-to-month,Yes,Mailed check,80.43,76.67,Yes
CUST08408,Male,0,Yes,Yes,62,Yes,No,DSL,No,No,No,No,No,No,Two year,Yes,Bank transfer (automatic),51.02,3052.3,No
CUST08409,Female,0,No,No,18,Yes,Yes,Fiber optic,No,No,Yes,No,No,Yes,Month-to-month,No,Mailed check,86.62,1502.79,No
CUST08410,Female,0,Yes,No,45,Yes,No,Fiber optic,No,Yes,No,No,No,No,Month-to-month,No,Bank transfer (automatic),74.19,3270.06,No
CUST08411,Female,0,Yes,Yes,22,No,No phone service,Fiber optic,No,Yes,No,No,No,Yes,Month-to-month,Yes,Electronic check,94.24,2031.62,No
CUST08412,Male,0,Yes,Yes,15,Yes,No,No,No internet service,No internet service,No internet service,No internet service,No internet service,No internet service,Two year,Yes,Mailed check,25.86,379.15,No
CUST08413,Female,0,No,No,3,Yes,Yes,No,No internet service,No internet service,No internet service,No internet service,No internet service,No internet service,Month-to-month,Yes,Bank transfer (automatic),18.0,53.0,No
CUST08414,Female,1,No,No,3,Yes,No,Fiber optic,No,Yes,No,No,Yes,No,Month-to-month,Yes,Electronic check,76.27,217.83,Yes
CUST08415,Female,0,No,Yes,12,No,No phone service,DSL,No,Yes,No,No,Yes,Yes,Month-to-month,Yes,Credit card (automatic),61.29,724.4,No
CUST08416,Male,0,Yes,Yes,40,No,No phone service,DSL,No,Yes,Yes,Yes,No,No,Month-to-month,Yes,Mailed check,58.37,2328.82,No
CUST08417,Male,0,Yes,No,2,Yes,No,Fiber optic,No,No,No,Yes,No,Yes,One year,No,Credit card (automatic),80.64,158.31,No
CUST08418,Male,0,No,Yes,72,Yes,Yes,DSL,No,No,Yes,No,Yes,Yes,Month-to-month,Yes,Mailed check,58.5,4059.94,No
CUST08419,Male,0,Yes,No,41,Yes,No,DSL,Yes,Yes,Yes,No,No,Yes,Month-to-month,Yes,Electronic check,62.86,2488.27,No
CUST08420,Male,0,Yes,No,9,Yes,No,Fiber optic,No,Yes,Yes,No,Yes,No,One year,Yes,Mailed check,84.96,755.69,No
CUST08421,Male,0,No,Yes,5,Yes,No,Fiber optic,No,No,No,No,Yes,No,Month-to-month,No,Mailed check,78.23,373.77,No
CUST08422,Male,1,No,No,51,Yes,No,Fiber optic,No,No,No,No,No,Yes,Month-to-month,No,Bank transfer (automatic),73.85,3648.21,No
CUST08423,Male,0,Yes,No,2,Yes,Yes,DSL,No,Yes,Yes,No,Yes,No,Two year,No,Electronic check,63.28,121.44,No
CUST08424,Female,0,Yes,No,8,No,No phone service,DSL,No,Yes,Yes,Yes,No,No,Two year,Yes,Mailed check,53.86,413.65,No
CUST08425,Female,0,Yes,No,1,Yes,Yes,DSL,No,Yes,No,No,No,No,Month-to-month,Yes,Mailed check,54.05,51.36,Yes
CUST08426,Male,0,No,No,61,Yes,No,Fiber optic,Yes,No,No,Yes,No,No,Month-to-month,Yes,Credit card (automatic),76.99,4670.0,No
CUST08427,Male,0,No,No,19,Yes,Yes,Fiber optic,No,Yes,Yes,Yes,No,Yes,Month-to-month,No,Electronic check,90.86,1667.4,No
CUST08428,Female,0,No,Yes,8,Yes,No,Fiber optic,No,Yes,No,Yes,No,Yes,Two year,Yes,Electronic check,79.2,614.18,No
CUST08429,Male,0,Yes,No,6,Yes,Yes,DSL,No,No,No,Yes,Yes,Yes,One year,No,Mailed check,52.07,297.2,No
CUST08430,Male,0,Yes,No,11,Yes,No,DSL,Yes,No,No,No,No,No,Month-to-month,No,Credit card (automatic),49.51,519.97,No
CUST08431,Male,0,No,Yes,1,Yes,No,No,No internet service,No internet service,No internet service,No internet service,No internet service,No internet service,Two year,No,Bank transfer (automatic),18.0,17.3,No
CUST08432,Female,0,No,No,44,No,No phone service,DSL,No,No,Yes,No,Yes,Yes,Month-to-month,No,Bank transfer (automatic),60.0,2530.62,No
CUST08433,Female,0,No,No,14,Yes,No,Fiber optic,No,Yes,No,Yes,No,No,Month-to-month,Yes,Credit card (automatic),90.73,1260.02,No
CUST08434,Female,0,Yes,No,25,No,No phone service,DSL,No,Yes,No,No,Yes,No,Month-to-month,Yes,Electronic check,64.86,1617.58,No
CUST08435,Female,0,No,Yes,5,Yes,Yes,DSL,No,No,Yes,No,Yes,Yes,Month-to-month,Yes,Mailed check,56.78,282.98,No
CUST08436,Female,0,No,No,14,Yes,Yes,DSL,No,No,Yes,No,No,No,Two year,Yes,Electronic check,49.05,659.7,No
CUST08437,Male,0,No,No,4,Yes,No,No,No internet service,No internet service,No internet service,No internet service,No internet service,No internet service,One year,No,Mailed check,25.89,99.04,No
CUST08438,Female,0,No,No,33,Yes,No,DSL,Yes,No,Yes,No,No,Yes,Month-to-month,No,Electronic check,65.47,2123.79,Yes
CUST08439,Male,0,Yes,No,29,Yes,No,No,No internet service,No internet service,No internet service,No internet service,No internet service,No internet service,Month-to-month,No,Mailed check,19.6,547.92,No
CUST08440,Male,0,Yes,No,3,Yes,Yes,No,No internet service,No internet service,No internet service,No internet service,No internet service,No internet service,One year,No,Electronic check,19.95,57.03,No
CUST08441,Female,0,Yes,No,1,Yes,No,Fiber optic,Yes,No,Yes,No,No,No,Month-to-month,Yes,Bank transfer (automatic),79.72,77.98,Yes
CUST08442,Female,0,No,Yes,34,Yes,No,Fiber optic,No,No,No,No,No,No,Month-to-month,No,Mailed check,69.71,2283.21,No
CUST08443,Male,0,No,No,2,Yes,No,No,No internet service,No internet service,No internet service,No internet service,No internet service,No internet service,One year,Yes,Bank transfer (automatic),18.89,36.49,No
CUST08444,Male,0,No,Yes,15,Yes,No,Fiber optic,Yes,Yes,Yes,Yes,No,Yes,Month-to-month,Yes,Mailed check,96.93,1424.49,No
CUST08445,Male,0,Yes,No,15,Yes,No,Fiber optic,Yes,No,Yes,No,No,No,Month-to-month,Yes,Bank transfer (automatic),71.84,1061.29,No
CUST08446,Female,0,No,No,4,Yes,No,Fiber optic,No,No,No,No,No,Yes,Month-to-month,No,Electronic check,70.27,268.57,No
CUST08447,Female,0,No,Yes,17,Yes,No,DSL,No,No,No,Yes,Yes,Yes,Month-to-month,Yes,Electronic check,59.59,964.94,No
CUST08448,Female,0,Yes,No,13,No,No phone service,DSL,No,Yes,No,No,Yes,No,One year,No,Credit card (automatic),64.53,831.54,No
CUST08449,Female,0,No,No,14,Yes,Yes,No,No internet service,No internet service,No internet service,No internet service,No internet service,No internet service,Month-to-month,No,Credit card (automatic),21.6,291.33,No
CUST08450,Female,1,Yes,Yes,8,Yes,Yes,No,No internet service,No internet service,No internet service,No internet service,No internet service,No internet service,One year,No,Mailed check,20.85,162.84,No
CUST08451,Male,0,Yes,Yes,36,Yes,No,Fiber optic,Yes,No,No,Yes,No,No,Month-to-month,Yes,Credit card (automatic),84.9,3023.55,No
CUST08452,Female,0,Yes,Yes,1,Yes,No,Fiber optic,No,No,Yes,No,Yes,No,One year,Yes,Electronic check,81.61,77.75,No
CUST08453,Male,0,No,Yes,11,Yes,No,No,No internet service,No internet service,No internet service,No internet service,No internet service,No internet service,Month-to-month,Yes,Credit card (automatic),18.0,195.76,Yes
CUST08454,Male,0,No,No,6,Yes,No,Fiber optic,No,No,No,Yes,No,No,One year,Yes,Electronic check,77.62,455.44,Yes
CUST08455,Male,0,Yes,No,37,Yes,No,Fiber optic,No,No,Yes,No,No,No,One year,Yes,Bank transfer (automatic),78.46,2773.18,No
CUST08456,Female,0,No,Yes,5,Yes,Yes,Fiber optic,No,Yes,No,No,No,No,One year,No,Bank transfer (automatic),74.83,368.09,No
CUST08457,Female,0,No,No,29,Yes,Yes,DSL,No,No,Yes,Yes,Yes,No,One year,No,Credit card (automatic),65.27,1805.1,No
CUST08458,Female,0,No,No,18,Yes,Yes,DSL,No,No,No,No,No,No,Month-to-month,No,Bank transfer (automatic),55.17,958.86,No
CUST08459,Male,0,Yes,No,41,Yes,No,No,No internet service,No internet service,No internet service,No internet service,No internet service,No internet service,Two year,Yes,Electronic check,19.21,769.33,No
CUST08460,Male,0,No,Yes,18,Yes,No,No,No internet service,No internet service,No internet service,No internet service,No internet service,No internet service,Two year,Yes,Electronic check,18.62,329.7,Yes
CUST08461,Male,0,No,No,16,Yes,Yes,Fiber optic,No,Yes,No,No,Yes,No,One year,Yes,Bank transfer (automatic),81.78,1260.22,No
CUST08462,Male,0,Yes,No,32,Yes,No,Fiber optic,No,No,No,No,No,Yes,Two year,No,Credit card (automatic),82.72,2538.56,No
CUST08463,Male,0,Yes,No,16,Yes,No,No,No internet service,No internet service,No internet service,No internet service,No internet service,No internet service,Month-to-month,Yes,Mailed check,18.0,284.26,No
CUST08464,Male,1,No,No,37,Yes,No,Fiber optic,No,No,Yes,Yes,Yes,No,Month-to-month,Yes,Credit card (automatic),84.07,3018.61,No
CUST08465,Female,1,Yes,Yes,1,Yes,No,DSL,No,Yes,Yes,Yes,Yes,Yes,One year,No,Electronic check,69.55,66.78,No
CUST08466,Female,0,No,No,13,Yes,No,Fiber optic,Yes,Yes,No,No,No,No,Two year,No,Mailed check,81.95,1043.75,No
CUST08467,Female,0,Yes,No,33,Yes,Yes,DSL,No,No,No,No,No,No,Month-to-month,Yes,Mailed check,44.64,1428.51,No
CUST08468,Female,1,No,No,37,Yes,Yes,No,No internet service,No internet service,No internet service,No internet service,No internet service,No internet service,One year,No,Credit card (automatic),26.04,945.16,No
CUST08469,Male,0,Yes,No,35,Yes,No,Fiber optic,No,No,No,Yes,Yes,No,Two year,Yes,Credit card (automatic),83.18,2879.59,No
CUST08470,Male,0,Yes,No,18,Yes,Yes,DSL,Yes,No,No,No,No,Yes,Two year,Yes,Electronic check,55.34,947.32,No
CUST08471,Female,1,Yes,No,72,Yes,Yes,No,No internet service,No internet service,No internet service,No internet service,No internet service,No internet service,Month-to-month,Yes,Bank transfer (automatic),18.0,1254.24,No
CUST08472,Male,0,No,No,4,Yes,No,No,No internet service,No internet service,No internet service,No internet service,No internet service,No internet service,Month-to-month,No,Mailed check,18.63,72.1,No
CUST08473,Female,0,No,Yes,3,Yes,No,DSL,Yes,No,Yes,No,Yes,No,Month-to-month,No,Mailed check,61.73,184.26,Yes
CUST08474,Female,0,Yes,No,0,Yes,Yes,Fiber optic,No,No,No,No,No,No,One year,Yes,Credit card (automatic),70.15,70.14,No
CUST08475,Female,0,Yes,No,72,Yes,No,Fiber optic,No,Yes,Yes,Yes,No,No,Two year,Yes,Bank transfer (automatic),84.53,5980.53,No
CUST08476,Male,1,No,No,8,Yes,Yes,Fiber optic,No,Yes,Yes,No,No,No,One year,Yes,Mailed check,82.68,641.86,No
CUST08477,Female,0,Yes,No,28,Yes,Yes,Fiber optic,No,Yes,No,No,No,No,Two year,Yes,Mailed check,76.22,2074.42,No
CUST08478,Female,0,No,No,1,Yes,No,Fiber optic,No,No,No,No,No,No,Two year,Yes,Credit card (automatic),59.71,58.71,No
CUST08479,Female,0,Yes,No,7,Yes,No,No,No internet service,No internet service,No internet service,No internet service,No internet service,No internet service,One year,No,Credit card (automatic),27.75,190.31,No
CUST08480,Male,0,No,No,19,Yes,No,Fiber optic,No,Yes,Yes,Yes,Yes,Yes,Month-to-month,No,Mailed check,92.03,1736.28,No
CUST08481,Male,0,No,Yes,14,Yes,No,DSL,Yes,Yes,No,No,Yes,No,Month-to-month,Yes,Electronic check,59.8,825.22,No
CUST08482,Female,0,No,Yes,4,Yes,Yes,DSL,No,No,No,No,Yes,Yes,Month-to-month,Yes,Electronic check,57.59,220.39,Yes
CUST08483,Male,1,No,Yes,12,Yes,No,DSL,No,Yes,No,No,Yes,Yes,Month-to-month,No,Electronic check,66.17,787.64,No
CUST08484,Male,0,Yes,No,2,Yes,Yes,Fiber optic,Yes,No,Yes,Yes,No,Yes,Month-to-month,Yes,Credit card (automatic),91.69,176.88,Yes
CUST08485,Male,0,Yes,Yes,15,Yes,Yes,DSL,Yes,No,Yes,No,No,No,Month-to-month,Yes,Credit card (automatic),45.93,680.74,Yes
CUST08486,Male,0,No,No,2,Yes,Yes,No,No internet service,No internet service,No internet service,No internet service,No internet service,No internet service,Month-to-month,No,Credit card (automatic),25.1,47.83,Yes
CUST08487,Male,0,No,Yes,20,Yes,No,No,No internet service,No internet service,No internet service,No internet service,No internet service,No internet service,Month-to-month,Yes,Mailed check,23.28,449.61,No
CUST08488,Male,0,No,No,3,Yes,No,No,No internet service,No internet service,No internet service,No internet service,No internet service,No internet service,Month-to-month,Yes,Mailed check,29.22,86.45,No
CUST08489,Male,0,No,No,15,Yes,No,No,No internet service,No internet service,No internet service,No internet service,No internet service,No internet service,One year,No,Electronic check,21.0,314.64,No
CUST08490,Male,0,No,No,2,Yes,Yes,DSL,Yes,Yes,Yes,Yes,No,No,One year,No,Bank transfer (automatic),65.6,127.28,No
CUST08491,Male,0,Yes,No,10,Yes,Yes,Fiber optic,No,Yes,Yes,No,No,No,One year,No,Credit card (automatic),85.14,819.18,No
CUST08492,Male,0,Yes,No,8,Yes,Yes,DSL,No,No,Yes,Yes,No,No,One year,No,Credit card (automatic),58.97,468.72,No
CUST08493,Female,0,Yes,No,28,Yes,No,DSL,No,No,No,No,Yes,No,One year,Yes,Bank transfer (automatic),47.83,1328.62,No
CUST08494,Female,0,Yes,No,20,Yes,Yes,No,No internet service,No internet service,No internet service,No internet service,No internet service,No internet service,Two year,Yes,Electronic check,18.0,351.8,No
CUST08495,Male,0,No,No,55,Yes,Yes,Fiber optic,Yes,No,Yes,No,Yes,Yes,Month-to-month,No,Bank transfer (automatic),94.68,5016.44,No
CUST08496,Female,0,Yes,No,50,Yes,Yes,DSL,Yes,No,No,No,Yes,Yes,Month-to-month,Yes,Electronic check,58.65,2831.12,No
CUST08497,Female,0,Yes,No,25,Yes,Yes,DSL,Yes,No,No,No,No,No,Month-to-month,No,Credit card (automatic),55.29,1346.92,No
CUST08498,Male,1,Yes,No,29,Yes,No,Fiber optic,No,No,No,No,Yes,No,One year,Yes,Credit card (automatic),74.74,2165.53,No
CUST08499,Male,0,Yes,No,19,Yes,No,DSL,Yes,No,Yes,No,No,No,Month-to-month,No,Credit card (automatic),59.32,1076.98,No
CUST08500,Male,0,Yes,Yes,23,Yes,No,DSL,No,No,No,No,No,No,Month-to-month,Yes,Credit card (automatic),40.75,907.44,Yes
CUST08501,Female,0,No,Yes,19,Yes,No,Fiber optic,Yes,Yes,Yes,No,No,Yes,Month-to-month,No,Electronic check,96.34,1817.73,No
CUST08502,Female,0,Yes,No,7,Yes,No,No,No internet service,No internet service,No internet service,No internet service,No internet service,No internet service,One year,No,Electronic check,29.68,207.36,No
CUST08503,Male,0,No,No,8,No,No phone service,No,No internet service,No internet service,No internet service,No internet service,No internet service,No internet service,One year,Yes,Electronic check,21.36,162.77,No
CUST08504,Male,0,No,No,17,Yes,Yes,Fiber optic,No,No,No,Yes,Yes,Yes,Month-to-month,Yes,Bank transfer (automatic),82.63,1375.86,No
CUST08505,Male,0,No,No,25,Yes,No,DSL,No,No,No,Yes,No,No,Month-to-month,No,Credit card (automatic),47.75,1170.13,No
CUST08506,Female,0,Yes,No,10,Yes,Yes,No,No internet service,No internet service,No internet service,No internet service,No internet service,No internet service,Two year,No,Electronic check,18.78,183.15,No
CUST08507,Female,0,Yes,No,3,Yes,Yes,No,No internet service,No internet service,No internet service,No internet service,No internet service,No internet service,Two year,Yes,Mailed check,18.0,51.42,No
CUST08508,Female,0,Yes,No,12,Yes,No,Fiber optic,No,No,No,No,No,Yes,Month-to-month,No,Electronic check,70.44,816.44,No
CUST08509,Female,0,Yes,No,66,No,No phone service,No,No internet service,No internet service,No internet service,No internet service,No internet service,No internet service,Two year,Yes,Bank transfer (automatic),21.04,1349.78,No
CUST08510,Male,0,No,No,4,Yes,Yes,Fiber optic,No,No,No,No,No,Yes,Month-to-month,No,Credit card (automatic),76.99,300.07,No
CUST08511,Male,0,No,Yes,20,Yes,Yes,DSL,No,Yes,No,No,No,Yes,Month-to-month,Yes,Mailed check,52.57,1049.59,No
CUST08512,Male,0,No,Yes,72,Yes,No,No,No internet service,No internet service,No internet service,No internet service,No internet service,No internet service,Month-to-month,Yes,Bank transfer (automatic),18.0,1250.95,No
CUST08513,Male,0,Yes,No,9,Yes,Yes,Fiber optic,No,Yes,Yes,No,Yes,No,Two year,No,Mailed check,84.35,723.44,No
CUST08514,Female,0,No,No,43,Yes,No,Fiber optic,Yes,No,No,No,Yes,No,Month-to-month,Yes,Credit card (automatic),77.98,3205.61,No
CUST08515,Female,1,Yes,No,39,Yes,No,Fiber optic,No,No,Yes,No,No,Yes,Month-to-month,Yes,Electronic check,70.23,2650.31,No
CUST08516,Male,0,No,No,8,Yes,No,DSL,No,No,No,No,No,No,Two year,No,Bank transfer (automatic),48.76,385.76,No
CUST08517,Male,0,No,No,2,Yes,No,DSL,No,Yes,No,Yes,No,Yes,One year,No,Electronic check,54.42,106.7,No
CUST08518,Female,0,Yes,No,3,Yes,Yes,DSL,No,No,Yes,Yes,No,No,Two year,Yes,Bank transfer (automatic),57.93,171.9,No
CUST08519,Male,0,Yes,Yes,9,No,No phone service,DSL,Yes,No,Yes,No,No,Yes,Month-to-month,Yes,Credit card (automatic),63.28,567.2,No
CUST08520,Female,0,No,No,63,Yes,No,DSL,No,No,Yes,No,No,Yes,Month-to-month,Yes,Credit card (automatic),47.64,2869.39,No
CUST08521,Male,0,Yes,No,6,Yes,No,Fiber optic,No,No,No,No,No,No,Two year,Yes,Electronic check,81.32,476.39,No
CUST08522,Male,0,Yes,Yes,52,Yes,No,No,No internet service,No internet service,No internet service,No internet service,No internet service,No internet service,One year,No,Electronic check,18.0,918.44,No
CUST08523,Male,0,Yes,No,4,Yes,Yes,No,No internet service,No internet service,No internet service,No internet service,No internet service,No internet service,Two year,No,Credit card (automatic),20.62,80.08,No
CUST08524,Male,0,Yes,No,70,Yes,No,DSL,No,No,No,No,Yes,Yes,Two year,No,Electronic check,65.22,4440.5,No
CUST08525,Male,0,No,No,6,Yes,Yes,No,No internet service,No internet service,No internet service,No internet service,No internet service,No internet service,One year,Yes,Electronic check,18.0,103.06,No
CUST08526,Male,0,No,No,20,Yes,No,Fiber optic,Yes,No,Yes,No,No,Yes,Month-to-month,No,Electronic check,93.34,1778.94,No
CUST08527,Male,0,No,No,1,Yes,No,Fiber optic,Yes,No,Yes,Yes,Yes,No,Month-to-month,Yes,Mailed check,93.04,88.59,Yes
CUST08528,Female,0,Yes,No,7,Yes,No,DSL,No,No,No,Yes,No,No,Month-to-month,No,Electronic check,49.92,343.42,No
CUST08529,Female,0,No,No,4,Yes,No,Fiber optic,No,No,No,No,No,No,Month-to-month,No,Electronic check,68.09,260.12,No
CUST08530,Female,0,No,Yes,0,Yes,No,No,No internet service,No internet service,No internet service,No internet service,No internet service,No internet service,Two year,No,Bank transfer (automatic),24.98,24.19,No
CUST08531,Female,0,Yes,No,3,No,No phone service,Fiber optic,No,No,No,Yes,No,No,Month-to-month,Yes,Mailed check,78.24,233.75,No
CUST08532,Female,0,Yes,No,17,Yes,No,DSL,No,No,No,No,No,No,Two year,Yes,Credit card (automatic),43.3,705.47,No
CUST08533,Male,0,No,No,9,Yes,No,DSL,Yes,Yes,No,No,No,No,Two year,Yes,Mailed check,51.41,450.49,No
CUST08534,Male,1,Yes,No,25,Yes,No,DSL,Yes,No,Yes,Yes,No,Yes,Two year,Yes,Bank transfer (automatic),56.01,1381.31,No
CUST08535,Female,0,Yes,No,22,Yes,No,Fiber optic,No,No,No,No,Yes,No,Two year,Yes,Credit card (automatic),81.67,1729.15,No
CUST08536,Male,0,Yes,Yes,32,Yes,No,No,No internet service,No internet service,No internet service,No internet service,No internet service,No internet service,One year,Yes,Electronic check,18.0,547.83,No
CUST08537,Female,0,Yes,No,40,Yes,Yes,Fiber optic,No,Yes,No,No,No,No,Two year,No,Mailed check,73.2,2895.48,No
CUST08538,Female,0,Yes,No,34,Yes,No,No,No internet service,No internet service,No internet service,No internet service,No internet service,No internet service,One year,Yes,Mailed check,18.0,603.7,No
CUST08539,Male,1,Yes,No,11,Yes,No,No,No internet service,No internet service,No internet service,No internet service,No internet service,No internet service,One year,Yes,Bank transfer (automatic),18.0,197.8,No
CUST08540,Male,0,No,No,7,No,No phone service,DSL,Yes,No,Yes,Yes,No,No,One year,Yes,Mailed check,56.83,389.98,No
CUST08541,Male,0,Yes,No,13,Yes,No,DSL,No,No,No,Yes,No,No,One year,No,Mailed check,58.13,729.59,No
CUST08542,Female,0,No,No,15,No,No phone service,Fiber optic,No,Yes,No,No,No,No,Month-to-month,No,Mailed check,68.02,975.9,No
CUST08543,Male,0,Yes,No,7,Yes,No,DSL,No,No,Yes,No,Yes,No,Month-to-month,No,Credit card (automatic),56.46,377.41,No
CUST08544,Female,1,No,No,15,Yes,Yes,Fiber optic,No,No,No,No,Yes,No,Month-to-month,No,Bank transfer (automatic),80.69,1188.44,No
CUST08545,Female,0,No,No,2,Yes,No,DSL,Yes,No,Yes,Yes,Yes,Yes,Month-to-month,No,Mailed check,81.31,157.33,Yes
CUST08546,Female,1,No,No,5,Yes,Yes,Fiber optic,No,No,No,No,No,Yes,Month-to-month,Yes,Electronic check,69.15,342.84,No
CUST08547,Male,0,No,No,27,Yes,No,Fiber optic,No,Yes,No,No,Yes,No,Two year,No,Credit card (automatic),76.4,1972.5,No
CUST08548,Male,0,No,Yes,4,Yes,Yes,Fiber optic,No,No,No,No,No,No,One year,Yes,Credit card (automatic),60.47,241.44,No
CUST08549,Female,0,No,No,2,Yes,No,Fiber optic,No,Yes,No,No,Yes,No,Month-to-month,Yes,Bank transfer (automatic),76.33,145.48,Yes
CUST08550,Male,0,Yes,Yes,6,No,No phone service,No,No internet service,No internet service,No internet service,No internet service,No internet service,No internet service,Two year,Yes,Mailed check,22.23,131.93,No
CUST08551,Male,0,Yes,Yes,9,Yes,Yes,DSL,No,No,Yes,No,Yes,No,Two year,No,Mailed check,54.16,482.03,No
CUST08552,Male,0,No,No,7,Yes,Yes,Fiber optic,No,No,No,Yes,Yes,No,Two year,Yes,Bank transfer (automatic),88.7,608.89,No
CUST08553,Female,0,Yes,Yes,9,Yes,Yes,DSL,No,Yes,Yes,No,No,Yes,One year,No,Electronic check,64.91,583.97,No
CUST08554,Female,0,No,No,3,Yes,No,DSL,No,No,No,Yes,No,No,Month-to-month,Yes,Electronic check,47.95,136.69,No
CUST08555,Male,0,No,Yes,3,Yes,Yes,DSL,Yes,Yes,No,No,Yes,Yes,Month-to-month,Yes,Electronic check,58.7,171.39,No
CUST08556,Female,0,Yes,No,5,No,No phone service,Fiber optic,No,Yes,No,No,Yes,No,One year,No,Credit card (automatic),81.25,388.09,Yes
CUST08557,Male,0,No,Yes,10,Yes,No,Fiber optic,No,Yes,No,No,No,No,Month-to-month,No,Bank transfer (automatic),74.29,724.88,No
CUST08558,Male,0,Yes,Yes,8,Yes,Yes,DSL,No,Yes,No,No,No,No,Month-to-month,Yes,Mailed check,54.24,416.47,No
CUST08559,Male,0,Yes,No,31,Yes,No,Fiber optic,No,No,Yes,No,No,Yes,Two year,Yes,Credit card (automatic),79.58,2398.7,No
CUST08560,Male,0,No,No,14,Yes,Yes,DSL,No,No,Yes,No,Yes,No,One year,Yes,Electronic check,57.27,763.22,No
CUST08561,Female,1,Yes,No,17,Yes,No,Fiber optic,Yes,Yes,No,No,No,No,Month-to-month,No,Mailed check,80.01,1322.99,No
CUST08562,Female,0,No,Yes,16,Yes,No,Fiber optic,No,No,No,No,Yes,No,Month-to-month,No,Electronic check,78.71,1238.38,Yes
CUST08563,Female,0,No,No,10,Yes,Yes,No,No internet service,No internet service,No internet service,No internet service,No internet service,No internet service,Month-to-month,Yes,Bank transfer (automatic),28.64,284.67,No
CUST08564,Male,0,Yes,No,72,Yes,No,Fiber optic,No,Yes,No,Yes,No,No,Month-to-month,Yes,Credit card (automatic),76.28,5472.22,No
CUST08565,Male,0,No,Yes,0,Yes,No,Fiber optic,No,Yes,No,No,Yes,No,One year,Yes,Bank transfer (automatic),81.4,78.77,No
CUST08566,Male,1,No,No,4,Yes,Yes,DSL,No,No,No,No,Yes,No,Month-to-month,Yes,Bank transfer (automatic),42.65,168.96,No
CUST08567,Female,0,Yes,No,6,Yes,No,DSL,Yes,No,No,No,No,No,Two year,Yes,Mailed check,54.68,326.1,No
CUST08568,Male,0,Yes,No,42,Yes,No,Fiber optic,Yes,No,No,No,No,No,Two year,Yes,Bank transfer (automatic),72.54,3042.04,No
CUST08569,Female,0,No,No,50,Yes,Yes,Fiber optic,No,No,Yes,No,Yes,No,One year,No,Bank transfer (automatic),86.91,4223.73,No
CUST08570,Female,0,No,No,37,Yes,No,No,No internet service,No internet service,No internet service,No internet service,No internet service,No internet service,Two year,No,Bank transfer (automatic),18.34,672.46,No
CUST08571,Female,0,Yes,No,10,Yes,No,No,No internet service,No internet service,No internet service,No internet service,No internet service,No internet service,Month-to-month,No,Mailed check,24.53,236.23,No
CUST08572,Female,0,Yes,No,49,Yes,No,No,No internet service,No internet service,No internet service,No internet service,No internet service,No internet service,One year,Yes,Bank transfer (automatic),20.21,978.77,No
CUST08573,Female,0,No,No,2,Yes,No,No,No internet service,No internet service,No internet service,No internet service,No internet service,No internet service,One year,Yes,Mailed check,18.0,35.64,No
CUST08574,Female,1,No,No,21,Yes,Yes,Fiber optic,No,No,No,No,No,No,One year,Yes,Mailed check,66.61,1388.58,No
CUST08575,Male,0,Yes,No,55,Yes,No,DSL,No,No,Yes,Yes,No,No,Month-to-month,Yes,Mailed check,54.68,2979.3,No
CUST08576,Male,0,No,No,28,Yes,Yes,DSL,No,Yes,No,No,No,No,Month-to-month,Yes,Credit card (automatic),47.22,1308.03,Yes
CUST08577,Female,0,Yes,No,6,Yes,No,No,No internet service,No internet service,No internet service,No internet service,No internet service,No internet service,Month-to-month,Yes,Credit card (automatic),26.84,158.49,No
CUST08578,Female,0,No,No,25,No,No phone service,DSL,Yes,Yes,No,No,Yes,No,One year,No,Bank transfer (automatic),69.02,1648.8,No
CUST08579,Male,1,Yes,Yes,6,Yes,Yes,DSL,No,Yes,No,No,Yes,No,Two year,Yes,Credit card (automatic),53.24,309.41,No
CUST08580,Female,0,Yes,No,2,Yes,No,Fiber optic,No,Yes,No,No,No,Yes,One year,No,Electronic check,80.73,155.38,No
CUST08581,Female,0,Yes,No,25,Yes,No,DSL,Yes,No,Yes,No,No,No,One year,Yes,Credit card (automatic),47.44,1152.38,No
CUST08582,Male,0,No,No,3,Yes,Yes,Fiber optic,No,Yes,No,Yes,Yes,Yes,Month-to-month,Yes,Electronic check,89.63,267.77,No
CUST08583,Female,0,No,No,2,Yes,No,Fiber optic,Yes,No,Yes,Yes,No,Yes,Two year,Yes,Credit card (automatic),95.82,187.94,No
CUST08584,Female,1,No,No,16,Yes,Yes,Fiber optic,Yes,No,Yes,Yes,No,Yes,Month-to-month,Yes,Electronic check,86.84,1325.8,No
CUST08585,Female,0,No,No,19,Yes,No,Fiber optic,No,No,No,No,No,Yes,Month-to-month,No,Electronic check,73.47,1346.98,No
CUST08586,Male,0,Yes,No,1,Yes,Yes,Fiber optic,No,Yes,No,No,Yes,Yes,One year,Yes,Credit card (automatic),74.28,73.73,No
CUST08587,Male,1,No,No,0,Yes,No,DSL,Yes,No,Yes,No,Yes,No,Month-to-month,No,Electronic check,57.33,55.54,Yes
CUST08588,Male,1,Yes,No,42,Yes,Yes,No,No internet service,No internet service,No internet service,No internet service,No internet service,No internet service,Month-to-month,Yes,Credit card (automatic),18.0,718.47,Yes
CUST08589,Female,0,No,Yes,2,Yes,No,DSL,No,No,Yes,No,No,Yes,Two year,No,Electronic check,47.21,93.36,No
CUST08590,Female,0,Yes,No,17,Yes,Yes,Fiber optic,Yes,No,No,No,No,Yes,Two year,Yes,Mailed check,89.76,1460.36,No
CUST08591,Male,0,Yes,No,61,Yes,Yes,Fiber optic,Yes,No,No,No,No,Yes,Month-to-month,Yes,Electronic check,77.15,4499.54,No
CUST08592,Female,0,No,No,14,Yes,Yes,DSL,Yes,No,Yes,No,Yes,Yes,Month-to-month,Yes,Credit card (automatic),70.66,970.29,No
CUST08593,Female,1,No,No,3,Yes,Yes,DSL,No,No,Yes,No,No,Yes,Month-to-month,Yes,Mailed check,52.73,154.78,No
CUST08594,Female,0,No,Yes,10,Yes,No,DSL,No,No,No,Yes,No,Yes,Two year,Yes,Mailed check,51.91,502.52,No
CUST08595,Female,0,No,No,19,Yes,No,DSL,No,Yes,Yes,No,No,No,Month-to-month,Yes,Electronic check,58.46,1066.74,No
CUST08596,Female,0,Yes,No,28,Yes,No,DSL,No,No,Yes,Yes,No,No,Month-to-month,No,Electronic check,57.35,1533.82,Yes
CUST08597,Male,0,No,No,18,Yes,No,No,No internet service,No internet service,No internet service,No internet service,No internet service,No internet service,Month-to-month,No,Electronic check,18.0,309.77,No
CUST08598,Female,0,Yes,Yes,0,Yes,No,Fiber optic,No,Yes,Yes,Yes,No,No,Month-to-month,No,Electronic check,80.44,79.38,Yes
CUST08599,Male,0,No,No,3,Yes,Yes,DSL,No,No,Yes,No,No,No,Month-to-month,No,Electronic check,44.97,134.24,No
CUST08600,Female,0,No,Yes,9,Yes,No,Fiber optic,Yes,No,No,No,Yes,No,Month-to-month,No,Credit card (automatic),85.22,750.18,Yes
CUST08601,Male,0,Yes,No,24,Yes,No,DSL,No,No,Yes,No,Yes,Yes,Month-to-month,Yes,Bank transfer (automatic),66.82,1575.28,No
CUST08602,Female,0,Yes,No,17,Yes,Yes,DSL,No,No,No,Yes,No,No,Month-to-month,No,Electronic check,54.25,921.01,Yes
CUST08603,Male,0,Yes,Yes,0,Yes,No,No,No internet service,No internet service,No internet service,No internet service,No internet service,No internet service,Two year,No,Electronic check,20.55,19.54,No
CUST08604,Female,0,Yes,No,31,Yes,Yes,No,No internet service,No internet service,No internet service,No internet service,No internet service,No internet service,Two year,No,Mailed check,18.46,548.11,No
CUST08605,Male,0,Yes,No,18,Yes,No,Fiber optic,Yes,Yes,No,No,Yes,No,Month-to-month,Yes,Electronic check,86.99,1524.34,Yes
CUST08606,Female,0,Yes,No,43,Yes,No,No,No internet service,No internet service,No internet service,No internet service,No internet service,No internet service,One year,No,Electronic check,22.14,908.61,No
CUST08607,Male,0,Yes,No,10,Yes,Yes,No,No internet service,No internet service,No internet service,No internet service,No internet service,No internet service,One year,Yes,Credit card (automatic),18.0,173.36,No
CUST08608,Female,0,No,No,13,Yes,No,Fiber optic,Yes,Yes,No,No,No,No,Month-to-month,No,Credit card (automatic),77.23,973.25,No
CUST08609,Male,0,No,No,10,Yes,No,No,No internet service,No internet service,No internet service,No internet service,No internet service,No internet service,Month-to-month,Yes,Bank transfer (automatic),20.84,205.34,No
CUST08610,Male,0,Yes,No,25,Yes,No,Fiber optic,No,Yes,No,No,Yes,No,One year,No,Credit card (automatic),83.5,1996.91,No
CUST08611,Female,1,Yes,No,27,Yes,Yes,DSL,No,No,No,No,Yes,No,Month-to-month,Yes,Mailed check,45.31,1199.01,No
CUST08612,Female,0,Yes,No,25,Yes,No,No,No internet service,No internet service,No internet service,No internet service,No internet service,No internet service,One year,No,Electronic check,24.27,577.98,No
CUST08613,Male,0,No,Yes,6,No,No phone service,DSL,No,No,No,No,No,No,Month-to-month,No,Bank transfer (automatic),44.5,259.62,No
CUST08614,Female,1,No,No,20,Yes,No,DSL,No,Yes,Yes,Yes,Yes,No,Month-to-month,No,Electronic check,62.97,1202.64,No
CUST08615,Male,0,No,No,8,Yes,No,Fiber optic,No,No,No,Yes,No,Yes,Two year,Yes,Bank transfer (automatic),82.51,643.52,No
CUST08616,Male,0,No,No,35,No,No phone service,No,No internet service,No internet service,No internet service,No internet service,No internet service,No internet service,One year,Yes,Credit card (automatic),20.92,710.8,No
CUST08617,Male,0,No,Yes,1,Yes,No,DSL,Yes,No,No,Yes,No,Yes,Two year,No,Bank transfer (automatic),50.33,48.77,No
CUST08618,Female,1,No,No,0,Yes,Yes,Fiber optic,No,Yes,No,No,No,Yes,Two year,Yes,Electronic check,87.48,86.66,No
CUST08619,Male,0,Yes,Yes,2,Yes,No,Fiber optic,No,No,No,Yes,Yes,No,Month-to-month,Yes,Credit card (automatic),78.23,152.68,Yes
CUST08620,Male,0,No,No,4,Yes,Yes,Fiber optic,Yes,No,Yes,No,No,Yes,One year,Yes,Bank transfer (automatic),85.68,330.24,No
CUST08621,Female,0,No,No,0,Yes,No,Fiber optic,No,No,Yes,No,Yes,Yes,One year,Yes,Credit card (automatic),87.51,86.69,No
CUST08622,Female,0,No,No,1,Yes,No,Fiber optic,No,No,No,No,Yes,No,One year,No,Bank transfer (automatic),74.27,72.49,No
CUST08623,Female,0,No,No,7,Yes,No,No,No internet service,No internet service,No internet service,No internet service,No internet service,No internet service,Month-to-month,Yes,Credit card (automatic),18.0,125.85,Yes
CUST08624,Female,0,Yes,No,2,Yes,No,DSL,No,No,No,No,Yes,No,Month-to-month,Yes,Mailed check,52.96,103.25,Yes
CUST08625,Male,0,No,No,32,Yes,Yes,No,No internet service,No internet service,No internet service,No internet service,No internet service,No internet service,Two year,No,Mailed check,20.31,644.24,No
CUST08626,Male,0,Yes,Yes,1,Yes,No,DSL,No,No,Yes,No,Yes,Yes,Two year,No,Electronic check,66.51,63.19,No
CUST08627,Male,0,Yes,No,47,Yes,No,Fiber optic,No,No,No,No,No,No,Month-to-month,No,Credit card (automatic),64.05,2897.65,Yes
CUST08628,Male,0,Yes,No,40,Yes,No,Fiber optic,No,No,No,No,No,No,Month-to-month,No,Mailed check,69.85,2658.42,No
CUST08629,Female,1,No,No,4,Yes,No,No,No internet service,No internet service,No internet service,No internet service,No internet service,No internet service,Two year,Yes,Credit card (automatic),18.81,73.54,No
CUST08630,Male,0,No,No,1,Yes,No,DSL,No,No,No,No,No,No,Month-to-month,Yes,Mailed check,57.37,55.86,No
CUST08631,Male,0,No,No,2,Yes,No,Fiber optic,No,Yes,Yes,No,No,No,Month-to-month,Yes,Credit card (automatic),75.33,148.84,Yes
CUST08632,Female,0,No,No,16,Yes,Yes,DSL,No,No,No,Yes,No,No,One year,Yes,Credit card (automatic),49.14,751.36,No
CUST08633,Male,0,Yes,Yes,18,Yes,Yes,Fiber optic,Yes,No,No,No,Yes,No,One year,Yes,Electronic check,81.02,1445.99,No
CUST08634,Male,0,No,No,7,Yes,No,Fiber optic,Yes,No,No,No,No,No,Month-to-month,Yes,Bank transfer (automatic),77.74,518.93,No
CUST08635,Male,0,No,Yes,7,Yes,Yes,DSL,No,Yes,Yes,No,No,No,Two year,No,Electronic check,45.82,318.25,No
CUST08636,Male,0,No,No,15,Yes,Yes,Fiber optic,No,Yes,No,No,No,Yes,One year,No,Electronic check,80.43,1179.38,No
CUST08637,Male,0,Yes,No,7,Yes,Yes,DSL,No,Yes,Yes,No,No,No,One year,Yes,Electronic check,54.7,365.5,No
CUST08638,Male,0,No,No,54,Yes,No,Fiber optic,No,Yes,Yes,No,Yes,Yes,Month-to-month,No,Electronic check,89.92,4620.42,No
CUST08639,Female,1,No,No,9,Yes,Yes,Fiber optic,No,No,No,Yes,No,No,Month-to-month,Yes,Mailed check,81.53,726.35,No
CUST08640,Female,1,No,No,4,Yes,No,Fiber optic,No,Yes,Yes,No,No,Yes,Month-to-month,Yes,Mailed check,82.84,320.05,No
CUST08641,Male,0,No,No,3,Yes,No,DSL,No,Yes,Yes,No,Yes,No,Month-to-month,No,Mailed check,61.28,183.34,No
CUST08642,Male,0,No,No,19,Yes,No,DSL,No,No,No,No,Yes,No,Month-to-month,No,Electronic check,47.45,900.99,No
CUST08643,Female,0,No,No,7,Yes,No,No,No internet service,No internet service,No internet service,No internet service,No internet service,No internet service,Month-to-month,Yes,Electronic check,19.59,135.77,No
CUST08644,Male,1,No,Yes,4,Yes,No,No,No internet service,No internet service,No internet service,No internet service,No internet service,No internet service,Month-to-month,Yes,Bank transfer (automatic),20.6,81.42,No
CUST08645,Male,0,No,Yes,6,Yes,No,Fiber optic,No,No,No,No,Yes,No,Month-to-month,Yes,Mailed check,78.14,462.18,No
CUST08646,Male,1,Yes,No,7,Yes,No,Fiber optic,No,No,No,No,Yes,No,Month-to-month,Yes,Electronic check,66.73,448.4,No
CUST08647,Female,0,No,No,19,Yes,No,Fiber optic,No,Yes,Yes,No,No,No,Month-to-month,No,Electronic check,90.35,1644.02,Yes
CUST08648,Male,1,No,No,3,Yes,Yes,Fiber optic,No,No,No,No,No,No,One year,Yes,Credit card (automatic),68.98,200.78,No
CUST08649,Female,0,No,No,26,Yes,Yes,DSL,No,No,Yes,No,Yes,Yes,Month-to-month,No,Credit card (automatic),49.46,1282.44,No
CUST08650,Male,0,No,Yes,7,Yes,No,Fiber optic,No,No,No,No,No,No,Month-to-month,Yes,Mailed check,79.62,530.4,No
CUST08651,Female,0,Yes,No,13,Yes,No,DSL,No,No,No,No,Yes,Yes,Month-to-month,No,Credit card (automatic),55.86,719.66,No
CUST08652,Female,0,Yes,No,21,Yes,Yes,No,No internet service,No internet service,No internet service,No internet service,No internet service,No internet service,One year,Yes,Mailed check,21.35,435.16,No
CUST08653,Male,0,No,No,15,Yes,No,Fiber optic,No,No,Yes,No,No,No,Month-to-month,Yes,Electronic check,69.01,985.07,No
CUST08654,Female,0,No,No,21,Yes,No,Fiber optic,No,Yes,Yes,Yes,No,No,Two year,Yes,Mailed check,75.69,1524.19,No
CUST08655,Male,0,Yes,No,7,Yes,Yes,Fiber optic,No,No,No,No,No,No,One year,Yes,Credit card (automatic),75.54,528.28,Yes
CUST08656,Female,0,Yes,No,66,No,No phone service,DSL,No,No,No,No,No,No,Month-to-month,No,Electronic check,48.42,3166.19,No
CUST08657,Male,0,Yes,Yes,12,Yes,No,Fiber optic,Yes,No,No,No,No,Yes,Month-to-month,Yes,Electronic check,81.93,974.71,No
CUST08658,Male,0,Yes,No,7,Yes,No,Fiber optic,No,No,No,No,No,Yes,One year,No,Electronic check,69.37,474.64,No
CUST08659,Female,0,Yes,Yes,7,Yes,Yes,DSL,Yes,No,No,No,No,No,Month-to-month,Yes,Bank transfer (automatic),46.84,312.13,No
CUST08660,Male,0,Yes,Yes,0,Yes,Yes,Fiber optic,Yes,No,No,Yes,No,Yes,Month-to-month,No,Credit card (automatic),95.23,94.36,Yes
CUST08661,Male,1,Yes,Yes,23,No,No phone service,DSL,No,No,No,No,Yes,No,Month-to-month,Yes,Credit card (automatic),43.53,974.83,No
CUST08662,Female,0,Yes,Yes,6,Yes,Yes,Fiber optic,Yes,No,Yes,No,No,Yes,Two year,Yes,Electronic check,77.67,459.37,No
CUST08663,Male,0,Yes,No,63,Yes,No,DSL,Yes,No,Yes,Yes,No,No,Month-to-month,No,Bank transfer (automatic),61.51,3825.87,No
CUST08664,Male,0,No,Yes,4,Yes,No,Fiber optic,No,No,Yes,No,No,No,Month-to-month,No,Mailed check,76.56,291.55,No
CUST08665,Female,0,Yes,Yes,15,Yes,No,DSL,No,Yes,Yes,Yes,No,Yes,Month-to-month,No,Electronic check,64.15,924.98,No
CUST08666,Female,0,Yes,No,26,Yes,No,Fiber optic,No,No,No,No,No,No,One year,Yes,Bank transfer (automatic),70.04,1805.83,No
CUST08667,Male,0,Yes,No,40,Yes,No,Fiber optic,No,Yes,No,Yes,Yes,No,One year,Yes,Electronic check,80.79,3149.42,No
CUST08668,Male,0,Yes,No,3,Yes,No,Fiber optic,Yes,No,No,No,Yes,No,Month-to-month,Yes,Electronic check,68.3,194.98,No
CUST08669,Female,0,Yes,No,72,Yes,No,No,No internet service,No internet service,No internet service,No internet service,No internet service,No internet service,One year,No,Credit card (automatic),18.0,1293.36,No
CUST08670,Female,0,Yes,No,47,Yes,Yes,DSL,No,Yes,No,No,Yes,No,Month-to-month,No,Bank transfer (automatic),50.63,2334.17,No
CUST08671,Male,1,No,No,65,Yes,No,No,No internet service,No internet service,No internet service,No internet service,No internet service,No internet service,One year,Yes,Electronic check,28.34,1786.78,No
CUST08672,Female,1,No,Yes,38,Yes,No,DSL,No,No,Yes,Yes,Yes,Yes,Month-to-month,Yes,Bank transfer (automatic),69.3,2620.33,No
CUST08673,Male,0,No,No,42,Yes,Yes,Fiber optic,No,Yes,Yes,No,No,Yes,Two year,No,Electronic check,84.91,3411.46,No
CUST08674,Male,0,No,Yes,18,No,No phone service,DSL,No,No,No,No,Yes,Yes,Two year,Yes,Electronic check,48.03,863.44,No
CUST08675,Male,0,Yes,Yes,37,No,No phone service,Fiber optic,No,No,No,No,No,No,Two year,No,Electronic check,59.71,2127.5,No
CUST08676,Male,0,No,No,15,Yes,Yes,No,No internet service,No internet service,No internet service,No internet service,No internet service,No internet service,Month-to-month,Yes,Bank transfer (automatic),21.46,314.83,No
CUST08677,Male,0,Yes,No,15,Yes,No,No,No internet service,No internet service,No internet service,No internet service,No internet service,No internet service,One year,Yes,Electronic check,20.99,311.99,No
CUST08678,Female,0,No,No,16,Yes,No,DSL,No,No,No,Yes,No,No,Month-to-month,No,Electronic check,49.38,761.07,No
CUST08679,Female,1,Yes,No,72,Yes,Yes,DSL,Yes,No,No,No,No,No,Two year,Yes,Credit card (automatic),56.79,3943.94,No
CUST08680,Female,1,No,No,2,Yes,No,Fiber optic,Yes,No,No,No,No,Yes,Month-to-month,Yes,Electronic check,74.67,146.29,Yes
CUST08681,Female,0,No,No,32,Yes,No,No,No internet service,No internet service,No internet service,No internet service,No internet service,No internet service,Two year,Yes,Bank transfer (automatic),24.47,746.78,No
CUST08682,Male,0,Yes,Yes,6,Yes,No,DSL,No,Yes,No,No,No,Yes,Month-to-month,No,Electronic check,54.76,324.58,No
CUST08683,Male,0,No,No,8,Yes,No,No,No internet service,No internet service,No internet service,No internet service,No internet service,No internet service,Month-to-month,Yes,Credit card (automatic),18.0,139.02,No
CUST08684,Male,0,Yes,No,1,Yes,No,Fiber optic,No,Yes,Yes,Yes,No,No,Month-to-month,No,Mailed check,83.78,83.6,Yes
CUST08685,Male,0,No,Yes,8,Yes,No,Fiber optic,No,Yes,Yes,No,No,Yes,Month-to-month,No,Bank transfer (automatic),85.41,658.98,No
CUST08686,Female,0,No,No,72,Yes,No,Fiber optic,No,Yes,Yes,No,No,No,Month-to-month,Yes,Electronic check,80.15,5753.84,No
CUST08687,Male,1,Yes,No,10,Yes,Yes,No,No internet service,No internet service,No internet service,No internet service,No internet service,No internet service,Month-to-month,Yes,Credit card (automatic),18.0,172.02,No
CUST08688,Male,0,Yes,Yes,22,Yes,Yes,No,No internet service,No internet service,No internet service,No internet service,No internet service,No internet service,Month-to-month,Yes,Bank transfer (automatic),25.67,547.82,No
CUST08689,Female,0,Yes,No,2,Yes,No,DSL,No,No,No,No,Yes,No,Two year,No,Electronic check,56.55,111.12,No
CUST08690,Female,0,No,No,51,Yes,Yes,Fiber optic,No,No,No,No,No,Yes,Month-to-month,No,Mailed check,72.6,3565.87,Yes
CUST08691,Female,0,Yes,Yes,35,Yes,No,No,No internet service,No internet service,No internet service,No internet service,No internet service,No internet service,Two year,Yes,Credit card (automatic),18.9,653.12,No
CUST08692,Female,0,No,No,9,Yes,No,DSL,No,Yes,Yes,No,Yes,No,One year,Yes,Bank transfer (automatic),54.54,490.69,Yes
CUST08693,Male,0,No,No,8,Yes,No,Fiber optic,No,Yes,No,No,No,Yes,Two year,No,Credit card (automatic),90.51,721.99,No
CUST08694,Male,0,Yes,No,11,Yes,No,DSL,No,No,No,No,No,Yes,Month-to-month,Yes,Credit card (automatic),55.21,606.65,No
CUST08695,Female,0,No,Yes,10,Yes,No,Fiber optic,No,Yes,No,No,No,Yes,Month-to-month,No,Electronic check,76.5,728.85,No
CUST08696,Male,0,No,No,5,Yes,No,DSL,Yes,Yes,No,No,Yes,No,One year,No,Bank transfer (automatic),68.5,335.73,No
CUST08697,Male,1,Yes,No,72,Yes,No,Fiber optic,Yes,No,Yes,No,Yes,No,One year,Yes,Electronic check,78.1,5583.55,No
CUST08698,Male,0,Yes,No,33,Yes,Yes,Fiber optic,Yes,No,No,Yes,No,Yes,One year,Yes,Electronic check,83.6,2741.4,No
CUST08699,Female,0,No,No,6,Yes,Yes,DSL,No,No,No,No,Yes,Yes,Two year,Yes,Electronic check,54.19,316.8,No
CUST08700,Male,0,Yes,No,72,Yes,No,Fiber optic,No,Yes,No,No,Yes,No,One year,Yes,Credit card (automatic),78.03,5340.5,No
CUST08701,Female,0,Yes,Yes,0,Yes,No,DSL,No,No,No,No,Yes,Yes,Month-to-month,Yes,Electronic check,49.86,49.28,Yes
CUST08702,Male,0,Yes,Yes,11,Yes,No,No,No internet service,No internet service,No internet service,No internet service,No internet service,No internet service,Two year,Yes,Bank transfer (automatic),22.87,250.8,No
CUST08703,Male,1,No,No,16,Yes,Yes,Fiber optic,No,No,Yes,No,Yes,Yes,One year,No,Bank transfer (automatic),92.84,1411.49,No
CUST08704,Male,1,No,No,0,Yes,Yes,Fiber optic,No,No,Yes,Yes,No,Yes,Month-to-month,Yes,Bank transfer (automatic),82.62,78.67,Yes
CUST08705,Female,0,No,No,3,Yes,No,Fiber optic,No,No,Yes,No,No,Yes,Month-to-month,Yes,Bank transfer (automatic),68.52,203.23,No
CUST08706,Male,0,Yes,No,5,Yes,No,DSL,Yes,No,Yes,No,No,No,One year,No,Credit card (automatic),48.99,242.24,No
CUST08707,Female,0,No,No,25,Yes,No,Fiber optic,No,No,No,No,Yes,Yes,One year,No,Credit card (automatic),81.48,1956.59,No
CUST08708,Female,0,No,Yes,56,No,No phone service,No,No internet service,No internet service,No internet service,No internet service,No internet service,No internet service,Two year,Yes,Electronic check,18.0,993.76,No
CUST08709,Female,0,Yes,No,19,Yes,No,Fiber optic,No,No,Yes,No,Yes,No,Month-to-month,No,Credit card (automatic),75.22,1420.83,Yes
CUST08710,Male,0,Yes,Yes,16,Yes,No,Fiber optic,No,No,No,Yes,No,Yes,One year,Yes,Electronic check,79.59,1226.17,No
CUST08711,Male,0,No,Yes,15,No,No phone service,No,No internet service,No internet service,No internet service,No internet service,No internet service,No internet service,Two year,Yes,Bank transfer (automatic),19.46,283.83,No
CUST08712,Male,0,No,No,8,Yes,No,Fiber optic,No,No,No,No,No,Yes,One year,Yes,Electronic check,67.56,526.59,No
CUST08713,Male,0,No,No,35,Yes,No,Fiber optic,Yes,No,No,No,Yes,Yes,Month-to-month,No,Credit card (automatic),86.61,2942.58,No
CUST08714,Female,1,No,Yes,15,Yes,No,No,No internet service,No internet service,No internet service,No internet service,No internet service,No internet service,Month-to-month,Yes,Bank transfer (automatic),18.17,263.37,No
CUST08715,Female,0,No,No,5,Yes,No,Fiber optic,No,Yes,No,Yes,Yes,No,One year,Yes,Mailed check,85.32,426.37,No
CUST08716,Female,0,Yes,Yes,2,Yes,Yes,DSL,No,No,Yes,No,No,No,Month-to-month,No,Credit card (automatic),51.97,101.71,Yes
CUST08717,Male,0,No,No,72,No,No phone service,DSL,Yes,No,No,No,Yes,No,Two year,Yes,Electronic check,49.23,3494.07,No
CUST08718,Female,0,No,Yes,0,Yes,Yes,Fiber optic,Yes,Yes,No,No,Yes,Yes,Month-to-month,No,Bank transfer (automatic),81.97,78.31,Yes
CUST08719,Male,0,No,No,54,Yes,No,Fiber optic,No,No,No,No,Yes,No,One year,Yes,Electronic check,78.02,4109.76,No
CUST08720,Female,0,Yes,No,4,No,No phone service,DSL,Yes,Yes,Yes,No,Yes,Yes,Month-to-month,No,Electronic check,64.53,256.78,No
CUST08721,Male,1,No,No,21,Yes,No,DSL,No,No,Yes,No,Yes,Yes,Month-to-month,No,Electronic check,62.02,1283.75,No
CUST08722,Male,0,No,Yes,7,Yes,No,No,No internet service,No internet service,No internet service,No internet service,No internet service,No internet service,One year,No,Bank transfer (automatic),18.0,121.46,No
CUST08723,Female,0,Yes,Yes,39,Yes,No,DSL,No,No,No,Yes,No,No,Month-to-month,Yes,Credit card (automatic),53.63,2075.14,Yes
CUST08724,Female,0,Yes,No,15,Yes,Yes,Fiber optic,Yes,No,Yes,No,No,No,One year,Yes,Mailed check,83.29,1190.15,No
CUST08725,Female,0,No,No,3,Yes,Yes,DSL,No,No,No,No,Yes,No,Month-to-month,No,Bank transfer (automatic),49.76,149.17,No
CUST08726,Female,0,Yes,Yes,6,Yes,Yes,Fiber optic,No,Yes,Yes,No,No,No,One year,No,Bank transfer (automatic),87.64,519.47,No
CUST08727,Male,1,No,No,7,Yes,Yes,Fiber optic,Yes,Yes,Yes,Yes,Yes,No,Month-to-month,Yes,Credit card (automatic),97.36,679.85,No
CUST08728,Female,0,No,No,43,Yes,No,No,No internet service,No internet service,No internet service,No internet service,No internet service,No internet service,Month-to-month,Yes,Credit card (automatic),18.0,768.4,No
CUST08729,Female,0,Yes,No,29,Yes,No,No,No internet service,No internet service,No internet service,No internet service,No internet service,No internet service,Month-to-month,Yes,Bank transfer (automatic),27.01,774.33,No
CUST08730,Female,0,No,Yes,35,Yes,Yes,DSL,No,No,Yes,No,No,No,One year,Yes,Electronic check,48.57,1652.55,No
CUST08731,Male,0,No,No,1,Yes,No,Fiber optic,Yes,Yes,Yes,No,Yes,No,Month-to-month,No,Electronic check,86.41,85.58,Yes
CUST08732,Male,1,No,No,17,Yes,No,Fiber optic,Yes,Yes,No,No,No,No,Month-to-month,No,Credit card (automatic),79.58,1290.36,No
CUST08733,Female,1,Yes,Yes,72,Yes,Yes,DSL,Yes,No,No,Yes,Yes,No,Two year,Yes,Electronic check,57.58,3985.78,No
CUST08734,Male,0,No,No,30,Yes,Yes,Fiber optic,No,No,No,No,No,No,Month-to-month,Yes,Electronic check,61.94,1847.75,No
CUST08735,Female,0,Yes,No,2,Yes,No,No,No internet service,No internet service,No internet service,No internet service,No internet service,No internet service,One year,Yes,Credit card (automatic),22.73,44.78,No
CUST08736,Male,0,Yes,No,22,Yes,Yes,Fiber optic,No,No,No,Yes,No,No,One year,No,Mailed check,78.45,1655.69,No
CUST08737,Male,0,Yes,No,27,Yes,No,Fiber optic,Yes,Yes,Yes,No,No,Yes,Month-to-month,No,Mailed check,90.18,2363.71,No
CUST08738,Male,1,Yes,Yes,14,Yes,No,Fiber optic,Yes,No,No,No,Yes,Yes,Month-to-month,Yes,Electronic check,88.87,1226.35,Yes
CUST08739,Male,0,Yes,No,1,Yes,No,Fiber optic,No,Yes,No,No,Yes,Yes,One year,No,Credit card (automatic),89.16,88.25,No
CUST08740,Female,0,No,Yes,0,Yes,Yes,Fiber optic,No,No,Yes,Yes,Yes,Yes,Month-to-month,No,Mailed check,94.68,93.92,Yes
CUST08741,Female,0,No,Yes,55,Yes,No,Fiber optic,No,No,No,Yes,Yes,Yes,Month-to-month,No,Electronic check,81.74,4304.18,No
CUST08742,Female,0,Yes,No,5,Yes,Yes,Fiber optic,No,No,No,No,Yes,No,One year,No,Credit card (automatic),76.53,363.65,No
CUST08743,Male,0,Yes,No,9,Yes,No,DSL,No,No,No,No,No,No,Month-to-month,No,Credit card (automatic),42.07,362.24,No
CUST08744,Female,0,No,No,31,No,No phone service,No,No internet service,No internet service,No internet service,No internet service,No internet service,No internet service,Month-to-month,Yes,Bank transfer (automatic),18.0,543.83,No
CUST08745,Female,0,Yes,Yes,23,Yes,Yes,DSL,Yes,No,No,Yes,No,Yes,Month-to-month,Yes,Mailed check,49.85,1142.06,No
CUST08746,Female,0,No,No,69,Yes,Yes,Fiber optic,No,Yes,No,No,Yes,No,One year,Yes,Electronic check,87.88,5819.29,No
CUST08747,Male,0,No,Yes,1,Yes,No,No,No internet service,No internet service,No internet service,No internet service,No internet service,No internet service,One year,No,Mailed check,19.7,19.47,No
CUST08748,Male,0,No,Yes,24,Yes,No,Fiber optic,No,No,No,No,No,Yes,One year,Yes,Mailed check,69.44,1639.8,No
CUST08749,Male,0,Yes,No,1,Yes,Yes,DSL,No,No,No,No,Yes,No,Two year,Yes,Mailed check,44.07,43.99,Yes
CUST08750,Female,0,Yes,No,0,Yes,Yes,No,No internet service,No internet service,No internet service,No internet service,No internet service,No internet service,Month-to-month,Yes,Bank transfer (automatic),18.0,17.36,Yes
CUST08751,Female,0,Yes,Yes,2,Yes,Yes,No,No internet service,No internet service,No internet service,No internet service,No internet service,No internet service,Month-to-month,No,Electronic check,20.76,40.87,No
CUST08752,Female,1,Yes,Yes,19,Yes,Yes,Fiber optic,No,Yes,No,Yes,No,No,Month-to-month,No,Bank transfer (automatic),89.87,1624.68,No
CUST08753,Male,0,Yes,Yes,22,Yes,Yes,Fiber optic,No,Yes,Yes,No,No,No,Month-to-month,Yes,Credit card (automatic),76.68,1622.87,No
CUST08754,Male,0,No,No,11,Yes,No,Fiber optic,Yes,No,Yes,No,No,Yes,Month-to-month,Yes,Electronic check,81.71,881.97,No
CUST08755,Female,0,No,No,0,Yes,Yes,Fiber optic,No,No,No,Yes,Yes,No,Month-to-month,Yes,Mailed check,72.62,72.51,Yes
CUST08756,Male,0,No,Yes,20,Yes,Yes,Fiber optic,No,Yes,Yes,No,No,Yes,One year,Yes,Bank transfer (automatic),87.88,1704.79,No
CUST08757,Male,0,No,No,1,Yes,No,DSL,No,Yes,Yes,No,Yes,Yes,Month-to-month,Yes,Credit card (automatic),66.07,64.96,Yes
CUST08758,Male,0,Yes,Yes,3,Yes,No,DSL,No,No,Yes,Yes,Yes,Yes,One year,Yes,Electronic check,64.27,183.88,No
CUST08759,Male,0,No,Yes,14,Yes,Yes,DSL,No,Yes,Yes,Yes,No,Yes,Month-to-month,Yes,Bank transfer (automatic),67.03,892.03,No
CUST08760,Female,0,Yes,No,8,Yes,No,DSL,No,Yes,Yes,No,No,No,Two year,Yes,Bank transfer (automatic),47.37,362.86,No
CUST08761,Male,0,Yes,No,12,Yes,No,No,No internet service,No internet service,No internet service,No internet service,No internet service,No internet service,One year,No,Mailed check,18.0,211.48,No
CUST08762,Male,0,No,Yes,20,Yes,No,Fiber optic,No,No,No,No,Yes,Yes,Two year,Yes,Electronic check,73.34,1452.84,No
CUST08763,Male,0,No,Yes,3,Yes,No,Fiber optic,Yes,No,No,No,Yes,No,Two year,No,Electronic check,74.55,216.53,No
CUST08764,Male,0,No,Yes,44,Yes,No,No,No internet service,No internet service,No internet service,No internet service,No internet service,No internet service,Two year,Yes,Credit card (automatic),20.4,884.15,No
CUST08765,Female,0,Yes,No,16,Yes,Yes,DSL,Yes,No,No,No,Yes,No,Month-to-month,Yes,Bank transfer (automatic),51.17,797.29,No
CUST08766,Female,0,Yes,Yes,0,Yes,Yes,No,No internet service,No internet service,No internet service,No internet service,No internet service,No internet service,Month-to-month,No,Electronic check,27.21,26.96,Yes
CUST08767,Male,0,Yes,No,19,Yes,No,No,No internet service,No internet service,No internet service,No internet service,No internet service,No internet service,One year,Yes,Credit card (automatic),27.78,504.18,No
CUST08768,Male,1,Yes,No,12,Yes,No,No,No internet service,No internet service,No internet service,No internet service,No internet service,No internet service,Month-to-month,No,Bank transfer (automatic),18.0,211.51,No
CUST08769,Male,0,Yes,Yes,24,Yes,Yes,DSL,No,No,No,Yes,No,Yes,Month-to-month,Yes,Electronic check,54.2,1296.35,No
CUST08770,Male,0,No,No,30,Yes,Yes,DSL,No,No,No,No,No,Yes,Month-to-month,Yes,Bank transfer (automatic),45.27,1296.21,No
CUST08771,Male,0,No,Yes,55,Yes,No,Fiber optic,Yes,No,Yes,No,No,No,Month-to-month,No,Credit card (automatic),81.44,4314.17,No
CUST08772,Male,0,Yes,No,72,Yes,No,DSL,No,No,No,No,Yes,Yes,Month-to-month,No,Credit card (automatic),59.27,4112.35,No
CUST08773,Female,0,No,No,15,Yes,No,Fiber optic,No,No,Yes,Yes,No,Yes,Month-to-month,Yes,Bank transfer (automatic),89.1,1313.3,Yes
CUST08774,Male,0,Yes,No,16,Yes,No,DSL,No,Yes,No,No,No,No,Month-to-month,Yes,Electronic check,48.46,766.88,No
CUST08775,Female,0,No,Yes,0,Yes,Yes,Fiber optic,No,No,No,No,No,No,Month-to-month,Yes,Credit card (automatic),67.27,66.06,Yes
CUST08776,Female,1,Yes,No,40,No,No phone service,Fiber optic,No,Yes,No,No,Yes,Yes,Month-to-month,No,Credit card (automatic),81.73,3178.9,No
CUST08777,Male,0,No,Yes,0,Yes,Yes,Fiber optic,No,Yes,No,Yes,No,No,Two year,Yes,Mailed check,87.64,84.36,No
CUST08778,Female,0,No,No,20,Yes,No,DSL,Yes,Yes,Yes,No,Yes,No,Month-to-month,No,Bank transfer (automatic),62.3,1241.57,No
CUST08779,Female,0,No,No,2,Yes,No,No,No internet service,No internet service,No internet service,No internet service,No internet service,No internet service,Two year,Yes,Mailed check,24.27,46.55,No
CUST08780,Female,0,Yes,No,6,Yes,No,DSL,No,No,Yes,Yes,No,Yes,Month-to-month,No,Bank transfer (automatic),58.33,345.94,No
CUST08781,Female,0,No,No,3,Yes,Yes,DSL,No,Yes,No,Yes,No,Yes,Two year,Yes,Bank transfer (automatic),50.84,146.09,No
CUST08782,Female,0,Yes,No,2,No,No phone service,Fiber optic,No,Yes,No,No,No,Yes,Month-to-month,No,Mailed check,79.51,154.43,Yes
CUST08783,Female,0,Yes,No,1,Yes,No,Fiber optic,No,No,Yes,No,Yes,Yes,Two year,Yes,Mailed check,77.55,74.84,No
CUST08784,Male,1,Yes,No,7,No,No phone service,Fiber optic,Yes,No,No,No,No,No,Month-to-month,Yes,Mailed check,72.15,487.05,Yes
CUST08785,Female,0,No,No,11,Yes,No,No,No internet service,No internet service,No internet service,No internet service,No internet service,No internet service,One year,Yes,Bank transfer (automatic),18.0,191.13,No
CUST08786,Female,0,No,No,12,Yes,Yes,No,No internet service,No internet service,No internet service,No internet service,No internet service,No internet service,Month-to-month,Yes,Mailed check,20.31,241.59,No
CUST08787,Female,1,Yes,No,11,Yes,No,DSL,No,No,No,Yes,Yes,Yes,One year,No,Bank transfer (automatic),57.27,605.78,No
CUST08788,Male,0,No,Yes,14,Yes,No,Fiber optic,No,Yes,No,No,Yes,No,Month-to-month,No,Electronic check,75.66,1018.21,No
CUST08789,Female,0,No,Yes,39,Yes,Yes,Fiber optic,No,No,No,No,Yes,Yes,One year,Yes,Mailed check,83.26,3138.75,No
CUST08790,Male,1,No,No,19,Yes,No,No,No internet service,No internet service,No internet service,No internet service,No internet service,No internet service,One year,No,Electronic check,18.0,336.01,No
CUST08791,Female,0,Yes,No,0,Yes,Yes,Fiber optic,No,No,No,No,No,No,Two year,No,Bank transfer (automatic),70.64,69.06,No
CUST08792,Male,1,No,No,3,Yes,No,Fiber optic,No,No,Yes,Yes,Yes,No,One year,No,Electronic check,85.45,248.98,No
CUST08793,Male,0,No,Yes,8,Yes,Yes,Fiber optic,No,No,Yes,Yes,No,No,Month-to-month,Yes,Mailed check,75.82,604.73,No
CUST08794,Female,0,Yes,No,59,Yes,No,Fiber optic,No,No,No,No,Yes,No,Month-to-month,Yes,Bank transfer (automatic),74.66,4222.54,No
CUST08795,Female,1,No,Yes,1,No,No phone service,No,No internet service,No internet service,No internet service,No internet service,No internet service,No internet service,One year,Yes,Mailed check,18.0,17.21,No
CUST08796,Male,0,Yes,No,24,Yes,No,DSL,No,No,No,No,Yes,Yes,Month-to-month,Yes,Bank transfer (automatic),54.07,1244.26,No
CUST08797,Female,0,Yes,No,0,Yes,No,No,No internet service,No internet service,No internet service,No internet service,No internet service,No internet service,Two year,Yes,Credit card (automatic),18.0,17.65,No
CUST08798,Male,0,Yes,Yes,9,Yes,Yes,Fiber optic,No,Yes,No,Yes,No,Yes,Month-to-month,No,Bank transfer (automatic),86.7,772.06,No
CUST08799,Male,1,Yes,No,29,Yes,No,Fiber optic,No,No,No,No,No,No,Month-to-month,No,Electronic check,72.62,2079.15,Yes
CUST08800,Male,0,No,No,8,Yes,No,Fiber optic,Yes,Yes,No,No,No,Yes,One year,Yes,Mailed check,76.08,605.92,No
CUST08801,Male,0,Yes,No,11,Yes,No,DSL,No,No,No,No,Yes,No,Month-to-month,Yes,Bank transfer (automatic),44.85,486.75,No
CUST08802,Male,0,No,Yes,47,Yes,No,No,No internet service,No internet service,No internet service,No internet service,No internet service,No internet service,One year,Yes,Electronic check,18.0,845.99,No
CUST08803,Female,0,Yes,Yes,1,Yes,Yes,DSL,No,No,Yes,No,No,No,Month-to-month,Yes,Credit card (automatic),48.3,47.21,Yes
CUST08804,Male,0,No,Yes,15,No,No phone service,DSL,No,No,No,Yes,Yes,Yes,Month-to-month,No,Credit card (automatic),67.05,1005.49,No
CUST08805,Male,0,No,Yes,9,No,No phone service,DSL,Yes,Yes,No,No,Yes,Yes,Two year,Yes,Electronic check,56.19,494.02,No
CUST08806,Female,0,No,Yes,66,Yes,Yes,DSL,No,No,No,No,No,Yes,Month-to-month,Yes,Bank transfer (automatic),52.28,3291.88,Yes
CUST08807,Male,0,No,Yes,31,Yes,No,Fiber optic,No,No,No,Yes,No,Yes,One year,No,Mailed check,84.35,2589.28,No
CUST08808,Female,0,No,No,2,No,No phone service,DSL,No,Yes,Yes,No,No,Yes,Month-to-month,No,Bank transfer (automatic),57.05,113.45,Yes
CUST08809,Female,0,Yes,No,52,Yes,No,Fiber optic,Yes,Yes,No,Yes,Yes,Yes,One year,No,Credit card (automatic),95.94,4851.24,No
CUST08810,Female,0,No,No,4,No,No phone service,Fiber optic,Yes,No,Yes,No,Yes,Yes,Month-to-month,Yes,Electronic check,92.9,355.79,Yes
CUST08811,Male,1,No,No,1,Yes,Yes,No,No internet service,No internet service,No internet service,No internet service,No internet service,No internet service,Month-to-month,No,Mailed check,18.0,17.94,Yes
CUST08812,Male,0,No,No,15,Yes,No,DSL,No,Yes,Yes,No,Yes,Yes,Month-to-month,Yes,Mailed check,60.04,896.15,No
CUST08813,Male,0,No,No,26,Yes,No,DSL,Yes,No,Yes,No,No,No,Month-to-month,Yes,Credit card (automatic),65.36,1636.73,No
CUST08814,Female,0,No,Yes,25,Yes,Yes,DSL,No,No,Yes,No,No,Yes,Two year,No,Electronic check,50.82,1217.79,No
CUST08815,Male,0,Yes,Yes,15,No,No phone service,No,No internet service,No internet service,No internet service,No internet service,No internet service,No internet service,Month-to-month,No,Credit card (automatic),20.4,292.13,No
CUST08816,Female,0,No,No,13,Yes,No,Fiber optic,No,Yes,No,Yes,No,Yes,One year,Yes,Mailed check,79.71,995.9,No
CUST08817,Male,0,Yes,No,69,Yes,No,Fiber optic,No,No,No,Yes,No,No,Month-to-month,Yes,Credit card (automatic),79.61,5444.83,No
CUST08818,Female,0,Yes,No,34,Yes,No,Fiber optic,No,Yes,Yes,Yes,No,No,Month-to-month,Yes,Mailed check,74.98,2496.17,No
CUST08819,Male,1,No,No,23,Yes,No,DSL,Yes,No,No,No,Yes,No,Month-to-month,Yes,Bank transfer (automatic),54.12,1212.59,No
CUST08820,Male,0,Yes,Yes,4,Yes,No,DSL,No,Yes,Yes,No,No,Yes,Month-to-month,Yes,Credit card (automatic),57.91,230.47,No
CUST08821,Male,0,Yes,No,34,Yes,No,No,No internet service,No internet service,No internet service,No internet service,No internet service,No internet service,Month-to-month,No,Bank transfer (automatic),19.16,630.0,No
CUST08822,Female,0,No,No,27,Yes,Yes,DSL,Yes,No,No,Yes,No,No,Month-to-month,Yes,Electronic check,63.47,1667.96,No
CUST08823,Female,1,No,No,72,Yes,No,No,No internet service,No internet service,No internet service,No internet service,No internet service,No internet service,One year,Yes,Electronic check,20.64,1482.71,No
CUST08824,Male,0,No,No,2,Yes,No,No,No internet service,No internet service,No internet service,No internet service,No internet service,No internet service,Month-to-month,Yes,Mailed check,18.0,34.7,Yes
CUST08825,Male,0,No,No,25,Yes,No,Fiber optic,Yes,Yes,No,No,No,No,Month-to-month,No,Bank transfer (automatic),77.1,1897.83,No
CUST08826,Female,0,No,Yes,72,Yes,Yes,No,No internet service,No internet service,No internet service,No internet service,No internet service,No internet service,Month-to-month,Yes,Electronic check,18.0,1242.09,No
CUST08827,Female,0,Yes,Yes,12,Yes,No,DSL,No,No,No,No,Yes,No,One year,Yes,Electronic check,57.52,674.86,No
CUST08828,Female,0,No,No,26,Yes,Yes,DSL,No,No,Yes,No,No,No,Month-to-month,No,Mailed check,48.12,1241.82,No
CUST08829,Male,0,Yes,No,72,Yes,Yes,DSL,Yes,Yes,No,No,No,Yes,Two year,Yes,Mailed check,57.88,4021.17,No
CUST08830,Female,1,Yes,Yes,15,Yes,No,DSL,Yes,Yes,No,Yes,No,Yes,Month-to-month,Yes,Electronic check,68.25,981.56,No
CUST08831,Male,1,No,Yes,24,Yes,Yes,DSL,Yes,No,Yes,Yes,No,Yes,Month-to-month,Yes,Mailed check,80.24,1913.69,No
CUST08832,Female,0,No,No,0,Yes,No,Fiber optic,No,No,No,No,No,No,Month-to-month,Yes,Bank transfer (automatic),58.99,56.57,Yes
CUST08833,Male,1,Yes,No,14,Yes,Yes,DSL,Yes,No,Yes,Yes,No,No,Month-to-month,Yes,Mailed check,56.89,792.8,No
CUST08834,Female,0,Yes,No,5,Yes,No,Fiber optic,Yes,No,Yes,No,Yes,No,Two year,Yes,Mailed check,79.95,394.23,No
CUST08835,Female,0,No,No,2,Yes,Yes,DSL,No,No,Yes,Yes,No,No,Month-to-month,Yes,Electronic check,52.17,100.02,Yes
CUST08836,Female,0,No,No,24,Yes,Yes,DSL,No,No,Yes,No,No,No,Month-to-month,Yes,Credit card (automatic),50.17,1197.87,Yes
CUST08837,Female,0,No,Yes,0,Yes,No,Fiber optic,No,No,No,Yes,Yes,No,Month-to-month,No,Mailed check,90.05,86.66,Yes
CUST08838,Female,1,Yes,Yes,47,Yes,No,Fiber optic,No,No,No,Yes,No,No,Month-to-month,No,Mailed check,81.33,3680.28,No
CUST08839,Male,0,No,No,14,Yes,No,No,No internet service,No internet service,No internet service,No internet service,No internet service,No internet service,Two year,No,Electronic check,18.0,248.94,No
CUST08840,Female,0,Yes,No,20,Yes,No,No,No internet service,No internet service,No internet service,No internet service,No internet service,No internet service,Two year,Yes,Bank transfer (automatic),26.6,521.8,No
CUST08841,Female,0,Yes,No,5,Yes,No,Fiber optic,No,Yes,No,Yes,No,Yes,Month-to-month,Yes,Electronic check,88.42,438.31,No
CUST08842,Female,0,No,No,4,Yes,Yes,No,No internet service,No internet service,No internet service,No internet service,No internet service,No internet service,Month-to-month,Yes,Electronic check,26.42,102.48,No
CUST08843,Male,0,No,No,5,Yes,No,DSL,Yes,No,Yes,No,No,Yes,Two year,Yes,Bank transfer (automatic),67.42,332.49,No
CUST08844,Female,0,Yes,No,5,Yes,No,Fiber optic,No,Yes,No,No,No,No,One year,No,Mailed check,66.96,327.29,No
CUST08845,Male,0,Yes,Yes,39,Yes,Yes,Fiber optic,No,Yes,No,No,No,No,Two year,No,Electronic check,71.76,2731.29,No
CUST08846,Female,1,No,No,30,Yes,No,Fiber optic,Yes,No,No,Yes,No,No,Month-to-month,No,Credit card (automatic),81.64,2403.86,No
CUST08847,Female,0,Yes,No,38,Yes,No,Fiber optic,No,Yes,No,Yes,No,Yes,Month-to-month,Yes,Mailed check,83.9,3174.15,No
CUST08848,Male,0,Yes,No,26,Yes,No,No,No internet service,No internet service,No internet service,No internet service,No internet service,No internet service,One year,Yes,Electronic check,23.04,587.94,No
CUST08849,Female,1,Yes,No,20,Yes,Yes,Fiber optic,Yes,Yes,No,No,Yes,No,Month-to-month,Yes,Electronic check,79.74,1558.53,Yes
CUST08850,Male,0,Yes,No,15,Yes,Yes,DSL,No,No,No,No,No,Yes,One year,Yes,Electronic check,51.98,779.1,No
CUST08851,Male,0,Yes,Yes,6,Yes,No,Fiber optic,No,No,Yes,Yes,Yes,Yes,Month-to-month,No,Credit card (automatic),88.31,525.33,No
CUST08852,Female,0,No,No,24,Yes,No,Fiber optic,No,No,Yes,Yes,No,Yes,One year,Yes,Bank transfer (automatic),85.33,1946.85,No
CUST08853,Male,0,No,No,2,Yes,No,Fiber optic,No,No,No,No,No,Yes,Month-to-month,No,Electronic check,84.56,162.68,Yes
CUST08854,Female,0,No,No,14,Yes,No,DSL,No,Yes,No,No,Yes,No,Month-to-month,Yes,Electronic check,54.88,746.69,Yes
CUST08855,Female,0,No,No,4,Yes,Yes,No,No internet service,No internet service,No internet service,No internet service,No internet service,No internet service,One year,No,Mailed check,22.83,88.77,No
CUST08856,Male,0,No,No,14,Yes,No,No,No internet service,No internet service,No internet service,No internet service,No internet service,No internet service,One year,Yes,Bank transfer (automatic),18.28,255.32,No
CUST08857,Male,0,No,No,6,Yes,No,Fiber optic,Yes,Yes,No,No,No,No,One year,Yes,Bank transfer (automatic),70.07,405.73,No
CUST08858,Male,0,No,No,1,Yes,No,DSL,No,Yes,No,No,Yes,Yes,Two year,Yes,Mailed check,59.9,59.81,No
CUST08859,Male,0,Yes,No,14,Yes,No,Fiber optic,No,Yes,No,No,Yes,No,One year,Yes,Mailed check,82.95,1105.15,No
CUST08860,Female,0,No,Yes,4,No,No phone service,Fiber optic,No,Yes,No,Yes,Yes,No,One year,No,Electronic check,88.46,352.14,No
CUST08861,Female,0,Yes,No,3,Yes,Yes,Fiber optic,Yes,No,No,Yes,No,No,One year,Yes,Credit card (automatic),77.48,228.23,No
CUST08862,Male,0,No,No,9,Yes,Yes,DSL,No,No,No,No,No,Yes,Month-to-month,Yes,Credit card (automatic),46.35,404.84,No
CUST08863,Female,0,No,No,8,Yes,Yes,Fiber optic,No,No,No,No,No,Yes,Two year,No,Electronic check,83.97,671.43,No
CUST08864,Female,0,No,No,40,No,No phone service,Fiber optic,No,No,Yes,No,Yes,No,Month-to-month,No,Electronic check,90.99,3639.22,No
CUST08865,Female,1,No,Yes,16,Yes,Yes,No,No internet service,No internet service,No internet service,No internet service,No internet service,No internet service,One year,Yes,Bank transfer (automatic),18.0,279.65,No
CUST08866,Female,0,Yes,No,38,Yes,No,Fiber optic,No,No,Yes,No,Yes,No,Month-to-month,Yes,Credit card (automatic),80.77,2945.47,No
CUST08867,Male,0,Yes,No,3,Yes,Yes,No,No internet service,No internet service,No internet service,No internet service,No internet service,No internet service,Month-to-month,No,Bank transfer (automatic),22.6,65.96,No
CUST08868,Male,0,Yes,No,8,Yes,No,No,No internet service,No internet service,No internet service,No internet service,No internet service,No internet service,Month-to-month,Yes,Electronic check,22.2,176.12,No
CUST08869,Female,1,Yes,No,16,Yes,No,Fiber optic,No,Yes,Yes,No,Yes,No,One year,Yes,Mailed check,88.93,1401.83,No
CUST08870,Male,0,Yes,No,3,Yes,No,Fiber optic,Yes,Yes,No,No,No,No,Month-to-month,Yes,Bank transfer (automatic),82.01,234.45,No
CUST08871,Male,0,Yes,No,2,Yes,Yes,DSL,No,No,No,No,No,No,Month-to-month,No,Electronic check,37.61,72.3,Yes
CUST08872,Male,1,Yes,Yes,21,Yes,Yes,Fiber optic,No,No,No,No,Yes,No,One year,Yes,Bank transfer (automatic),74.47,1522.11,No
CUST08873,Female,0,No,No,21,Yes,Yes,DSL,Yes,Yes,Yes,No,No,Yes,Month-to-month,Yes,Bank transfer (automatic),66.44,1392.34,No
CUST08874,Female,0,Yes,No,5,Yes,No,DSL,No,No,No,No,No,Yes,Month-to-month,Yes,Electronic check,43.25,212.11,No
CUST08875,Female,0,Yes,No,5,Yes,No,No,No internet service,No internet service,No internet service,No internet service,No internet service,No internet service,Month-to-month,No,Bank transfer (automatic),18.0,85.73,Yes
CUST08876,Male,0,Yes,Yes,27,No,No phone service,No,No internet service,No internet service,No internet service,No internet service,No internet service,No internet service,One year,No,Mailed check,18.0,471.02,No
CUST08877,Female,0,No,Yes,2,Yes,Yes,DSL,Yes,No,No,No,No,No,Month-to-month,No,Electronic check,40.89,81.4,Yes
CUST08878,Female,0,Yes,Yes,51,Yes,No,Fiber optic,No,No,No,No,No,No,Two year,Yes,Credit card (automatic),71.78,3570.35,No
CUST08879,Male,0,No,No,57,Yes,No,Fiber optic,Yes,Yes,No,No,No,Yes,Month-to-month,Yes,Bank transfer (automatic),79.79,4342.7,Yes
CUST08880,Female,0,Yes,Yes,40,Yes,Yes,Fiber optic,No,Yes,No,Yes,No,Yes,Month-to-month,Yes,Bank transfer (automatic),86.0,3370.94,No
CUST08881,Female,0,No,No,4,Yes,No,DSL,No,No,No,Yes,No,Yes,Month-to-month,Yes,Mailed check,51.53,202.8,No
CUST08882,Male,0,No,No,0,Yes,No,Fiber optic,No,Yes,Yes,No,No,Yes,Two year,No,Bank transfer (automatic),93.17,92.02,No
CUST08883,Male,0,Yes,No,55,Yes,No,Fiber optic,No,No,No,No,No,No,Month-to-month,No,Bank transfer (automatic),67.97,3614.18,No
CUST08884,Male,0,Yes,No,8,Yes,Yes,DSL,No,No,No,No,Yes,Yes,Month-to-month,No,Electronic check,53.86,424.44,No
CUST08885,Female,0,Yes,No,7,Yes,Yes,Fiber optic,Yes,No,No,No,Yes,Yes,Two year,No,Credit card (automatic),83.67,565.78,No
CUST08886,Female,1,No,No,6,No,No phone service,No,No internet service,No internet service,No internet service,No internet service,No internet service,No internet service,Month-to-month,No,Credit card (automatic),18.0,105.41,Yes
CUST08887,Female,0,Yes,Yes,5,Yes,Yes,No,No internet service,No internet service,No internet service,No internet service,No internet service,No internet service,Month-to-month,Yes,Electronic check,18.0,85.59,No
CUST08888,Male,0,No,No,26,Yes,Yes,Fiber optic,Yes,No,No,No,Yes,Yes,One year,Yes,Electronic check,87.43,2236.14,No
CUST08889,Male,0,No,No,47,Yes,No,DSL,No,Yes,No,No,Yes,No,Two year,Yes,Electronic check,57.6,2623.05,No
CUST08890,Female,0,No,Yes,30,Yes,No,Fiber optic,No,No,Yes,No,No,No,One year,Yes,Mailed check,69.43,2052.18,No
CUST08891,Female,0,Yes,No,22,Yes,No,No,No internet service,No internet service,No internet service,No internet service,No internet service,No internet service,Two year,No,Bank transfer (automatic),19.47,427.58,No
CUST08892,Male,0,Yes,No,6,Yes,No,Fiber optic,Yes,Yes,No,Yes,Yes,No,One year,No,Electronic check,97.44,557.78,No
CUST08893,Male,0,No,No,15,Yes,Yes,No,No internet service,No internet service,No internet service,No internet service,No internet service,No internet service,Two year,Yes,Mailed check,23.74,353.6,No
CUST08894,Male,0,No,No,5,Yes,No,DSL,Yes,No,No,Yes,No,Yes,One year,No,Credit card (automatic),62.39,299.98,No
CUST08895,Male,0,No,No,2,Yes,No,Fiber optic,No,Yes,Yes,No,No,No,Month-to-month,Yes,Electronic check,75.86,145.97,Yes
CUST08896,Female,0,No,No,2,Yes,Yes,DSL,No,No,No,No,No,No,Month-to-month,No,Bank transfer (automatic),46.82,90.02,Yes
CUST08897,Male,1,No,No,18,Yes,No,No,No internet service,No internet service,No internet service,No internet service,No internet service,No internet service,One year,Yes,Electronic check,18.0,310.03,No
CUST08898,Female,0,No,No,0,Yes,Yes,DSL,No,No,No,No,No,Yes,One year,Yes,Mailed check,55.86,53.61,No
CUST08899,Female,0,No,No,72,Yes,Yes,DSL,Yes,No,No,No,No,Yes,Month-to-month,No,Credit card (automatic),54.69,3886.96,Yes
CUST08900,Female,0,Yes,No,72,Yes,No,Fiber optic,No,No,No,Yes,Yes,Yes,Month-to-month,No,Mailed check,91.64,6521.69,No
CUST08901,Male,0,No,No,3,Yes,No,Fiber optic,No,No,Yes,No,No,Yes,Month-to-month,Yes,Bank transfer (automatic),80.33,240.52,No
CUST08902,Male,0,Yes,Yes,11,Yes,Yes,No,No internet service,No internet service,No internet service,No internet service,No internet service,No internet service,Two year,Yes,Bank transfer (automatic),18.0,189.13,No
CUST08903,Male,0,Yes,No,29,Yes,Yes,Fiber optic,Yes,Yes,No,Yes,No,Yes,Month-to-month,No,Bank transfer (automatic),87.83,2438.89,Yes
CUST08904,Male,0,No,No,62,Yes,Yes,No,No internet service,No internet service,No internet service,No internet service,No internet service,No internet service,Month-to-month,Yes,Electronic check,18.0,1109.59,No
CUST08905,Female,0,Yes,Yes,44,Yes,No,DSL,No,Yes,Yes,No,No,No,One year,Yes,Bank transfer (automatic),48.43,2084.53,No
CUST08906,Male,0,Yes,Yes,5,No,No phone service,Fiber optic,No,No,No,No,No,Yes,Two year,Yes,Electronic check,69.91,341.6,No
CUST08907,Male,0,Yes,Yes,1,Yes,No,No,No internet service,No internet service,No internet service,No internet service,No internet service,No internet service,Two year,No,Bank transfer (automatic),18.0,17.79,No
CUST08908,Female,1,No,No,6,Yes,Yes,Fiber optic,Yes,No,No,No,Yes,No,Two year,Yes,Electronic check,81.69,479.18,No
CUST08909,Male,0,No,No,11,Yes,Yes,No,No internet service,No internet service,No internet service,No internet service,No internet service,No internet service,One year,Yes,Bank transfer (automatic),19.59,205.39,No
CUST08910,Female,0,No,Yes,8,Yes,Yes,Fiber optic,Yes,Yes,Yes,No,Yes,No,Two year,No,Electronic check,84.3,671.0,No
CUST08911,Female,0,Yes,No,29,Yes,No,Fiber optic,No,No,No,Yes,No,No,Month-to-month,No,Bank transfer (automatic),74.87,2077.21,No
CUST08912,Female,0,Yes,No,5,Yes,No,Fiber optic,Yes,No,No,No,Yes,No,Month-to-month,No,Electronic check,76.56,372.85,No
CUST08913,Female,1,Yes,Yes,39,Yes,No,No,No internet service,No internet service,No internet service,No internet service,No internet service,No internet service,Two year,Yes,Electronic check,18.0,679.7,No
CUST08914,Female,0,Yes,Yes,5,Yes,No,No,No internet service,No internet service,No internet service,No internet service,No internet service,No internet service,Month-to-month,Yes,Credit card (automatic),22.99,111.33,No
CUST08915,Female,0,No,No,8,No,No phone service,Fiber optic,No,No,No,Yes,No,Yes,Two year,Yes,Electronic check,76.15,587.4,No
CUST08916,Female,0,Yes,Yes,11,Yes,No,DSL,Yes,No,Yes,No,Yes,No,Month-to-month,No,Electronic check,63.02,691.74,No
CUST08917,Female,0,Yes,Yes,6,Yes,No,DSL,No,No,No,Yes,No,Yes,Month-to-month,No,Bank transfer (automatic),57.9,331.49,No
CUST08918,Male,0,Yes,No,29,Yes,No,Fiber optic,No,No,No,No,No,Yes,Month-to-month,Yes,Electronic check,74.89,2150.36,No
CUST08919,Male,0,Yes,No,10,Yes,No,DSL,Yes,No,Yes,Yes,No,No,Month-to-month,Yes,Credit card (automatic),73.5,712.68,Yes
CUST08920,Male,1,Yes,No,43,Yes,No,Fiber optic,No,No,No,No,No,No,Month-to-month,Yes,Electronic check,69.59,2850.63,Yes
CUST08921,Male,0,No,No,66,Yes,No,No,No internet service,No internet service,No internet service,No internet service,No internet service,No internet service,Month-to-month,Yes,Bank transfer (automatic),18.62,1202.68,Yes
CUST08922,Female,0,No,No,39,Yes,No,Fiber optic,No,No,No,No,Yes,No,Two year,Yes,Bank transfer (automatic),69.14,2611.82,No
CUST08923,Male,0,No,Yes,14,Yes,Yes,Fiber optic,Yes,No,No,No,No,No,Two year,No,Bank transfer (automatic),81.9,1101.92,No
CUST08924,Female,0,No,Yes,14,Yes,No,DSL,No,No,No,No,No,No,Month-to-month,Yes,Bank transfer (automatic),48.65,659.66,No
CUST08925,Male,0,Yes,No,4,Yes,No,Fiber optic,No,No,No,No,Yes,No,Month-to-month,No,Mailed check,78.29,312.8,No
CUST08926,Male,0,No,No,17,Yes,No,Fiber optic,No,Yes,Yes,No,No,Yes,Month-to-month,Yes,Credit card (automatic),80.55,1353.32,No
CUST08927,Male,1,No,No,61,Yes,Yes,Fiber optic,No,Yes,No,Yes,Yes,No,Month-to-month,Yes,Mailed check,87.38,5282.2,Yes
CUST08928,Female,0,Yes,Yes,1,No,No phone service,Fiber optic,No,No,No,Yes,No,No,One year,No,Credit card (automatic),74.01,72.25,No
CUST08929,Male,0,No,Yes,27,Yes,No,DSL,No,No,No,No,Yes,No,Month-to-month,No,Mailed check,52.49,1367.31,No
CUST08930,Female,0,No,Yes,40,Yes,No,Fiber optic,No,No,No,Yes,Yes,Yes,Month-to-month,Yes,Mailed check,84.97,3322.02,Yes
CUST08931,Female,0,Yes,No,72,Yes,No,No,No internet service,No internet service,No internet service,No internet service,No internet service,No internet service,One year,Yes,Bank transfer (automatic),20.1,1414.32,No
CUST08932,Male,0,No,Yes,8,Yes,No,DSL,Yes,Yes,No,No,No,No,Month-to-month,Yes,Mailed check,52.5,402.11,Yes
CUST08933,Male,0,No,No,8,Yes,Yes,No,No internet service,No internet service,No internet service,No internet service,No internet service,No internet service,Month-to-month,No,Bank transfer (automatic),18.0,141.57,No
CUST08934,Male,0,No,No,5,Yes,Yes,Fiber optic,No,No,Yes,No,No,Yes,One year,No,Electronic check,77.12,381.38,Yes
CUST08935,Female,0,No,Yes,31,Yes,No,Fiber optic,Yes,Yes,Yes,No,No,No,One year,Yes,Electronic check,89.72,2718.59,No
CUST08936,Male,1,Yes,Yes,3,Yes,Yes,Fiber optic,Yes,Yes,No,No,No,No,One year,No,Electronic check,88.13,256.42,No
CUST08937,Female,1,Yes,No,6,Yes,No,Fiber optic,Yes,Yes,Yes,No,Yes,No,One year,No,Mailed check,94.06,554.17,No
CUST08938,Female,0,No,Yes,6,Yes,No,Fiber optic,No,No,No,Yes,No,Yes,One year,Yes,Credit card (automatic),85.27,499.78,No
CUST08939,Male,0,No,Yes,9,Yes,Yes,No,No internet service,No internet service,No internet service,No internet service,No internet service,No internet service,Month-to-month,Yes,Mailed check,18.0,154.57,No
CUST08940,Male,0,No,Yes,10,Yes,No,DSL,Yes,Yes,No,No,Yes,Yes,Month-to-month,Yes,Electronic check,66.94,648.46,No
CUST08941,Female,0,Yes,No,16,Yes,No,Fiber optic,No,Yes,Yes,No,No,No,One year,Yes,Bank transfer (automatic),74.85,1193.19,No
CUST08942,Female,0,Yes,No,59,Yes,Yes,No,No internet service,No internet service,No internet service,No internet service,No internet service,No internet service,One year,Yes,Mailed check,18.82,1058.28,No
CUST08943,Female,0,Yes,Yes,5,Yes,Yes,DSL,No,No,No,No,Yes,No,Month-to-month,No,Credit card (automatic),50.39,242.93,Yes
CUST08944,Male,0,Yes,No,30,Yes,Yes,No,No internet service,No internet service,No internet service,No internet service,No internet service,No internet service,Month-to-month,Yes,Electronic check,18.7,556.98,Yes
CUST08945,Female,0,Yes,No,22,Yes,No,Fiber optic,No,Yes,No,Yes,No,No,One year,No,Electronic check,87.09,1820.31,No
CUST08946,Male,0,Yes,No,2,Yes,Yes,DSL,Yes,Yes,No,Yes,Yes,No,Month-to-month,Yes,Electronic check,58.24,116.14,Yes
CUST08947,Female,0,Yes,Yes,33,No,No phone service,Fiber optic,No,Yes,No,No,Yes,No,Month-to-month,No,Electronic check,68.53,2226.23,No
CUST08948,Female,0,Yes,No,1,Yes,No,DSL,No,No,Yes,Yes,Yes,Yes,Month-to-month,No,Electronic check,59.23,57.39,Yes
CUST08949,Male,0,Yes,No,26,Yes,Yes,DSL,No,No,No,No,No,No,Month-to-month,No,Credit card (automatic),43.35,1072.35,No
CUST08950,Female,0,No,No,25,Yes,No,DSL,Yes,No,No,Yes,No,No,Month-to-month,No,Mailed check,58.1,1383.19,No
CUST08951,Male,0,No,No,23,Yes,No,DSL,Yes,Yes,No,No,No,Yes,Month-to-month,No,Mailed check,61.2,1358.02,No
CUST08952,Male,1,Yes,No,6,Yes,No,DSL,No,No,No,No,Yes,No,Two year,No,Credit card (automatic),55.74,328.74,No
CUST08953,Female,0,No,No,17,No,No phone service,DSL,Yes,Yes,Yes,No,No,Yes,Month-to-month,No,Credit card (automatic),54.82,888.48,No
CUST08954,Male,0,No,No,28,No,No phone service,DSL,No,No,No,Yes,No,Yes,One year,Yes,Electronic check,58.56,1629.98,No
CUST08955,Male,0,No,No,20,Yes,Yes,No,No internet service,No internet service,No internet service,No internet service,No internet service,No internet service,One year,No,Credit card (automatic),21.55,427.93,No
CUST08956,Female,1,Yes,No,32,Yes,Yes,No,No internet service,No internet service,No internet service,No internet service,No internet service,No internet service,Month-to-month,Yes,Electronic check,19.34,596.76,No
CUST08957,Male,0,Yes,Yes,23,Yes,No,No,No internet service,No internet service,No internet service,No internet service,No internet service,No internet service,Month-to-month,No,Bank transfer (automatic),19.36,427.35,No
CUST08958,Male,0,No,Yes,6,Yes,No,DSL,No,No,No,No,Yes,No,One year,No,Electronic check,53.5,311.84,No
CUST08959,Male,1,Yes,No,3,Yes,Yes,DSL,Yes,No,No,No,No,Yes,Month-to-month,No,Electronic check,59.7,172.67,No
CUST08960,Female,0,No,No,19,Yes,No,DSL,No,No,No,Yes,No,Yes,Month-to-month,No,Credit card (automatic),53.59,1015.69,No
CUST08961,Male,1,No,No,28,Yes,Yes,Fiber optic,No,No,No,No,No,Yes,Month-to-month,Yes,Mailed check,77.77,2132.13,Yes
CUST08962,Female,1,No,No,3,No,No phone service,No,No internet service,No internet service,No internet service,No internet service,No internet service,No internet service,Month-to-month,Yes,Mailed check,18.0,53.29,No
CUST08963,Female,1,Yes,Yes,3,Yes,No,No,No internet service,No internet service,No internet service,No internet service,No internet service,No internet service,Two year,Yes,Bank transfer (automatic),27.14,79.51,No
CUST08964,Male,0,Yes,No,0,Yes,No,DSL,No,No,Yes,No,No,No,One year,Yes,Bank transfer (automatic),51.75,51.33,No
CUST08965,Male,0,Yes,Yes,15,Yes,No,Fiber optic,No,No,No,No,Yes,No,Month-to-month,Yes,Electronic check,72.79,1042.6,No
CUST08966,Male,0,No,No,15,Yes,Yes,No,No internet service,No internet service,No internet service,No internet service,No internet service,No internet service,Two year,Yes,Credit card (automatic),27.32,404.12,No
CUST08967,Female,0,Yes,No,13,Yes,No,Fiber optic,Yes,No,No,No,No,Yes,Month-to-month,No,Mailed check,84.51,1085.86,No
CUST08968,Male,0,No,Yes,7,Yes,No,DSL,Yes,No,No,No,No,No,One year,Yes,Bank transfer (automatic),52.2,353.71,No
CUST08969,Male,0,Yes,Yes,11,Yes,No,DSL,No,No,Yes,No,No,No,Two year,No,Bank transfer (automatic),44.89,471.21,No
CUST08970,Male,0,Yes,Yes,29,Yes,Yes,Fiber optic,No,No,Yes,No,No,No,Two year,Yes,Credit card (automatic),69.57,1982.56,No
CUST08971,Male,0,Yes,Yes,4,Yes,No,DSL,Yes,No,No,No,Yes,Yes,Month-to-month,Yes,Electronic check,55.84,215.59,Yes
CUST08972,Male,0,No,No,4,Yes,Yes,No,No internet service,No internet service,No internet service,No internet service,No internet service,No internet service,One year,Yes,Credit card (automatic),19.51,76.42,No
CUST08973,Female,0,No,Yes,21,Yes,Yes,DSL,No,Yes,No,No,No,No,Month-to-month,No,Bank transfer (automatic),50.15,1046.88,No
CUST08974,Female,0,Yes,Yes,40,Yes,No,DSL,Yes,No,Yes,No,No,Yes,Month-to-month,Yes,Electronic check,66.21,2626.15,No
CUST08975,Male,0,No,Yes,8,Yes,No,DSL,Yes,Yes,No,No,No,Yes,Month-to-month,Yes,Credit card (automatic),48.56,380.24,No
CUST08976,Male,0,No,No,53,Yes,No,DSL,No,No,No,No,Yes,No,Two year,No,Mailed check,47.61,2410.86,No
CUST08977,Male,0,No,No,1,Yes,No,Fiber optic,No,Yes,No,No,Yes,Yes,Month-to-month,No,Bank transfer (automatic),87.89,85.46,Yes
CUST08978,Male,0,No,Yes,2,Yes,No,DSL,Yes,No,No,No,No,No,Month-to-month,No,Credit card (automatic),48.91,96.48,Yes
CUST08979,Female,0,Yes,No,12,Yes,No,DSL,No,No,Yes,No,No,No,Month-to-month,No,Electronic check,52.27,613.66,No
CUST08980,Male,0,Yes,No,25,Yes,Yes,Fiber optic,Yes,Yes,No,No,Yes,No,Month-to-month,Yes,Credit card (automatic),78.67,1900.79,No
CUST08981,Female,0,No,No,9,Yes,Yes,DSL,No,No,No,No,No,Yes,Month-to-month,Yes,Bank transfer (automatic),50.73,440.78,No
CUST08982,Female,0,Yes,No,16,Yes,Yes,DSL,No,Yes,No,No,Yes,No,Two year,No,Mailed check,49.7,782.42,No
CUST08983,Male,1,Yes,Yes,0,Yes,No,DSL,Yes,No,No,No,No,No,Month-to-month,Yes,Bank transfer (automatic),51.89,50.93,Yes
CUST08984,Female,0,Yes,No,12,Yes,No,DSL,Yes,No,No,No,No,No,Month-to-month,Yes,Electronic check,49.91,586.71,Yes
CUST08985,Female,0,No,No,5,No,No phone service,Fiber optic,No,Yes,No,Yes,Yes,Yes,One year,No,Mailed check,85.71,427.52,Yes
CUST08986,Female,0,Yes,No,14,No,No phone service,DSL,No,Yes,Yes,No,No,Yes,Two year,No,Credit card (automatic),55.37,771.1,No
CUST08987,Female,0,No,Yes,14,Yes,No,Fiber optic,No,Yes,Yes,No,Yes,Yes,One year,Yes,Electronic check,92.92,1256.26,No
CUST08988,Male,0,Yes,No,27,Yes,Yes,Fiber optic,No,No,No,No,Yes,Yes,One year,No,Mailed check,79.29,2060.44,No
CUST08989,Male,0,No,No,15,Yes,Yes,Fiber optic,No,No,No,Yes,Yes,No,Month-to-month,Yes,Electronic check,85.45,1276.8,No
CUST08990,Female,0,Yes,Yes,19,Yes,Yes,No,No internet service,No internet service,No internet service,No internet service,No internet service,No internet service,Two year,Yes,Credit card (automatic),19.35,353.1,No
CUST08991,Male,0,No,Yes,15,Yes,No,DSL,Yes,No,No,No,Yes,No,Month-to-month,Yes,Mailed check,56.11,840.69,No
CUST08992,Male,0,No,No,72,Yes,Yes,Fiber optic,No,No,No,No,Yes,Yes,One year,Yes,Electronic check,82.28,5691.77,Yes
CUST08993,Male,0,No,No,31,Yes,Yes,No,No internet service,No internet service,No internet service,No internet service,No internet service,No internet service,Two year,No,Electronic check,26.78,793.17,No
CUST08994,Male,0,Yes,No,28,Yes,Yes,No,No internet service,No internet service,No internet service,No internet service,No internet service,No internet service,Two year,No,Bank transfer (automatic),22.25,604.02,No
CUST08995,Male,1,No,No,19,Yes,Yes,Fiber optic,No,No,No,Yes,No,Yes,Two year,Yes,Electronic check,82.1,1552.18,No
CUST08996,Female,0,Yes,No,15,Yes,No,DSL,No,No,No,Yes,No,Yes,Month-to-month,No,Electronic check,53.38,789.94,No
CUST08997,Male,0,Yes,Yes,8,Yes,Yes,DSL,No,No,No,Yes,Yes,Yes,Month-to-month,Yes,Electronic check,62.58,490.59,No
CUST08998,Male,0,No,No,30,Yes,Yes,DSL,Yes,No,Yes,No,Yes,Yes,Two year,Yes,Bank transfer (automatic),64.86,1916.77,No
CUST08999,Male,0,No,No,4,Yes,No,No,No internet service,No internet service,No internet service,No internet service,No internet service,No internet service,One year,Yes,Electronic check,25.49,99.51,No
CUST09000,Male,0,No,No,0,Yes,No,Fiber optic,No,No,No,Yes,No,No,Month-to-month,No,Mailed check,76.62,74.01,Yes
CUST09001,Female,0,No,Yes,23,No,No phone service,Fiber optic,Yes,No,Yes,No,No,Yes,One year,No,Credit card (automatic),85.54,1917.94,No
CUST09002,Female,0,Yes,Yes,3,Yes,No,Fiber optic,No,No,Yes,No,Yes,Yes,Month-to-month,Yes,Mailed check,83.69,243.28,No
CUST09003,Female,0,No,Yes,46,Yes,Yes,DSL,No,No,Yes,No,Yes,No,One year,Yes,Mailed check,57.08,2595.23,No
CUST09004,Female,0,Yes,No,29,Yes,No,DSL,No,No,No,No,Yes,Yes,Two year,No,Mailed check,58.77,1633.32,No
CUST09005,Male,0,No,No,18,No,No phone service,No,No internet service,No internet service,No internet service,No internet service,No internet service,No internet service,Month-to-month,No,Electronic check,22.67,396.84,Yes
CUST09006,Female,1,No,Yes,7,Yes,Yes,Fiber optic,No,No,No,No,Yes,No,Month-to-month,No,Credit card (automatic),70.26,469.85,No
CUST09007,Male,0,No,No,20,Yes,No,Fiber optic,No,Yes,No,Yes,Yes,Yes,Month-to-month,Yes,Electronic check,89.29,1700.38,No
CUST09008,Male,0,Yes,No,12,Yes,Yes,Fiber optic,Yes,No,No,No,No,No,Two year,No,Bank transfer (automatic),80.62,930.31,No
CUST09009,Male,0,No,No,6,Yes,No,Fiber optic,No,No,No,Yes,No,Yes,Month-to-month,No,Electronic check,75.54,434.23,No
CUST09010,Male,0,Yes,No,58,Yes,No,DSL,No,No,Yes,No,No,No,One year,Yes,Credit card (automatic),57.13,3277.4,No
CUST09011,Male,1,Yes,Yes,3,Yes,Yes,DSL,No,Yes,No,No,Yes,No,One year,No,Credit card (automatic),57.29,164.65,No
CUST09012,Female,0,Yes,Yes,27,Yes,No,DSL,Yes,No,Yes,Yes,No,No,Month-to-month,No,Mailed check,58.48,1553.09,No
CUST09013,Female,0,No,No,32,Yes,Yes,Fiber optic,No,No,Yes,Yes,No,No,Month-to-month,Yes,Electronic check,83.47,2604.65,No
CUST09014,Female,0,Yes,No,60,Yes,No,DSL,No,No,Yes,No,No,Yes,One year,Yes,Electronic check,51.9,3014.53,No
CUST09015,Female,0,Yes,Yes,15,Yes,Yes,DSL,Yes,No,No,Yes,Yes,No,Two year,Yes,Mailed check,61.45,878.5,No
CUST09016,Male,0,Yes,No,15,Yes,Yes,Fiber optic,Yes,No,Yes,No,Yes,No,Month-to-month,No,Electronic check,83.84,1220.94,No
CUST09017,Female,0,Yes,No,50,Yes,No,No,No internet service,No internet service,No internet service,No internet service,No internet service,No internet service,Month-to-month,Yes,Credit card (automatic),20.41,998.49,No
CUST09018,Male,0,No,No,32,Yes,Yes,DSL,Yes,No,No,No,No,Yes,Month-to-month,Yes,Electronic check,53.31,1630.66,Yes
CUST09019,Female,1,No,Yes,28,Yes,No,DSL,No,Yes,No,No,Yes,No,One year,Yes,Electronic check,46.93,1308.1,Yes
CUST09020,Male,0,Yes,No,31,Yes,No,Fiber optic,Yes,No,No,No,Yes,No,Month-to-month,Yes,Bank transfer (automatic),79.13,2343.97,Yes
CUST09021,Male,0,No,No,13,Yes,Yes,No,No internet service,No internet service,No internet service,No internet service,No internet service,No internet service,Two year,No,Mailed check,20.86,268.88,No
CUST09022,Female,0,No,No,0,Yes,Yes,Fiber optic,No,No,Yes,No,No,No,Month-to-month,No,Mailed check,76.67,75.84,Yes
CUST09023,Male,0,No,No,4,Yes,No,Fiber optic,No,No,Yes,No,No,No,Month-to-month,Yes,Mailed check,82.25,327.1,Yes
CUST09024,Male,0,No,No,20,Yes,No,DSL,No,Yes,No,No,Yes,No,Month-to-month,Yes,Mailed check,65.55,1252.41,No
CUST09025,Female,0,Yes,No,10,Yes,No,No,No internet service,No internet service,No internet service,No internet service,No internet service,No internet service,Two year,No,Mailed check,18.0,175.14,No
CUST09026,Male,0,No,No,18,Yes,No,No,No internet service,No internet service,No internet service,No internet service,No internet service,No internet service,Month-to-month,Yes,Electronic check,18.68,324.72,No
CUST09027,Female,0,Yes,No,16,Yes,Yes,Fiber optic,Yes,No,Yes,No,Yes,No,Month-to-month,Yes,Bank transfer (automatic),86.8,1366.97,No
CUST09028,Female,1,Yes,No,11,Yes,Yes,No,No internet service,No internet service,No internet service,No internet service,No internet service,No internet service,Month-to-month,Yes,Electronic check,31.54,332.84,No
CUST09029,Female,0,No,Yes,5,Yes,No,DSL,Yes,Yes,No,Yes,Yes,No,One year,No,Electronic check,75.27,359.23,No
CUST09030,Male,0,No,No,25,Yes,No,DSL,Yes,No,Yes,No,Yes,Yes,Month-to-month,No,Credit card (automatic),66.65,1601.17,No
CUST09031,Male,0,Yes,No,47,Yes,No,Fiber optic,Yes,No,No,Yes,No,Yes,One year,No,Electronic check,80.34,3774.46,No
CUST09032,Male,1,Yes,No,29,Yes,Yes,DSL,Yes,No,Yes,Yes,No,No,Month-to-month,Yes,Credit card (automatic),52.83,1475.0,No
CUST09033,Female,0,No,No,2,Yes,Yes,No,No internet service,No internet service,No internet service,No internet service,No internet service,No internet service,Two year,Yes,Mailed check,18.0,34.72,No
CUST09034,Male,0,No,Yes,15,No,No phone service,Fiber optic,Yes,No,No,No,No,Yes,Two year,No,Credit card (automatic),83.75,1238.78,No
CUST09035,Female,0,No,No,36,Yes,No,Fiber optic,No,No,No,No,No,No,Month-to-month,No,Credit card (automatic),72.01,2503.15,Yes
CUST09036,Female,1,Yes,No,17,No,No phone service,DSL,No,No,No,Yes,No,Yes,Two year,No,Mailed check,59.5,987.65,No
CUST09037,Male,1,No,No,11,Yes,Yes,Fiber optic,No,Yes,Yes,No,No,Yes,Month-to-month,No,Electronic check,90.72,985.49,Yes
CUST09038,Female,0,Yes,No,6,Yes,Yes,DSL,Yes,No,No,No,No,Yes,Two year,No,Credit card (automatic),58.84,341.3,No
CUST09039,Male,0,Yes,No,8,Yes,No,DSL,Yes,No,No,No,Yes,No,Month-to-month,Yes,Credit card (automatic),57.83,447.85,No
CUST09040,Male,0,Yes,No,5,No,No phone service,Fiber optic,No,No,No,No,No,Yes,Month-to-month,Yes,Electronic check,78.89,379.13,Yes
CUST09041,Male,0,No,No,4,Yes,Yes,DSL,No,No,Yes,Yes,No,No,Month-to-month,Yes,Electronic check,49.45,195.33,Yes
CUST09042,Male,0,No,No,17,Yes,No,No,No internet service,No internet service,No internet service,No internet service,No internet service,No internet service,Month-to-month,Yes,Credit card (automatic),25.99,441.67,No
CUST09043,Male,0,No,No,14,Yes,Yes,DSL,Yes,No,Yes,No,No,No,Month-to-month,No,Bank transfer (automatic),54.81,731.37,Yes
CUST09044,Female,1,No,No,26,Yes,Yes,Fiber optic,No,No,No,No,Yes,No,One year,Yes,Mailed check,79.39,2002.94,No
CUST09045,Female,0,Yes,No,7,Yes,No,No,No internet service,No internet service,No internet service,No internet service,No internet service,No internet service,Month-to-month,Yes,Bank transfer (automatic),22.12,149.76,No
CUST09046,Female,0,Yes,No,12,Yes,Yes,Fiber optic,No,Yes,No,No,No,Yes,One year,Yes,Credit card (automatic),85.79,996.27,No
CUST09047,Male,0,Yes,No,22,Yes,No,Fiber optic,No,No,No,No,No,No,One year,Yes,Electronic check,75.59,1623.42,No
CUST09048,Male,0,No,Yes,66,Yes,Yes,Fiber optic,No,No,No,No,No,No,One year,No,Electronic check,72.86,4726.7,No
CUST09049,Male,0,No,Yes,8,Yes,Yes,Fiber optic,Yes,Yes,No,No,Yes,No,One year,Yes,Bank transfer (automatic),89.49,697.71,No
CUST09050,Female,0,No,No,7,Yes,No,Fiber optic,No,No,Yes,No,Yes,No,Month-to-month,Yes,Bank transfer (automatic),89.99,622.41,No
CUST09051,Male,0,No,No,11,Yes,No,No,No internet service,No internet service,No internet service,No internet service,No internet service,No internet service,Month-to-month,Yes,Credit card (automatic),22.65,237.48,No
CUST09052,Female,1,No,No,25,Yes,No,No,No internet service,No internet service,No internet service,No internet service,No internet service,No internet service,Month-to-month,No,Electronic check,18.0,445.52,No
CUST09053,Female,0,No,No,65,Yes,No,Fiber optic,No,No,No,Yes,Yes,Yes,Two year,Yes,Electronic check,88.93,5746.55,No
CUST09054,Male,0,No,No,15,Yes,No,Fiber optic,Yes,Yes,No,No,No,No,One year,No,Mailed check,78.09,1147.77,No
CUST09055,Male,0,No,No,33,Yes,No,No,No internet service,No internet service,No internet service,No internet service,No internet service,No internet service,One year,Yes,Bank transfer (automatic),25.61,816.39,No
CUST09056,Female,0,No,No,12,Yes,Yes,Fiber optic,No,Yes,Yes,Yes,Yes,No,Two year,No,Electronic check,91.88,1073.55,No
CUST09057,Male,0,No,No,0,Yes,Yes,No,No internet service,No internet service,No internet service,No internet service,No internet service,No internet service,Two year,Yes,Electronic check,18.0,17.64,No
CUST09058,Female,0,No,No,44,Yes,No,Fiber optic,No,Yes,Yes,Yes,Yes,No,Month-to-month,Yes,Electronic check,93.38,4066.87,No
CUST09059,Male,0,Yes,Yes,6,Yes,Yes,No,No internet service,No internet service,No internet service,No internet service,No internet service,No internet service,Month-to-month,No,Electronic check,27.58,163.69,No
CUST09060,Male,0,Yes,No,2,Yes,No,No,No internet service,No internet service,No internet service,No internet service,No internet service,No internet service,Two year,No,Electronic check,18.97,36.7,No
CUST09061,Female,0,Yes,Yes,72,Yes,No,No,No internet service,No internet service,No internet service,No internet service,No internet service,No internet service,Two year,Yes,Electronic check,18.0,1259.26,No
CUST09062,Male,0,Yes,No,8,Yes,No,Fiber optic,No,Yes,No,No,No,Yes,One year,Yes,Credit card (automatic),82.4,651.46,No
CUST09063,Female,0,No,Yes,2,Yes,No,Fiber optic,Yes,Yes,No,No,Yes,Yes,One year,Yes,Mailed check,90.18,175.2,No
CUST09064,Male,1,Yes,No,7,Yes,No,Fiber optic,No,Yes,No,No,No,No,One year,Yes,Bank transfer (automatic),71.86,493.85,No
CUST09065,Female,0,Yes,Yes,14,Yes,No,DSL,Yes,No,Yes,No,Yes,No,Month-to-month,No,Electronic check,54.05,756.2,No
CUST09066,Female,0,Yes,Yes,1,Yes,Yes,DSL,No,No,No,No,No,No,Two year,Yes,Electronic check,39.07,38.76,No
CUST09067,Male,1,No,No,8,Yes,Yes,No,No internet service,No internet service,No internet service,No internet service,No internet service,No internet service,One year,Yes,Credit card (automatic),22.92,176.19,No
CUST09068,Female,0,Yes,Yes,22,Yes,No,Fiber optic,No,Yes,No,Yes,No,Yes,Month-to-month,Yes,Credit card (automatic),83.84,1790.24,No
CUST09069,Male,0,Yes,Yes,49,Yes,No,DSL,Yes,Yes,No,Yes,Yes,No,Month-to-month,Yes,Credit card (automatic),58.56,2804.2,No
CUST09070,Male,1,Yes,No,10,Yes,No,Fiber optic,No,No,No,No,Yes,No,Two year,No,Bank transfer (automatic),84.79,830.86,No
CUST09071,Male,0,Yes,Yes,16,Yes,Yes,DSL,No,Yes,No,No,No,No,One year,No,Electronic check,51.08,788.59,No
CUST09072,Female,1,No,Yes,20,Yes,No,Fiber optic,No,Yes,No,Yes,No,No,Month-to-month,Yes,Electronic check,82.61,1645.57,No
CUST09073,Female,1,Yes,Yes,1,Yes,No,No,No internet service,No internet service,No internet service,No internet service,No internet service,No internet service,Month-to-month,Yes,Bank transfer (automatic),21.84,21.74,Yes
CUST09074,Male,0,No,No,8,Yes,No,No,No internet service,No internet service,No internet service,No internet service,No internet service,No internet service,One year,No,Credit card (automatic),20.27,155.38,No
CUST09075,Male,0,No,No,23,Yes,No,DSL,Yes,Yes,Yes,No,Yes,No,Month-to-month,No,Mailed check,54.36,1245.89,No
CUST09076,Female,0,No,No,26,Yes,No,DSL,Yes,Yes,No,No,No,No,Month-to-month,No,Bank transfer (automatic),54.44,1376.19,No
CUST09077,Male,0,Yes,No,8,Yes,No,DSL,Yes,No,No,Yes,No,No,One year,No,Credit card (automatic),60.58,471.03,No
CUST09078,Male,0,Yes,Yes,0,Yes,No,DSL,No,Yes,No,Yes,Yes,No,One year,Yes,Electronic check,59.02,56.61,No
CUST09079,Female,0,Yes,No,0,Yes,No,Fiber optic,Yes,No,Yes,Yes,Yes,Yes,Two year,Yes,Credit card (automatic),89.54,85.44,No
CUST09080,Male,0,Yes,No,15,Yes,Yes,Fiber optic,No,No,No,Yes,No,No,Month-to-month,No,Credit card (automatic),74.12,1070.02,No
CUST09081,Female,0,No,No,16,Yes,No,DSL,No,No,No,No,Yes,No,Month-to-month,Yes,Electronic check,57.76,918.62,No
CUST09082,Male,0,Yes,No,16,Yes,Yes,DSL,No,No,Yes,No,No,No,Month-to-month,Yes,Mailed check,50.95,791.03,Yes
CUST09083,Female,0,Yes,No,25,Yes,No,DSL,No,Yes,No,No,Yes,No,Month-to-month,Yes,Bank transfer (automatic),45.38,1129.94,No
CUST09084,Male,0,No,Yes,50,Yes,Yes,No,No internet service,No internet service,No internet service,No internet service,No internet service,No internet service,Month-to-month,Yes,Electronic check,18.0,881.99,Yes
CUST09085,Male,0,No,No,72,Yes,No,DSL,No,No,No,No,No,No,One year,No,Mailed check,35.93,2458.68,No
CUST09086,Female,1,Yes,No,24,Yes,Yes,DSL,No,No,No,Yes,Yes,Yes,Month-to-month,No,Mailed check,58.55,1358.18,Yes
CUST09087,Male,1,Yes,No,14,Yes,Yes,DSL,No,Yes,No,No,No,No,Two year,No,Electronic check,61.05,817.42,No
CUST09088,Female,0,Yes,No,3,Yes,No,Fiber optic,Yes,Yes,No,No,Yes,Yes,Month-to-month,Yes,Electronic check,90.1,266.86,No
CUST09089,Male,1,No,Yes,9,Yes,Yes,Fiber optic,No,No,No,Yes,Yes,No,One year,No,Mailed check,75.22,666.05,No
CUST09090,Female,0,No,No,16,Yes,No,Fiber optic,Yes,No,Yes,Yes,Yes,Yes,Two year,Yes,Bank transfer (automatic),99.65,1532.9,No
CUST09091,Female,0,No,Yes,72,Yes,No,Fiber optic,No,Yes,No,Yes,No,No,Month-to-month,Yes,Mailed check,72.83,5036.26,No
CUST09092,Female,0,No,Yes,2,Yes,No,DSL,Yes,No,No,No,Yes,No,Month-to-month,No,Electronic check,56.62,112.69,Yes
CUST09093,Female,0,No,No,31,Yes,No,DSL,Yes,Yes,No,No,Yes,Yes,One year,No,Electronic check,58.73,1740.28,No
CUST09094,Male,1,Yes,No,72,Yes,No,No,No internet service,No internet service,No internet service,No internet service,No internet service,No internet service,One year,Yes,Mailed check,26.77,1834.25,No
CUST09095,Male,0,Yes,No,32,No,No phone service,No,No internet service,No internet service,No internet service,No internet service,No internet service,No internet service,One year,Yes,Credit card (automatic),18.9,585.64,No
CUST09096,Female,0,No,No,29,Yes,No,Fiber optic,No,No,Yes,Yes,Yes,No,Month-to-month,Yes,Bank transfer (automatic),81.43,2309.97,No
CUST09097,Female,0,No,No,5,Yes,No,DSL,Yes,No,Yes,Yes,No,Yes,One year,Yes,Electronic check,63.56,316.51,No
CUST09098,Female,0,Yes,Yes,0,Yes,Yes,DSL,Yes,No,Yes,No,No,No,One year,Yes,Electronic check,54.5,54.26,No
CUST09099,Male,0,No,No,5,Yes,Yes,Fiber optic,Yes,Yes,No,No,Yes,Yes,Month-to-month,No,Bank transfer (automatic),85.79,410.5,No
CUST09100,Male,0,No,No,31,Yes,No,No,No internet service,No internet service,No internet service,No internet service,No internet service,No internet service,Two year,No,Electronic check,18.0,552.06,No
CUST09101,Male,0,Yes,No,2,Yes,Yes,Fiber optic,Yes,No,Yes,Yes,Yes,No,One year,No,Credit card (automatic),91.66,182.72,No
CUST09102,Male,0,No,No,7,Yes,Yes,DSL,No,No,No,No,Yes,No,Month-to-month,No,Electronic check,53.19,369.23,No
CUST09103,Female,0,Yes,No,16,Yes,No,Fiber optic,Yes,No,No,Yes,No,No,Two year,No,Electronic check,85.56,1328.86,No
CUST09104,Female,0,No,No,17,Yes,Yes,No,No internet service,No internet service,No internet service,No internet service,No internet service,No internet service,One year,No,Bank transfer (automatic),30.03,490.29,No
CUST09105,Female,0,Yes,No,15,Yes,No,Fiber optic,No,Yes,Yes,No,Yes,No,Month-to-month,Yes,Bank transfer (automatic),90.9,1357.74,No
CUST09106,Male,0,No,No,72,Yes,No,No,No internet service,No internet service,No internet service,No internet service,No internet service,No internet service,Month-to-month,Yes,Bank transfer (automatic),22.85,1606.7,No
CUST09107,Male,0,No,No,0,Yes,Yes,Fiber optic,No,No,Yes,No,No,No,Two year,Yes,Credit card (automatic),81.94,78.88,No
CUST09108,Male,0,Yes,No,13,Yes,No,DSL,No,No,No,No,No,No,One year,Yes,Credit card (automatic),42.65,535.7,No
CUST09109,Female,0,No,No,14,Yes,Yes,DSL,No,Yes,No,No,No,Yes,Two year,Yes,Electronic check,48.07,658.23,No
CUST09110,Female,0,No,No,6,Yes,No,DSL,No,No,Yes,No,No,Yes,Month-to-month,Yes,Electronic check,57.41,334.23,No
CUST09111,Male,1,No,No,14,Yes,No,Fiber optic,No,Yes,No,No,No,No,Month-to-month,Yes,Mailed check,68.24,909.5,Yes
CUST09112,Female,0,Yes,No,22,Yes,Yes,Fiber optic,Yes,Yes,No,No,Yes,Yes,Month-to-month,Yes,Mailed check,89.28,1922.36,Yes
CUST09113,Male,0,No,No,22,Yes,No,Fiber optic,No,Yes,No,No,No,Yes,One year,Yes,Mailed check,78.24,1670.14,No
CUST09114,Male,1,Yes,No,1,No,No phone service,DSL,Yes,Yes,Yes,No,No,No,Month-to-month,Yes,Electronic check,60.73,59.13,Yes
CUST09115,Female,0,Yes,No,32,Yes,Yes,No,No internet service,No internet service,No internet service,No internet service,No internet service,No internet service,Two year,No,Credit card (automatic),20.98,663.06,No
CUST09116,Male,0,Yes,No,53,Yes,No,DSL,Yes,Yes,No,Yes,Yes,No,Month-to-month,No,Bank transfer (automatic),65.63,3308.94,No
CUST09117,Female,0,Yes,No,2,Yes,Yes,DSL,No,No,No,No,Yes,Yes,Month-to-month,Yes,Bank transfer (automatic),50.62,96.51,Yes
CUST09118,Male,0,No,No,10,Yes,Yes,DSL,Yes,No,Yes,No,No,Yes,Two year,No,Credit card (automatic),55.08,523.29,No
CUST09119,Female,0,Yes,Yes,14,Yes,No,DSL,No,No,Yes,No,No,No,Month-to-month,No,Mailed check,48.44,658.65,No
CUST09120,Female,1,Yes,Yes,2,Yes,No,No,No internet service,No internet service,No internet service,No internet service,No internet service,No internet service,Two year,Yes,Electronic check,21.18,40.84,No
CUST09121,Female,0,No,No,13,Yes,No,DSL,No,No,Yes,No,No,Yes,Month-to-month,Yes,Credit card (automatic),56.02,706.76,No
CUST09122,Male,0,No,No,4,Yes,No,DSL,No,No,No,No,Yes,No,Month-to-month,No,Bank transfer (automatic),43.09,168.72,Yes
CUST09123,Male,1,No,No,54,Yes,No,Fiber optic,No,Yes,No,No,Yes,Yes,Two year,No,Bank transfer (automatic),85.1,4367.54,No
CUST09124,Female,1,Yes,Yes,11,Yes,No,Fiber optic,No,No,Yes,No,No,No,Two year,Yes,Electronic check,72.74,766.47,No
CUST09125,Female,0,No,Yes,72,Yes,No,DSL,Yes,No,Yes,No,No,No,Month-to-month,No,Bank transfer (automatic),54.61,3760.43,No
CUST09126,Male,0,Yes,No,0,Yes,Yes,DSL,Yes,No,No,No,No,Yes,Month-to-month,Yes,Bank transfer (automatic),57.86,56.76,Yes
CUST09127,Male,0,No,Yes,2,Yes,No,DSL,No,No,No,Yes,No,Yes,One year,Yes,Electronic check,56.44,110.57,No
CUST09128,Male,0,No,No,11,Yes,No,No,No internet service,No internet service,No internet service,No internet service,No internet service,No internet service,Month-to-month,Yes,Electronic check,19.26,202.09,No
CUST09129,Female,0,No,No,41,Yes,No,Fiber optic,No,No,Yes,No,Yes,No,Two year,Yes,Electronic check,78.87,3201.58,No
CUST09130,Male,1,Yes,No,16,Yes,Yes,No,No internet service,No internet service,No internet service,No internet service,No internet service,No internet service,Month-to-month,No,Electronic check,18.0,275.92,No
CUST09131,Male,0,Yes,Yes,26,Yes,No,DSL,Yes,No,No,No,Yes,Yes,Two year,Yes,Electronic check,61.93,1543.6,Yes
CUST09132,Female,0,Yes,Yes,11,Yes,No,Fiber optic,No,Yes,Yes,No,No,Yes,Month-to-month,No,Mailed check,85.53,912.73,Yes
CUST09133,Male,0,Yes,No,0,Yes,Yes,Fiber optic,No,No,Yes,Yes,Yes,No,One year,Yes,Electronic check,78.57,75.95,No
CUST09134,Male,0,Yes,Yes,20,No,No phone service,DSL,No,No,Yes,Yes,No,No,Two year,Yes,Mailed check,58.25,1162.96,No
CUST09135,Male,0,No,No,20,Yes,No,Fiber optic,No,No,Yes,Yes,No,No,Month-to-month,Yes,Electronic check,80.11,1594.77,No
CUST09136,Female,0,Yes,No,1,Yes,Yes,Fiber optic,No,Yes,No,No,Yes,No,Two year,No,Bank transfer (automatic),81.55,77.68,No
CUST09137,Female,0,No,Yes,3,Yes,Yes,Fiber optic,No,No,Yes,No,No,Yes,Month-to-month,No,Mailed check,87.54,254.64,Yes
CUST09138,Female,0,Yes,Yes,12,Yes,No,Fiber optic,No,No,No,No,No,No,Month-to-month,Yes,Electronic check,73.46,871.98,Yes
CUST09139,Female,0,Yes,Yes,11,Yes,Yes,Fiber optic,Yes,No,Yes,Yes,Yes,No,Month-to-month,Yes,Credit card (automatic),92.36,997.13,No
CUST09140,Female,0,No,No,27,Yes,No,No,No internet service,No internet service,No internet service,No internet service,No internet service,No internet service,Two year,Yes,Bank transfer (automatic),18.0,480.45,No
CUST09141,Female,0,No,Yes,9,Yes,Yes,No,No internet service,No internet service,No internet service,No internet service,No internet service,No internet service,Month-to-month,No,Credit card (automatic),18.21,159.03,Yes
CUST09142,Female,0,Yes,No,21,Yes,No,Fiber optic,No,Yes,No,Yes,No,No,One year,No,Credit card (automatic),77.44,1576.55,No
CUST09143,Male,0,Yes,No,24,Yes,No,DSL,Yes,Yes,Yes,No,Yes,No,One year,No,Bank transfer (automatic),67.58,1603.04,No
CUST09144,Male,0,No,No,20,Yes,No,Fiber optic,No,Yes,No,No,No,Yes,Month-to-month,Yes,Electronic check,84.03,1621.11,No
CUST09145,Female,0,Yes,Yes,18,No,No phone service,DSL,No,No,No,Yes,No,Yes,Month-to-month,No,Electronic check,53.32,914.54,No
CUST09146,Male,0,Yes,No,32,Yes,No,DSL,No,No,No,No,No,No,Month-to-month,Yes,Electronic check,41.83,1331.22,No
CUST09147,Male,0,No,No,21,Yes,Yes,Fiber optic,No,Yes,No,No,Yes,No,Month-to-month,Yes,Electronic check,81.27,1702.07,Yes
CUST09148,Female,0,Yes,No,35,Yes,No,Fiber optic,No,No,No,No,Yes,Yes,Month-to-month,No,Credit card (automatic),76.88,2638.53,Yes
CUST09149,Male,1,Yes,No,20,No,No phone service,No,No internet service,No internet service,No internet service,No internet service,No internet service,No internet service,Two year,Yes,Electronic check,18.0,355.26,No
CUST09150,Male,0,No,No,3,Yes,No,No,No internet service,No internet service,No internet service,No internet service,No internet service,No internet service,Two year,No,Electronic check,26.22,77.44,No
CUST09151,Male,0,No,No,7,Yes,Yes,No,No internet service,No internet service,No internet service,No internet service,No internet service,No internet service,Month-to-month,No,Electronic check,18.0,123.08,No
CUST09152,Male,0,Yes,No,8,Yes,No,No,No internet service,No internet service,No internet service,No internet service,No internet service,No internet service,One year,Yes,Bank transfer (automatic),19.79,155.16,No
CUST09153,Male,0,No,No,1,Yes,Yes,Fiber optic,No,No,No,Yes,No,No,Month-to-month,Yes,Electronic check,83.3,81.39,Yes
CUST09154,Female,1,Yes,No,23,Yes,No,DSL,Yes,Yes,No,No,Yes,No,One year,Yes,Credit card (automatic),49.82,1095.06,No
CUST09155,Female,0,No,Yes,18,Yes,No,Fiber optic,No,Yes,Yes,No,No,No,Two year,Yes,Electronic check,77.68,1350.62,No
CUST09156,Female,0,No,No,17,Yes,No,Fiber optic,No,Yes,No,Yes,Yes,No,Month-to-month,Yes,Credit card (automatic),86.19,1393.24,No
CUST09157,Male,0,Yes,No,13,No,No phone service,Fiber optic,No,No,No,Yes,No,Yes,One year,Yes,Bank transfer (automatic),89.41,1108.69,No
CUST09158,Female,0,Yes,Yes,15,Yes,Yes,Fiber optic,No,No,Yes,Yes,No,Yes,Two year,Yes,Bank transfer (automatic),79.29,1160.11,No
CUST09159,Male,0,Yes,No,0,No,No phone service,No,No internet service,No internet service,No internet service,No internet service,No internet service,No internet service,One year,Yes,Mailed check,18.8,18.03,No
CUST09160,Male,0,No,Yes,2,Yes,Yes,DSL,No,No,Yes,No,Yes,No,Month-to-month,Yes,Electronic check,51.43,99.55,Yes
CUST09161,Male,0,No,Yes,22,Yes,No,DSL,No,Yes,No,No,No,No,Month-to-month,Yes,Mailed check,59.48,1297.9,No
CUST09162,Male,0,Yes,No,6,Yes,No,Fiber optic,Yes,Yes,No,Yes,No,No,Month-to-month,No,Bank transfer (automatic),83.52,478.24,No
CUST09163,Female,1,Yes,No,2,Yes,No,No,No internet service,No internet service,No internet service,No internet service,No internet service,No internet service,Month-to-month,Yes,Bank transfer (automatic),18.0,35.7,Yes
CUST09164,Female,1,Yes,No,7,Yes,No,DSL,Yes,Yes,Yes,No,Yes,Yes,One year,Yes,Mailed check,69.86,486.44,No
CUST09165,Male,0,Yes,No,5,Yes,Yes,No,No internet service,No internet service,No internet service,No internet service,No internet service,No internet service,Month-to-month,Yes,Credit card (automatic),22.95,110.84,No
CUST09166,Female,0,Yes,Yes,0,Yes,Yes,No,No internet service,No internet service,No internet service,No internet service,No internet service,No internet service,Two year,No,Bank transfer (automatic),27.63,26.88,No
CUST09167,Male,0,No,No,10,Yes,No,DSL,No,Yes,No,No,No,Yes,Month-to-month,Yes,Electronic check,49.77,483.07,Yes
CUST09168,Female,0,No,Yes,0,No,No phone service,No,No internet service,No internet service,No internet service,No internet service,No internet service,No internet service,Month-to-month,Yes,Credit card (automatic),25.04,23.97,No
CUST09169,Female,1,No,No,0,Yes,Yes,DSL,Yes,Yes,No,No,No,No,One year,No,Bank transfer (automatic),56.62,54.06,Yes
CUST09170,Male,0,No,No,31,Yes,No,Fiber optic,Yes,No,No,No,No,No,Month-to-month,No,Mailed check,78.1,2354.54,No
CUST09171,Female,0,No,No,7,Yes,Yes,Fiber optic,No,No,No,Yes,Yes,Yes,One year,No,Bank transfer (automatic),78.77,539.45,No
CUST09172,Male,0,No,No,16,No,No phone service,No,No internet service,No internet service,No internet service,No internet service,No internet service,No internet service,Month-to-month,Yes,Bank transfer (automatic),18.0,280.63,No
CUST09173,Female,0,No,No,7,Yes,Yes,Fiber optic,Yes,No,No,No,No,Yes,Month-to-month,Yes,Credit card (automatic),75.76,521.84,No
CUST09174,Male,1,Yes,No,53,Yes,Yes,Fiber optic,No,Yes,No,Yes,No,Yes,Month-to-month,Yes,Mailed check,81.83,4223.36,No
CUST09175,Male,1,Yes,Yes,26,Yes,Yes,Fiber optic,No,No,No,No,Yes,Yes,Month-to-month,Yes,Bank transfer (automatic),84.39,2179.17,No
CUST09176,Female,0,Yes,No,9,Yes,No,Fiber optic,No,No,No,No,Yes,No,Two year,No,Mailed check,77.49,683.64,No
CUST09177,Female,0,No,Yes,4,Yes,No,Fiber optic,No,Yes,No,Yes,No,No,Month-to-month,No,Electronic check,77.33,297.35,Yes
CUST09178,Male,1,No,No,2,No,No phone service,No,No internet service,No internet service,No internet service,No internet service,No internet service,No internet service,Two year,Yes,Electronic check,18.0,35.78,Yes
CUST09179,Female,1,Yes,No,28,Yes,Yes,DSL,No,No,No,No,No,Yes,Month-to-month,No,Bank transfer (automatic),47.88,1331.3,No
CUST09180,Female,0,No,No,12,Yes,No,Fiber optic,Yes,Yes,Yes,No,No,No,One year,Yes,Electronic check,80.08,930.7,No
CUST09181,Male,0,No,No,5,Yes,No,DSL,No,Yes,No,No,No,Yes,Month-to-month,Yes,Mailed check,62.76,301.08,Yes
CUST09182,Male,0,Yes,No,50,Yes,No,No,No internet service,No internet service,No internet service,No internet service,No internet service,No internet service,Two year,Yes,Bank transfer (automatic),18.0,890.03,No
CUST09183,Female,0,Yes,Yes,9,Yes,No,DSL,No,No,No,No,No,No,Two year,Yes,Mailed check,48.4,415.12,No
CUST09184,Male,1,Yes,Yes,15,Yes,No,DSL,Yes,Yes,No,No,Yes,Yes,Two year,Yes,Mailed check,70.13,1021.86,No
CUST09185,Male,0,Yes,No,39,Yes,No,No,No internet service,No internet service,No internet service,No internet service,No internet service,No internet service,Two year,Yes,Electronic check,20.93,794.22,No
CUST09186,Male,1,No,No,35,Yes,No,Fiber optic,No,No,No,No,No,No,Month-to-month,Yes,Bank transfer (automatic),66.22,2274.72,No
CUST09187,Female,0,No,No,20,Yes,Yes,Fiber optic,No,Yes,No,No,No,No,Two year,Yes,Bank transfer (automatic),72.04,1388.31,No
CUST09188,Female,0,No,No,43,Yes,No,No,No internet service,No internet service,No internet service,No internet service,No internet service,No internet service,Two year,No,Mailed check,27.04,1125.21,No
CUST09189,Male,0,No,Yes,60,Yes,No,Fiber optic,Yes,Yes,No,No,No,Yes,Month-to-month,No,Bank transfer (automatic),88.97,5325.75,Yes
CUST09190,Female,0,No,No,54,Yes,No,DSL,No,No,No,No,Yes,No,Two year,Yes,Bank transfer (automatic),61.02,3274.15,No
CUST09191,Male,0,No,Yes,8,Yes,No,DSL,No,No,No,No,Yes,No,One year,No,Bank transfer (automatic),44.96,348.56,No
CUST09192,Female,0,No,Yes,10,Yes,No,Fiber optic,Yes,No,No,No,No,No,Two year,No,Electronic check,77.57,774.42,No
CUST09193,Male,0,No,Yes,5,Yes,No,DSL,Yes,No,No,No,Yes,No,Two year,Yes,Bank transfer (automatic),57.95,276.16,No
CUST09194,Male,0,No,No,36,Yes,Yes,Fiber optic,No,No,Yes,Yes,Yes,No,Two year,No,Bank transfer (automatic),85.32,2964.67,Yes
CUST09195,Female,0,Yes,No,2,Yes,No,DSL,No,No,No,No,No,Yes,Two year,Yes,Bank transfer (automatic),53.37,105.2,No
CUST09196,Male,0,No,Yes,8,Yes,No,Fiber optic,Yes,No,Yes,No,Yes,No,Month-to-month,Yes,Electronic check,87.4,685.23,No
CUST09197,Female,0,Yes,No,0,Yes,No,DSL,No,Yes,Yes,No,No,No,Month-to-month,No,Electronic check,57.55,56.18,Yes
CUST09198,Female,0,No,No,18,Yes,No,Fiber optic,No,No,No,Yes,No,No,Month-to-month,Yes,Bank transfer (automatic),72.0,1281.11,Yes
CUST09199,Male,0,Yes,No,21,No,No phone service,DSL,No,No,No,No,No,Yes,Month-to-month,No,Electronic check,44.35,930.3,No
CUST09200,Male,0,Yes,No,5,Yes,No,DSL,No,No,Yes,No,No,No,Month-to-month,No,Credit card (automatic),40.7,200.42,Yes
CUST09201,Female,0,No,Yes,26,Yes,No,Fiber optic,No,No,No,No,Yes,No,One year,Yes,Credit card (automatic),69.56,1757.26,No
CUST09202,Male,0,Yes,No,9,Yes,No,DSL,Yes,Yes,No,Yes,Yes,No,Month-to-month,No,Credit card (automatic),76.26,675.46,No
CUST09203,Male,0,Yes,Yes,7,Yes,No,No,No internet service,No internet service,No internet service,No internet service,No internet service,No internet service,One year,No,Electronic check,18.0,123.03,Yes
CUST09204,Male,0,Yes,No,62,Yes,No,Fiber optic,Yes,No,Yes,Yes,No,No,Two year,No,Credit card (automatic),92.01,5599.85,No
CUST09205,Male,1,No,No,17,Yes,No,DSL,Yes,Yes,Yes,No,No,Yes,One year,Yes,Electronic check,64.65,1081.06,Yes
CUST09206,Male,0,No,Yes,5,Yes,Yes,No,No internet service,No internet service,No internet service,No internet service,No internet service,No internet service,Month-to-month,Yes,Electronic check,18.14,90.67,No
CUST09207,Female,0,No,No,72,No,No phone service,Fiber optic,No,No,No,Yes,Yes,No,Month-to-month,Yes,Credit card (automatic),85.27,5984.86,No
CUST09208,Female,0,No,Yes,9,Yes,No,Fiber optic,No,Yes,No,No,Yes,Yes,Month-to-month,No,Electronic check,84.63,752.69,Yes
CUST09209,Male,0,Yes,No,20,Yes,No,DSL,No,No,Yes,No,No,Yes,Month-to-month,No,Electronic check,53.7,1071.32,No
CUST09210,Male,0,Yes,Yes,25,Yes,No,DSL,No,No,No,Yes,Yes,No,One year,Yes,Credit card (automatic),55.07,1323.06,Yes
CUST09211,Male,0,Yes,No,10,Yes,No,Fiber optic,No,No,No,Yes,No,No,Month-to-month,Yes,Credit card (automatic),72.52,702.83,Yes
CUST09212,Female,0,No,No,15,Yes,No,DSL,Yes,Yes,No,No,No,No,One year,No,Bank transfer (automatic),61.9,907.9,No
CUST09213,Male,0,No,Yes,5,Yes,Yes,Fiber optic,No,No,No,No,No,Yes,Month-to-month,Yes,Bank transfer (automatic),71.87,348.47,No
CUST09214,Female,0,Yes,No,12,Yes,No,Fiber optic,Yes,No,Yes,No,No,No,Month-to-month,Yes,Mailed check,82.7,979.02,No
CUST09215,Female,0,Yes,No,7,Yes,No,DSL,No,No,No,No,Yes,Yes,Two year,No,Electronic check,63.04,422.88,No
CUST09216,Female,0,Yes,No,15,Yes,No,No,No internet service,No internet service,No internet service,No internet service,No internet service,No internet service,Month-to-month,No,Electronic check,22.83,341.53,No
CUST09217,Male,0,No,No,22,Yes,No,DSL,Yes,No,No,No,No,No,One year,Yes,Mailed check,51.43,1096.21,No
CUST09218,Female,0,Yes,No,19,Yes,Yes,DSL,No,No,No,No,No,No,Two year,No,Credit card (automatic),40.89,773.6,No
CUST09219,Male,0,Yes,No,29,Yes,No,No,No internet service,No internet service,No internet service,No internet service,No internet service,No internet service,Month-to-month,No,Credit card (automatic),18.0,520.9,No
CUST09220,Female,0,Yes,Yes,0,Yes,Yes,DSL,No,No,Yes,Yes,No,Yes,One year,Yes,Mailed check,64.92,62.31,No
CUST09221,Male,0,No,No,1,Yes,Yes,No,No internet service,No internet service,No internet service,No internet service,No internet service,No internet service,One year,Yes,Credit card (automatic),18.0,17.61,No
CUST09222,Female,0,No,Yes,4,Yes,Yes,Fiber optic,No,No,No,Yes,Yes,No,One year,Yes,Mailed check,90.25,356.7,No
CUST09223,Male,0,Yes,No,72,Yes,No,Fiber optic,Yes,No,Yes,No,Yes,Yes,Month-to-month,Yes,Bank transfer (automatic),88.96,6095.81,No
CUST09224,Female,0,No,No,32,No,No phone service,Fiber optic,No,No,No,Yes,No,Yes,Two year,Yes,Mailed check,90.03,2794.85,No
CUST09225,Male,0,No,No,51,Yes,No,DSL,No,Yes,No,No,No,Yes,Month-to-month,No,Electronic check,51.4,2544.65,No
CUST09226,Male,0,No,No,6,Yes,Yes,Fiber optic,No,No,No,No,Yes,Yes,Month-to-month,Yes,Credit card (automatic),79.32,467.96,No
CUST09227,Male,0,Yes,Yes,17,Yes,Yes,No,No internet service,No internet service,No internet service,No internet service,No internet service,No internet service,Month-to-month,No,Credit card (automatic),18.0,298.68,No
CUST09228,Male,0,No,Yes,16,Yes,No,DSL,Yes,Yes,No,Yes,No,Yes,Month-to-month,Yes,Bank transfer (automatic),58.26,919.65,No
CUST09229,Female,1,No,Yes,16,No,No phone service,DSL,No,No,Yes,No,No,No,Month-to-month,No,Mailed check,54.7,847.21,No
CUST09230,Female,0,Yes,No,25,Yes,No,Fiber optic,No,No,No,No,No,Yes,Month-to-month,No,Credit card (automatic),74.63,1810.47,No
CUST09231,Male,0,No,No,10,Yes,Yes,DSL,No,No,No,No,No,Yes,Month-to-month,Yes,Bank transfer (automatic),57.44,557.37,No
CUST09232,Female,1,Yes,No,22,Yes,No,Fiber optic,Yes,No,No,Yes,No,No,Month-to-month,No,Electronic check,82.1,1745.51,No
CUST09233,Male,0,Yes,No,31,Yes,No,Fiber optic,No,Yes,No,Yes,No,Yes,Two year,No,Credit card (automatic),79.62,2354.47,No
CUST09234,Male,0,Yes,No,6,Yes,No,DSL,No,No,Yes,No,Yes,No,Month-to-month,No,Mailed check,54.52,318.25,Yes
CUST09235,Female,0,Yes,No,58,Yes,Yes,Fiber optic,Yes,No,No,No,No,No,Two year,Yes,Electronic check,69.84,4023.14,No
CUST09236,Male,0,Yes,Yes,14,Yes,Yes,Fiber optic,No,Yes,No,No,Yes,Yes,Two year,No,Electronic check,86.99,1182.87,No
CUST09237,Male,0,Yes,Yes,26,Yes,No,DSL,Yes,No,Yes,No,Yes,No,Month-to-month,No,Mailed check,55.89,1390.9,No
CUST09238,Female,0,No,No,26,Yes,No,No,No internet service,No internet service,No internet service,No internet service,No internet service,No internet service,Month-to-month,No,Electronic check,18.51,464.59,No
CUST09239,Male,0,No,No,16,Yes,No,DSL,No,No,Yes,No,No,No,Month-to-month,Yes,Electronic check,50.32,795.39,No
CUST09240,Male,0,Yes,No,7,No,No phone service,Fiber optic,Yes,No,No,No,Yes,No,Two year,No,Electronic check,74.16,499.77,No
CUST09241,Male,1,No,No,21,Yes,Yes,Fiber optic,No,Yes,No,Yes,No,No,One year,No,Electronic check,78.62,1573.34,No
CUST09242,Male,1,No,No,1,Yes,Yes,Fiber optic,No,No,No,No,No,No,Two year,Yes,Electronic check,76.96,73.32,No
CUST09243,Female,0,Yes,No,72,Yes,Yes,DSL,No,No,No,No,Yes,Yes,Month-to-month,Yes,Bank transfer (automatic),57.76,4076.99,No
CUST09244,Female,0,Yes,Yes,4,Yes,Yes,No,No internet service,No internet service,No internet service,No internet service,No internet service,No internet service,Two year,No,Bank transfer (automatic),25.47,101.36,No
CUST09245,Female,0,No,Yes,6,Yes,Yes,No,No internet service,No internet service,No internet service,No internet service,No internet service,No internet service,Month-to-month,Yes,Electronic check,18.0,104.0,No
CUST09246,Male,1,No,Yes,61,No,No phone service,Fiber optic,Yes,No,Yes,No,No,Yes,Two year,No,Bank transfer (automatic),83.34,5080.68,No
CUST09247,Male,0,Yes,Yes,4,No,No phone service,DSL,No,No,Yes,No,No,No,Month-to-month,No,Bank transfer (automatic),45.69,175.63,No
CUST09248,Female,0,Yes,No,3,Yes,Yes,No,No internet service,No internet service,No internet service,No internet service,No internet service,No internet service,One year,No,Electronic check,22.56,65.47,No
CUST09249,Male,0,No,No,32,Yes,No,No,No internet service,No internet service,No internet service,No internet service,No internet service,No internet service,One year,Yes,Electronic check,18.0,560.67,No
CUST09250,Male,0,No,No,5,Yes,Yes,Fiber optic,Yes,No,No,Yes,No,Yes,One year,No,Electronic check,87.5,417.98,No
CUST09251,Male,0,Yes,No,1,Yes,No,DSL,Yes,No,No,No,Yes,No,Month-to-month,No,Electronic check,60.49,58.35,Yes
CUST09252,Male,0,No,Yes,5,Yes,Yes,DSL,No,No,Yes,No,No,No,One year,Yes,Bank transfer (automatic),52.12,255.41,No
CUST09253,Female,0,Yes,No,43,Yes,Yes,DSL,No,No,Yes,Yes,No,Yes,Month-to-month,Yes,Electronic check,58.19,2378.58,No
CUST09254,Female,0,Yes,No,6,Yes,Yes,DSL,Yes,No,No,No,No,No,One year,Yes,Electronic check,56.7,331.41,No
CUST09255,Female,0,Yes,No,23,Yes,No,DSL,No,No,No,No,Yes,No,One year,Yes,Mailed check,47.42,1072.09,No
CUST09256,Male,0,No,No,10,No,No phone service,No,No internet service,No internet service,No internet service,No internet service,No internet service,No internet service,Month-to-month,No,Electronic check,20.38,196.65,Yes
CUST09257,Female,1,Yes,No,6,Yes,No,Fiber optic,No,No,No,No,No,Yes,Two year,Yes,Mailed check,76.97,458.84,No
CUST09258,Female,1,Yes,No,3,Yes,No,DSL,No,Yes,Yes,No,No,No,Month-to-month,Yes,Mailed check,49.56,143.31,No
CUST09259,Male,1,No,Yes,71,Yes,No,Fiber optic,Yes,No,No,No,No,No,Month-to-month,No,Electronic check,82.81,5853.65,Yes
CUST09260,Male,1,No,Yes,14,Yes,Yes,DSL,No,Yes,No,No,No,No,Month-to-month,Yes,Credit card (automatic),51.48,714.71,No
CUST09261,Female,0,Yes,No,2,Yes,No,Fiber optic,Yes,No,No,No,No,No,Two year,Yes,Electronic check,78.46,150.91,No
CUST09262,Female,0,Yes,No,4,Yes,No,Fiber optic,Yes,No,Yes,No,No,No,One year,Yes,Bank transfer (automatic),78.22,298.22,No
CUST09263,Female,0,No,No,10,Yes,No,DSL,Yes,No,No,Yes,No,No,Two year,No,Mailed check,55.39,527.08,No
CUST09264,Female,1,No,No,15,Yes,Yes,DSL,No,No,Yes,Yes,No,No,Month-to-month,Yes,Mailed check,55.99,830.44,Yes
CUST09265,Male,0,Yes,No,4,Yes,No,Fiber optic,Yes,No,No,No,Yes,No,Two year,Yes,Credit card (automatic),79.99,312.95,No
CUST09266,Female,0,No,Yes,6,Yes,No,Fiber optic,Yes,No,No,No,No,Yes,Month-to-month,No,Credit card (automatic),82.88,476.83,No
CUST09267,Female,0,Yes,Yes,30,Yes,No,Fiber optic,Yes,No,Yes,No,Yes,No,Two year,No,Electronic check,84.68,2434.22,No
CUST09268,Male,0,No,Yes,10,Yes,No,No,No internet service,No internet service,No internet service,No internet service,No internet service,No internet service,Month-to-month,Yes,Credit card (automatic),18.0,174.4,No
CUST09269,Female,0,Yes,No,0,Yes,No,Fiber optic,No,Yes,Yes,No,Yes,No,One year,Yes,Electronic check,81.91,78.17,No
CUST09270,Male,0,No,No,1,Yes,No,Fiber optic,No,Yes,No,No,No,Yes,Month-to-month,Yes,Electronic check,75.25,74.09,Yes
CUST09271,Male,0,Yes,No,11,Yes,No,No,No internet service,No internet service,No internet service,No internet service,No internet service,No internet service,Two year,No,Electronic check,20.55,225.47,No
CUST09272,Male,0,No,No,1,Yes,No,DSL,No,No,Yes,No,Yes,Yes,One year,Yes,Mailed check,70.73,68.66,No
CUST09273,Female,0,No,Yes,3,Yes,Yes,DSL,No,Yes,No,No,No,No,Two year,Yes,Mailed check,50.41,150.24,No
CUST09274,Female,0,Yes,Yes,26,Yes,No,No,No internet service,No internet service,No internet service,No internet service,No internet service,No internet service,Month-to-month,No,Electronic check,18.0,452.25,No
CUST09275,Male,1,No,No,13,Yes,Yes,No,No internet service,No internet service,No internet service,No internet service,No internet service,No internet service,Month-to-month,Yes,Bank transfer (automatic),18.99,237.57,No
CUST09276,Female,0,Yes,No,13,Yes,Yes,DSL,No,No,Yes,No,No,Yes,Month-to-month,No,Electronic check,55.93,702.89,No
CUST09277,Female,0,No,Yes,18,Yes,No,No,No internet service,No internet service,No internet service,No internet service,No internet service,No internet service,Month-to-month,Yes,Credit card (automatic),26.89,464.87,No
CUST09278,Male,0,No,No,31,Yes,Yes,DSL,No,No,No,Yes,No,Yes,Two year,No,Credit card (automatic),62.72,1870.11,No
CUST09279,Male,0,No,No,3,Yes,Yes,No,No internet service,No internet service,No internet service,No internet service,No internet service,No internet service,Month-to-month,Yes,Bank transfer (automatic),21.28,62.85,No
CUST09280,Female,0,No,Yes,3,Yes,Yes,DSL,No,Yes,Yes,Yes,Yes,Yes,Month-to-month,No,Electronic check,77.1,229.74,No
CUST09281,Male,0,No,No,2,No,No phone service,DSL,No,No,No,Yes,Yes,Yes,Month-to-month,Yes,Mailed check,54.0,104.66,Yes
CUST09282,Female,0,Yes,Yes,55,Yes,Yes,Fiber optic,Yes,Yes,No,No,No,No,One year,No,Bank transfer (automatic),79.27,4270.75,No
CUST09283,Female,0,Yes,No,17,Yes,Yes,No,No internet service,No internet service,No internet service,No internet service,No internet service,No internet service,Month-to-month,Yes,Credit card (automatic),27.17,442.48,No
CUST09284,Female,0,No,Yes,1,Yes,No,No,No internet service,No internet service,No internet service,No internet service,No internet service,No internet service,Two year,Yes,Mailed check,18.0,17.78,No
CUST09285,Female,0,No,No,4,Yes,No,No,No internet service,No internet service,No internet service,No internet service,No internet service,No internet service,Month-to-month,Yes,Electronic check,18.0,68.72,No
CUST09286,Male,0,No,No,25,Yes,No,Fiber optic,Yes,Yes,No,No,No,No,One year,Yes,Mailed check,76.24,1827.71,No
CUST09287,Male,0,No,No,0,Yes,Yes,Fiber optic,No,No,Yes,No,No,Yes,One year,Yes,Bank transfer (automatic),83.49,81.06,No
CUST09288,Male,0,Yes,Yes,25,Yes,No,DSL,No,Yes,No,No,No,Yes,Month-to-month,Yes,Electronic check,51.24,1224.49,No
CUST09289,Male,1,Yes,Yes,48,Yes,No,DSL,Yes,No,No,No,Yes,No,One year,Yes,Bank transfer (automatic),48.44,2313.05,No
CUST09290,Female,0,Yes,No,1,Yes,Yes,Fiber optic,No,No,Yes,No,No,No,Month-to-month,Yes,Mailed check,68.35,66.62,Yes
CUST09291,Female,0,No,Yes,4,Yes,No,Fiber optic,Yes,No,No,Yes,No,Yes,One year,No,Mailed check,88.27,340.46,Yes
CUST09292,Male,0,Yes,No,0,Yes,No,No,No internet service,No internet service,No internet service,No internet service,No internet service,No internet service,One year,No,Mailed check,31.43,30.08,No
CUST09293,Female,0,Yes,No,2,Yes,No,DSL,No,Yes,Yes,Yes,No,No,Month-to-month,Yes,Electronic check,59.58,114.21,Yes
CUST09294,Female,0,No,Yes,19,Yes,No,Fiber optic,No,No,No,No,Yes,No,Two year,No,Bank transfer (automatic),73.88,1384.78,No
CUST09295,Female,0,No,No,0,Yes,No,No,No internet service,No internet service,No internet service,No internet service,No internet service,No internet service,One year,No,Bank transfer (automatic),20.05,19.93,No
CUST09296,Male,0,No,No,11,Yes,No,Fiber optic,No,Yes,No,No,No,Yes,Two year,Yes,Electronic check,68.85,743.89,No
CUST09297,Male,0,No,No,13,Yes,No,Fiber optic,No,Yes,Yes,No,No,No,Month-to-month,No,Electronic check,80.02,1006.81,No
CUST09298,Male,0,No,No,47,Yes,Yes,Fiber optic,No,Yes,Yes,Yes,Yes,No,Month-to-month,Yes,Mailed check,93.38,4226.68,No
CUST09299,Female,0,Yes,No,12,Yes,No,No,No internet service,No internet service,No internet service,No internet service,No internet service,No internet service,Month-to-month,Yes,Bank transfer (automatic),21.22,248.11,No
CUST09300,Male,0,No,Yes,3,Yes,Yes,DSL,No,No,Yes,No,No,No,Two year,Yes,Mailed check,52.39,151.68,No
CUST09301,Male,0,Yes,Yes,6,Yes,No,Fiber optic,No,No,No,No,No,No,Two year,No,Bank transfer (automatic),68.9,402.97,No
CUST09302,Male,1,No,No,22,Yes,No,DSL,No,No,No,No,Yes,No,Month-to-month,Yes,Bank transfer (automatic),40.56,848.2,Yes
CUST09303,Male,0,No,No,2,Yes,Yes,No,No internet service,No internet service,No internet service,No internet service,No internet service,No internet service,Month-to-month,Yes,Electronic check,18.0,35.79,Yes
CUST09304,Male,0,No,Yes,5,Yes,Yes,DSL,No,No,No,Yes,No,No,One year,No,Mailed check,53.23,260.67,No
CUST09305,Male,0,Yes,Yes,72,Yes,Yes,Fiber optic,No,No,No,No,No,Yes,Two year,Yes,Credit card (automatic),77.05,5406.1,No
CUST09306,Female,0,Yes,Yes,0,Yes,Yes,Fiber optic,No,No,Yes,No,Yes,Yes,Two year,Yes,Electronic check,86.79,84.53,No
CUST09307,Female,0,No,Yes,3,Yes,No,Fiber optic,No,No,Yes,Yes,No,No,Month-to-month,No,Credit card (automatic),83.16,246.55,No
CUST09308,Male,0,Yes,Yes,37,No,No phone service,Fiber optic,No,Yes,Yes,Yes,No,Yes,Month-to-month,Yes,Electronic check,92.24,3335.52,No
CUST09309,Male,0,No,No,2,Yes,No,DSL,No,Yes,No,No,Yes,Yes,Month-to-month,No,Bank transfer (automatic),64.63,126.94,Yes
CUST09310,Female,0,No,No,0,Yes,No,DSL,No,No,No,Yes,Yes,Yes,Month-to-month,Yes,Credit card (automatic),63.3,62.66,Yes
CUST09311,Female,1,No,Yes,2,Yes,Yes,No,No internet service,No internet service,No internet service,No internet service,No internet service,No internet service,Two year,Yes,Bank transfer (automatic),26.98,53.57,No
CUST09312,Male,0,No,Yes,23,Yes,Yes,Fiber optic,No,No,No,No,Yes,No,Month-to-month,No,Electronic check,78.89,1773.84,No
CUST09313,Male,0,No,No,72,Yes,No,No,No internet service,No internet service,No internet service,No internet service,No internet service,No internet service,Two year,No,Electronic check,19.73,1391.03,No
CUST09314,Male,1,Yes,No,17,Yes,No,Fiber optic,No,No,No,Yes,Yes,No,Month-to-month,Yes,Electronic check,86.21,1442.46,No
CUST09315,Male,0,Yes,Yes,2,Yes,Yes,DSL,Yes,Yes,No,No,No,No,One year,Yes,Mailed check,60.91,118.61,No
CUST09316,Female,0,No,No,4,Yes,No,DSL,No,No,No,No,No,No,One year,No,Bank transfer (automatic),47.16,187.73,No
CUST09317,Male,0,No,No,15,Yes,Yes,DSL,Yes,No,Yes,No,Yes,No,Month-to-month,Yes,Credit card (automatic),64.97,952.31,No
CUST09318,Male,1,No,No,25,Yes,No,No,No internet service,No internet service,No internet service,No internet service,No internet service,No internet service,Month-to-month,Yes,Bank transfer (automatic),19.42,483.66,No
CUST09319,Male,0,No,No,21,Yes,No,Fiber optic,Yes,No,No,Yes,Yes,Yes,One year,No,Credit card (automatic),85.42,1776.2,No
CUST09320,Male,0,Yes,No,17,Yes,Yes,Fiber optic,No,Yes,Yes,No,No,No,Two year,No,Bank transfer (automatic),87.13,1434.06,No
CUST09321,Female,0,Yes,No,72,Yes,Yes,No,No internet service,No internet service,No internet service,No internet service,No internet service,No internet service,Month-to-month,No,Mailed check,26.97,1909.21,No
CUST09322,Female,0,Yes,No,4,No,No phone service,Fiber optic,Yes,No,Yes,No,No,No,Two year,Yes,Electronic check,70.26,277.06,No
CUST09323,Female,0,No,Yes,3,Yes,Yes,No,No internet service,No internet service,No internet service,No internet service,No internet service,No internet service,Two year,No,Bank transfer (automatic),18.0,52.56,No
CUST09324,Male,0,Yes,No,39,Yes,Yes,DSL,Yes,No,No,No,Yes,No,One year,Yes,Electronic check,59.59,2289.9,No
CUST09325,Male,0,Yes,Yes,6,Yes,Yes,No,No internet service,No internet service,No internet service,No internet service,No internet service,No internet service,One year,No,Electronic check,18.0,103.9,No
CUST09326,Female,0,No,Yes,8,Yes,Yes,No,No internet service,No internet service,No internet service,No internet service,No internet service,No internet service,Month-to-month,No,Electronic check,28.33,218.58,No
CUST09327,Male,0,Yes,No,15,Yes,No,Fiber optic,Yes,No,No,Yes,No,No,Month-to-month,No,Electronic check,89.26,1315.05,Yes
CUST09328,Male,1,No,No,9,Yes,Yes,Fiber optic,No,No,No,No,No,Yes,One year,No,Mailed check,67.94,595.65,No
CUST09329,Female,1,No,No,6,Yes,Yes,No,No internet service,No internet service,No internet service,No internet service,No internet service,No internet service,One year,No,Electronic check,23.6,137.23,No
CUST09330,Female,0,Yes,Yes,49,Yes,No,Fiber optic,No,Yes,Yes,Yes,Yes,No,Month-to-month,Yes,Electronic check,87.26,4076.2,No
CUST09331,Female,0,Yes,No,2,Yes,No,DSL,No,No,No,No,Yes,No,Two year,Yes,Credit card (automatic),48.97,97.86,No
CUST09332,Female,0,No,No,10,Yes,No,No,No internet service,No internet service,No internet service,No internet service,No internet service,No internet service,Month-to-month,Yes,Electronic check,18.0,173.05,No
CUST09333,Male,0,Yes,Yes,0,No,No phone service,Fiber optic,No,No,No,No,Yes,No,Two year,Yes,Bank transfer (automatic),77.06,75.61,No
CUST09334,Male,0,Yes,No,32,Yes,Yes,Fiber optic,No,No,No,Yes,Yes,Yes,One year,Yes,Credit card (automatic),86.83,2749.68,No
CUST09335,Female,0,Yes,No,3,Yes,No,DSL,No,Yes,Yes,No,No,Yes,Two year,No,Electronic check,58.2,170.3,No
CUST09336,Male,1,Yes,Yes,29,Yes,No,DSL,No,No,Yes,Yes,Yes,No,One year,Yes,Credit card (automatic),67.35,1912.05,No
CUST09337,Female,0,No,Yes,3,Yes,No,Fiber optic,No,Yes,No,No,No,No,One year,Yes,Mailed check,85.32,249.96,No
CUST09338,Female,0,Yes,No,10,Yes,No,Fiber optic,Yes,No,No,No,No,Yes,Month-to-month,No,Bank transfer (automatic),79.05,776.13,No
CUST09339,Male,0,No,No,26,Yes,No,No,No internet service,No internet service,No internet service,No internet service,No internet service,No internet service,Month-to-month,No,Credit card (automatic),18.0,454.34,No
CUST09340,Female,0,Yes,Yes,6,Yes,No,Fiber optic,No,No,No,No,No,No,One year,Yes,Bank transfer (automatic),59.99,348.35,No
CUST09341,Male,0,No,No,7,Yes,Yes,No,No internet service,No internet service,No internet service,No internet service,No internet service,No internet service,Two year,No,Electronic check,28.91,202.22,No
CUST09342,Male,0,No,Yes,22,Yes,No,DSL,No,No,No,No,No,No,One year,Yes,Electronic check,43.34,923.61,No
CUST09343,Male,0,No,No,4,Yes,No,DSL,No,No,Yes,No,No,Yes,Month-to-month,No,Electronic check,55.12,214.38,Yes
CUST09344,Male,1,No,No,60,Yes,Yes,Fiber optic,No,Yes,No,No,Yes,Yes,Month-to-month,Yes,Electronic check,82.0,4713.87,No
CUST09345,Female,0,Yes,Yes,4,Yes,No,DSL,No,No,No,No,Yes,No,One year,No,Credit card (automatic),46.82,185.66,No
CUST09346,Male,1,No,No,27,Yes,Yes,Fiber optic,No,No,No,No,Yes,No,One year,No,Mailed check,77.88,2078.96,Yes
CUST09347,Female,0,Yes,No,32,Yes,Yes,Fiber optic,No,No,No,No,No,No,Two year,Yes,Electronic check,69.2,2184.72,No
CUST09348,Female,0,Yes,No,9,Yes,Yes,Fiber optic,No,No,No,Yes,No,Yes,Month-to-month,Yes,Electronic check,71.72,641.24,No
CUST09349,Female,0,No,No,3,Yes,No,DSL,Yes,No,Yes,Yes,No,No,Month-to-month,Yes,Electronic check,61.4,175.16,No
CUST09350,Female,0,Yes,No,3,No,No phone service,DSL,No,No,Yes,No,No,No,Month-to-month,No,Credit card (automatic),45.36,129.4,No
CUST09351,Male,0,No,No,72,Yes,Yes,DSL,No,No,Yes,No,Yes,Yes,Two year,Yes,Bank transfer (automatic),63.57,4571.8,No
CUST09352,Male,0,Yes,Yes,25,Yes,No,Fiber optic,Yes,Yes,Yes,Yes,No,No,Month-to-month,Yes,Electronic check,87.57,2100.81,No
CUST09353,Female,0,No,No,11,Yes,Yes,DSL,Yes,No,No,No,No,No,Month-to-month,Yes,Credit card (automatic),45.88,501.84,Yes
CUST09354,Female,0,No,Yes,5,Yes,No,No,No internet service,No internet service,No internet service,No internet service,No internet service,No internet service,Month-to-month,No,Credit card (automatic),18.0,89.08,No
CUST09355,Male,0,No,Yes,0,Yes,No,Fiber optic,No,No,Yes,No,No,Yes,One year,Yes,Bank transfer (automatic),71.57,69.85,No
CUST09356,Female,0,No,Yes,22,Yes,No,No,No internet service,No internet service,No internet service,No internet service,No internet service,No internet service,Month-to-month,No,Mailed check,23.06,483.04,No
CUST09357,Male,0,No,No,62,No,No phone service,Fiber optic,No,No,Yes,No,Yes,No,Month-to-month,Yes,Bank transfer (automatic),88.31,5257.73,No
CUST09358,Female,0,No,No,2,No,No phone service,No,No internet service,No internet service,No internet service,No internet service,No internet service,No internet service,Month-to-month,Yes,Mailed check,23.29,44.41,Yes
CUST09359,Male,0,Yes,Yes,28,Yes,No,Fiber optic,No,Yes,No,Yes,No,Yes,Two year,No,Mailed check,84.95,2352.25,No
CUST09360,Female,1,No,Yes,3,Yes,No,Fiber optic,Yes,No,No,Yes,No,No,Month-to-month,Yes,Mailed check,79.57,232.78,No
CUST09361,Female,0,Yes,No,31,Yes,Yes,DSL,Yes,No,No,No,No,Yes,One year,Yes,Credit card (automatic),52.9,1638.79,No
CUST09362,Male,0,Yes,No,9,Yes,Yes,No,No internet service,No internet service,No internet service,No internet service,No internet service,No internet service,One year,No,Electronic check,18.0,158.25,No
CUST09363,Female,0,Yes,No,24,Yes,No,DSL,No,No,Yes,No,Yes,Yes,One year,Yes,Mailed check,65.84,1510.07,No
CUST09364,Female,0,Yes,No,52,Yes,No,DSL,No,Yes,Yes,Yes,No,No,Two year,No,Credit card (automatic),57.54,2857.51,No
CUST09365,Male,0,No,No,19,Yes,No,DSL,No,No,No,No,Yes,Yes,Month-to-month,Yes,Electronic check,54.87,1017.71,No
CUST09366,Female,1,No,Yes,50,No,No phone service,DSL,Yes,Yes,No,No,No,No,Month-to-month,No,Electronic check,64.18,3142.25,Yes
CUST09367,Male,1,No,No,5,Yes,No,DSL,Yes,No,No,Yes,No,Yes,Month-to-month,Yes,Bank transfer (automatic),58.52,280.24,No
CUST09368,Male,0,No,No,72,Yes,No,Fiber optic,Yes,No,Yes,No,No,No,One year,Yes,Bank transfer (automatic),81.63,5628.54,No
CUST09369,Female,0,Yes,No,41,Yes,Yes,Fiber optic,No,No,No,Yes,Yes,No,Two year,No,Mailed check,92.23,3765.39,No
CUST09370,Female,0,Yes,Yes,2,No,No phone service,Fiber optic,No,No,No,No,Yes,No,Two year,Yes,Bank transfer (automatic),72.53,143.93,No
CUST09371,Female,0,Yes,Yes,10,Yes,No,DSL,No,No,Yes,No,No,Yes,One year,Yes,Electronic check,59.95,569.83,Yes
CUST09372,Female,0,No,Yes,52,No,No phone service,DSL,No,Yes,No,No,No,Yes,Two year,Yes,Bank transfer (automatic),53.18,2730.31,No
CUST09373,Female,0,Yes,No,1,No,No phone service,DSL,No,Yes,No,No,Yes,No,Two year,Yes,Electronic check,60.52,59.09,No
CUST09374,Female,0,No,No,12,Yes,No,No,No internet service,No internet service,No internet service,No internet service,No internet service,No internet service,Two year,Yes,Credit card (automatic),23.2,273.46,No
CUST09375,Female,0,No,Yes,25,Yes,No,DSL,No,Yes,No,Yes,Yes,Yes,Month-to-month,No,Bank transfer (automatic),78.01,1856.6,No
CUST09376,Male,0,No,No,0,Yes,No,No,No internet service,No internet service,No internet service,No internet service,No internet service,No internet service,Month-to-month,Yes,Electronic check,18.0,17.49,Yes
CUST09377,Female,0,No,No,27,No,No phone service,DSL,Yes,No,Yes,No,No,No,Two year,No,Bank transfer (automatic),52.02,1367.55,No
CUST09378,Male,1,No,No,8,No,No phone service,Fiber optic,No,Yes,Yes,No,No,Yes,One year,No,Bank transfer (automatic),79.86,611.03,Yes
CUST09379,Female,0,Yes,No,5,Yes,Yes,Fiber optic,No,Yes,No,Yes,No,No,Two year,Yes,Credit card (automatic),79.3,395.1,No
CUST09380,Female,1,Yes,No,17,Yes,No,DSL,No,Yes,No,Yes,No,No,Month-to-month,Yes,Electronic check,59.67,964.27,No
CUST09381,Male,0,No,No,15,Yes,No,Fiber optic,No,No,No,No,Yes,Yes,Month-to-month,Yes,Electronic check,70.88,1015.02,Yes
CUST09382,Female,0,No,No,41,Yes,No,Fiber optic,No,No,No,No,No,No,Month-to-month,Yes,Electronic check,72.47,2907.21,No
CUST09383,Female,1,No,No,22,Yes,No,Fiber optic,No,No,Yes,No,No,No,Month-to-month,Yes,Mailed check,75.36,1575.38,Yes
CUST09384,Male,0,Yes,Yes,10,Yes,No,No,No internet service,No internet service,No internet service,No internet service,No internet service,No internet service,Two year,No,Electronic check,19.29,192.84,No
CUST09385,Female,0,No,No,21,Yes,No,DSL,Yes,No,No,No,No,No,Month-to-month,No,Bank transfer (automatic),48.94,977.88,No
CUST09386,Female,0,Yes,Yes,27,Yes,No,Fiber optic,No,No,No,Yes,No,No,One year,Yes,Electronic check,69.21,1834.17,No
CUST09387,Female,0,Yes,Yes,55,Yes,Yes,DSL,Yes,No,No,No,No,No,Month-to-month,Yes,Electronic check,64.72,3445.97,Yes
CUST09388,Male,0,Yes,Yes,24,Yes,Yes,Fiber optic,No,No,Yes,No,No,Yes,Month-to-month,Yes,Electronic check,69.27,1588.71,Yes
CUST09389,Female,1,Yes,No,15,Yes,Yes,DSL,No,No,No,No,Yes,No,Month-to-month,Yes,Mailed check,49.89,743.23,No
CUST09390,Female,1,Yes,No,9,Yes,Yes,DSL,No,No,Yes,No,Yes,Yes,Two year,No,Electronic check,61.64,542.17,No
CUST09391,Female,1,Yes,Yes,44,No,No phone service,DSL,No,No,Yes,Yes,Yes,No,Two year,No,Mailed check,62.21,2692.24,No
CUST09392,Female,0,No,No,31,Yes,No,Fiber optic,Yes,No,Yes,Yes,No,No,One year,Yes,Electronic check,90.35,2770.92,No
CUST09393,Male,0,No,No,1,Yes,No,Fiber optic,No,No,No,No,Yes,No,Two year,Yes,Bank transfer (automatic),75.98,74.28,No
CUST09394,Male,0,No,No,24,Yes,No,No,No internet service,No internet service,No internet service,No internet service,No internet service,No internet service,Two year,Yes,Bank transfer (automatic),28.34,654.73,No
CUST09395,Female,1,Yes,Yes,15,Yes,Yes,Fiber optic,No,No,No,No,No,No,Month-to-month,No,Credit card (automatic),65.7,951.61,No
CUST09396,Female,0,No,Yes,2,No,No phone service,Fiber optic,Yes,No,Yes,No,No,No,Month-to-month,No,Credit card (automatic),84.77,168.06,Yes
CUST09397,Male,0,Yes,No,16,Yes,No,DSL,No,No,No,No,Yes,No,Month-to-month,No,Credit card (automatic),46.96,743.33,No
CUST09398,Male,0,Yes,No,4,Yes,No,DSL,No,Yes,Yes,No,No,Yes,Month-to-month,Yes,Credit card (automatic),56.03,213.08,No
CUST09399,Female,0,No,No,24,Yes,No,No,No internet service,No internet service,No internet service,No internet service,No internet service,No internet service,Month-to-month,Yes,Mailed check,23.87,560.82,No
CUST09400,Male,0,Yes,No,6,Yes,Yes,Fiber optic,Yes,No,Yes,No,Yes,No,Month-to-month,No,Electronic check,81.84,484.98,Yes
CUST09401,Female,1,No,No,3,Yes,No,Fiber optic,No,No,Yes,No,Yes,No,Month-to-month,Yes,Electronic check,60.15,172.34,No
CUST09402,Male,1,No,Yes,1,Yes,No,DSL,Yes,No,No,No,No,Yes,Two year,Yes,Mailed check,58.11,56.99,No
CUST09403,Male,0,No,No,13,Yes,No,DSL,No,No,Yes,Yes,Yes,No,Two year,Yes,Mailed check,59.1,747.79,No
CUST09404,Male,0,No,No,4,No,No phone service,No,No internet service,No internet service,No internet service,No internet service,No internet service,No internet service,Month-to-month,Yes,Electronic check,28.54,109.7,Yes
CUST09405,Male,1,No,Yes,38,Yes,Yes,Fiber optic,No,Yes,No,No,No,No,Two year,Yes,Electronic check,77.51,2892.01,No
CUST09406,Female,0,Yes,Yes,0,Yes,No,Fiber optic,Yes,No,No,No,Yes,Yes,Two year,No,Mailed check,86.28,83.26,No
CUST09407,Male,0,No,No,37,Yes,No,No,No internet service,No internet service,No internet service,No internet service,No internet service,No internet service,Month-to-month,Yes,Credit card (automatic),24.36,865.27,No
CUST09408,Male,0,Yes,No,14,Yes,No,Fiber optic,Yes,No,No,No,No,No,One year,Yes,Bank transfer (automatic),72.31,984.46,No
CUST09409,Female,0,No,Yes,51,Yes,Yes,Fiber optic,No,No,No,No,No,Yes,Month-to-month,Yes,Credit card (automatic),84.1,4203.64,No
CUST09410,Male,0,No,Yes,4,Yes,No,Fiber optic,No,No,No,Yes,Yes,No,Month-to-month,Yes,Mailed check,80.11,311.35,Yes
CUST09411,Male,0,Yes,Yes,2,Yes,No,Fiber optic,No,No,No,No,Yes,No,Month-to-month,Yes,Credit card (automatic),72.87,145.09,Yes
CUST09412,Female,0,No,No,19,Yes,Yes,DSL,No,No,No,No,Yes,No,Month-to-month,Yes,Electronic check,53.76,1016.34,No
CUST09413,Male,0,Yes,No,24,Yes,No,Fiber optic,No,No,No,No,No,Yes,Month-to-month,Yes,Mailed check,77.61,1803.9,No
CUST09414,Female,1,Yes,No,9,Yes,No,DSL,No,Yes,No,Yes,Yes,Yes,Month-to-month,Yes,Electronic check,62.66,541.7,No
CUST09415,Female,0,No,No,0,Yes,No,Fiber optic,Yes,No,No,No,No,No,Two year,Yes,Electronic check,78.83,78.44,No
CUST09416,Female,1,Yes,No,10,Yes,Yes,DSL,No,Yes,No,No,No,No,One year,Yes,Credit card (automatic),46.89,455.22,No
CUST09417,Female,0,Yes,Yes,5,Yes,Yes,DSL,No,Yes,No,Yes,Yes,No,One year,Yes,Bank transfer (automatic),62.35,301.0,No
CUST09418,Male,0,Yes,No,8,Yes,Yes,No,No internet service,No internet service,No internet service,No internet service,No internet service,No internet service,One year,Yes,Electronic check,18.0,143.7,No
CUST09419,Female,0,No,Yes,14,Yes,No,Fiber optic,No,No,No,No,No,No,One year,Yes,Mailed check,70.58,963.06,No
CUST09420,Male,1,Yes,Yes,24,Yes,Yes,DSL,No,No,No,No,Yes,Yes,Month-to-month,Yes,Credit card (automatic),51.21,1221.31,No
CUST09421,Male,0,Yes,Yes,66,Yes,Yes,No,No internet service,No internet service,No internet service,No internet service,No internet service,No internet service,Two year,Yes,Electronic check,18.0,1129.15,No
CUST09422,Male,0,No,No,3,Yes,No,Fiber optic,No,No,No,No,Yes,No,Two year,No,Electronic check,69.64,199.05,No
CUST09423,Male,0,Yes,No,22,Yes,No,DSL,No,Yes,No,No,Yes,No,Month-to-month,Yes,Credit card (automatic),48.75,1044.55,No
CUST09424,Male,0,Yes,No,5,Yes,No,Fiber optic,Yes,Yes,No,No,Yes,Yes,One year,No,Bank transfer (automatic),91.28,448.46,No
CUST09425,Male,0,No,No,4,Yes,Yes,Fiber optic,No,No,Yes,No,Yes,No,One year,No,Electronic check,82.84,322.73,No
CUST09426,Male,1,No,Yes,20,Yes,Yes,Fiber optic,No,Yes,No,Yes,No,Yes,Month-to-month,Yes,Electronic check,87.58,1705.52,No
CUST09427,Male,1,No,No,29,Yes,Yes,No,No internet service,No internet service,No internet service,No internet service,No internet service,No internet service,Month-to-month,No,Electronic check,18.0,504.52,No
CUST09428,Male,0,Yes,No,72,Yes,No,DSL,No,Yes,No,No,Yes,No,Month-to-month,No,Electronic check,55.0,3852.35,No
CUST09429,Male,1,No,Yes,29,Yes,No,DSL,No,No,No,No,No,Yes,Two year,No,Credit card (automatic),51.89,1492.28,No
CUST09430,Female,0,No,No,3,Yes,Yes,DSL,Yes,Yes,No,No,Yes,No,Month-to-month,Yes,Bank transfer (automatic),66.32,196.59,No
CUST09431,Female,0,Yes,No,5,Yes,No,DSL,No,Yes,Yes,No,Yes,Yes,Month-to-month,Yes,Mailed check,76.34,366.99,No
CUST09432,Female,0,Yes,Yes,28,Yes,No,Fiber optic,Yes,No,No,Yes,Yes,No,Month-to-month,Yes,Electronic check,81.71,2255.71,No
CUST09433,Male,0,No,Yes,14,Yes,No,No,No internet service,No internet service,No internet service,No internet service,No internet service,No internet service,Two year,No,Bank transfer (automatic),24.08,331.8,No
CUST09434,Female,0,No,No,7,Yes,Yes,DSL,No,Yes,No,No,Yes,Yes,Two year,Yes,Electronic check,56.08,375.56,No
CUST09435,Female,1,No,Yes,12,Yes,No,DSL,No,No,Yes,Yes,Yes,Yes,One year,Yes,Electronic check,58.5,697.21,No
CUST09436,Female,0,No,No,49,Yes,No,No,No internet service,No internet service,No internet service,No internet service,No internet service,No internet service,Month-to-month,Yes,Mailed check,18.0,840.55,Yes
CUST09437,Male,0,No,No,28,Yes,Yes,DSL,No,Yes,Yes,Yes,No,Yes,One year,Yes,Credit card (automatic),66.21,1761.62,No
CUST09438,Male,0,No,No,11,Yes,No,Fiber optic,No,Yes,No,No,No,No,Two year,No,Bank transfer (automatic),74.74,814.14,No
CUST09439,Male,1,Yes,Yes,72,No,No phone service,DSL,No,No,No,No,Yes,No,One year,Yes,Bank transfer (automatic),53.0,3748.84,No
CUST09440,Male,0,Yes,No,31,Yes,Yes,DSL,No,No,No,No,No,No,One year,Yes,Electronic check,31.89,948.55,No
CUST09441,Female,0,No,No,0,Yes,No,DSL,No,Yes,Yes,No,No,No,Month-to-month,Yes,Credit card (automatic),55.49,54.73,Yes
CUST09442,Female,0,No,No,2,Yes,Yes,DSL,No,Yes,No,No,No,No,Month-to-month,Yes,Electronic check,45.7,90.85,Yes
CUST09443,Female,0,No,No,16,Yes,No,Fiber optic,No,No,No,Yes,No,No,Month-to-month,Yes,Mailed check,63.89,980.15,No
CUST09444,Female,0,No,No,8,Yes,Yes,DSL,No,No,Yes,No,Yes,No,Two year,Yes,Mailed check,52.02,402.32,No
CUST09445,Male,0,No,No,33,Yes,No,DSL,No,Yes,Yes,No,No,Yes,One year,No,Bank transfer (automatic),57.82,1891.05,No
CUST09446,Male,0,Yes,No,45,Yes,No,Fiber optic,No,No,No,No,Yes,No,One year,No,Credit card (automatic),84.31,3748.83,No
CUST09447,Male,0,No,No,5,Yes,No,No,No internet service,No internet service,No internet service,No internet service,No internet service,No internet service,Two year,Yes,Electronic check,18.0,88.23,No
CUST09448,Female,0,Yes,No,28,Yes,No,Fiber optic,Yes,No,No,No,Yes,Yes,Two year,No,Electronic check,81.01,2199.06,No
CUST09449,Male,0,Yes,No,15,Yes,Yes,DSL,No,No,Yes,No,No,No,Month-to-month,Yes,Electronic check,48.54,706.82,Yes
CUST09450,Male,0,Yes,No,9,Yes,Yes,DSL,No,Yes,No,No,No,No,Month-to-month,No,Bank transfer (automatic),61.62,538.84,Yes
CUST09451,Female,1,No,No,30,Yes,Yes,Fiber optic,No,Yes,No,No,No,Yes,Two year,Yes,Electronic check,91.57,2736.71,No
CUST09452,Female,0,No,Yes,16,Yes,No,Fiber optic,No,No,No,Yes,Yes,Yes,Two year,Yes,Electronic check,82.61,1290.18,No
CUST09453,Male,1,Yes,No,20,Yes,Yes,Fiber optic,No,Yes,No,Yes,No,No,One year,No,Credit card (automatic),74.96,1462.52,No
CUST09454,Male,0,Yes,Yes,1,Yes,Yes,DSL,No,Yes,No,No,Yes,Yes,Two year,Yes,Credit card (automatic),61.41,59.46,No
CUST09455,Male,0,No,No,17,Yes,No,DSL,No,Yes,Yes,No,No,No,Month-to-month,No,Bank transfer (automatic),52.15,870.54,No
CUST09456,Male,0,No,Yes,7,Yes,No,No,No internet service,No internet service,No internet service,No internet service,No internet service,No internet service,Month-to-month,No,Mailed check,29.14,199.43,Yes
CUST09457,Male,1,No,No,13,Yes,No,No,No internet service,No internet service,No internet service,No internet service,No internet service,No internet service,Month-to-month,Yes,Bank transfer (automatic),28.4,362.82,No
CUST09458,Male,0,No,No,5,Yes,No,Fiber optic,No,Yes,No,No,Yes,Yes,Two year,Yes,Bank transfer (automatic),80.74,402.51,No
CUST09459,Female,0,No,No,19,Yes,No,No,No internet service,No internet service,No internet service,No internet service,No internet service,No internet service,One year,Yes,Bank transfer (automatic),19.56,368.02,No
CUST09460,Female,1,Yes,No,3,Yes,Yes,DSL,No,Yes,Yes,Yes,Yes,Yes,One year,No,Electronic check,69.27,198.07,No
CUST09461,Female,0,Yes,Yes,2,Yes,No,No,No internet service,No internet service,No internet service,No internet service,No internet service,No internet service,Month-to-month,No,Mailed check,18.14,36.25,Yes
CUST09462,Male,0,Yes,No,4,No,No phone service,Fiber optic,No,No,Yes,No,No,No,Month-to-month,No,Credit card (automatic),75.48,290.51,No
CUST09463,Female,0,No,No,34,Yes,No,Fiber optic,No,No,No,No,Yes,Yes,Two year,Yes,Electronic check,76.73,2562.3,No
CUST09464,Male,0,Yes,No,0,Yes,Yes,Fiber optic,Yes,No,Yes,No,Yes,Yes,Month-to-month,Yes,Electronic check,95.07,93.27,Yes
CUST09465,Male,0,No,Yes,26,Yes,No,DSL,Yes,No,Yes,No,No,No,One year,No,Electronic check,62.67,1551.61,No
CUST09466,Female,0,Yes,Yes,1,Yes,Yes,DSL,No,No,No,No,No,No,One year,Yes,Bank transfer (automatic),50.07,50.04,No
CUST09467,Male,0,Yes,No,17,Yes,No,Fiber optic,No,Yes,Yes,No,No,No,One year,No,Credit card (automatic),75.66,1249.61,No
CUST09468,Male,0,Yes,Yes,29,Yes,No,DSL,Yes,No,No,No,No,No,Two year,No,Electronic check,49.88,1432.84,No
CUST09469,Female,1,Yes,Yes,5,Yes,No,Fiber optic,Yes,Yes,No,No,No,Yes,Month-to-month,Yes,Electronic check,85.67,415.14,No
CUST09470,Female,1,Yes,Yes,4,Yes,No,Fiber optic,No,No,No,No,No,Yes,One year,No,Bank transfer (automatic),77.95,302.04,No
CUST09471,Female,0,No,No,6,No,No phone service,DSL,No,Yes,Yes,No,No,Yes,Month-to-month,No,Bank transfer (automatic),55.95,330.09,No
CUST09472,Male,0,Yes,Yes,24,Yes,Yes,Fiber optic,Yes,No,No,No,No,Yes,Month-to-month,Yes,Electronic check,76.41,1773.42,Yes
CUST09473,Female,0,No,No,5,Yes,Yes,DSL,No,No,No,No,No,No,Month-to-month,No,Electronic check,44.02,213.83,Yes
CUST09474,Female,0,Yes,No,13,Yes,No,DSL,Yes,Yes,No,Yes,Yes,Yes,Month-to-month,No,Credit card (automatic),67.24,851.18,No
CUST09475,Male,0,No,No,2,No,No phone service,Fiber optic,Yes,Yes,No,No,No,Yes,Two year,No,Mailed check,92.47,179.68,No
CUST09476,Female,0,No,No,12,Yes,No,Fiber optic,No,Yes,Yes,No,No,No,One year,Yes,Mailed check,88.35,1023.57,No
CUST09477,Female,0,No,No,19,Yes,No,DSL,No,No,Yes,Yes,Yes,Yes,Month-to-month,No,Credit card (automatic),68.98,1297.11,Yes
CUST09478,Female,0,Yes,Yes,1,Yes,No,DSL,Yes,No,No,Yes,No,No,Month-to-month,No,Electronic check,57.17,56.6,Yes
CUST09479,Male,0,Yes,Yes,33,Yes,Yes,Fiber optic,No,Yes,No,Yes,Yes,No,Month-to-month,Yes,Electronic check,90.74,2961.08,No
CUST09480,Male,1,No,Yes,55,Yes,No,DSL,Yes,Yes,Yes,No,Yes,No,One year,Yes,Bank transfer (automatic),64.87,3393.09,No
CUST09481,Male,0,Yes,No,4,Yes,Yes,No,No internet service,No internet service,No internet service,No internet service,No internet service,No internet service,Two year,No,Bank transfer (automatic),23.69,92.48,No
CUST09482,Male,0,No,No,28,Yes,No,No,No internet service,No internet service,No internet service,No internet service,No internet service,No internet service,Month-to-month,Yes,Mailed check,18.0,499.16,No
CUST09483,Female,0,Yes,No,7,Yes,Yes,DSL,Yes,No,No,Yes,No,No,Month-to-month,No,Electronic check,56.47,375.66,No
CUST09484,Male,0,No,No,22,Yes,Yes,No,No internet service,No internet service,No internet service,No internet service,No internet service,No internet service,Month-to-month,No,Electronic check,21.64,457.94,Yes
CUST09485,Male,0,Yes,Yes,7,Yes,Yes,Fiber optic,No,Yes,No,Yes,No,Yes,Month-to-month,Yes,Electronic check,80.29,548.79,No
CUST09486,Female,0,No,No,39,Yes,No,Fiber optic,Yes,No,No,No,No,No,One year,No,Electronic check,80.17,3029.52,No
CUST09487,Female,0,No,Yes,8,Yes,Yes,DSL,No,No,No,Yes,Yes,Yes,Month-to-month,Yes,Electronic check,55.0,435.33,Yes
CUST09488,Female,0,Yes,No,37,Yes,No,DSL,Yes,No,Yes,No,No,No,Month-to-month,Yes,Mailed check,47.71,1725.96,No
CUST09489,Male,0,Yes,Yes,29,Yes,No,No,No internet service,No internet service,No internet service,No internet service,No internet service,No internet service,Month-to-month,Yes,Electronic check,24.02,686.07,No
CUST09490,Male,0,Yes,No,4,Yes,Yes,Fiber optic,Yes,No,No,Yes,No,No,One year,Yes,Electronic check,81.28,309.35,No
CUST09491,Male,1,No,No,3,Yes,Yes,Fiber optic,Yes,No,No,No,No,No,Month-to-month,No,Credit card (automatic),75.15,215.72,Yes
CUST09492,Female,0,Yes,Yes,30,No,No phone service,DSL,No,No,Yes,No,No,Yes,Two year,Yes,Electronic check,53.95,1578.66,No
CUST09493,Female,0,Yes,No,9,Yes,Yes,No,No internet service,No internet service,No internet service,No internet service,No internet service,No internet service,One year,Yes,Electronic check,24.84,221.59,No
CUST09494,Male,1,No,No,59,No,No phone service,Fiber optic,No,Yes,No,No,Yes,No,One year,Yes,Mailed check,75.24,4232.42,No
CUST09495,Female,0,Yes,No,57,No,No phone service,Fiber optic,No,Yes,No,No,No,No,Month-to-month,Yes,Electronic check,77.82,4218.2,Yes
CUST09496,Female,0,Yes,No,23,Yes,Yes,DSL,No,No,No,No,Yes,Yes,Month-to-month,No,Bank transfer (automatic),48.77,1101.96,Yes
CUST09497,Female,0,Yes,No,13,Yes,Yes,No,No internet service,No internet service,No internet service,No internet service,No internet service,No internet service,Month-to-month,Yes,Electronic check,18.32,231.68,No
CUST09498,Male,0,No,No,4,Yes,No,Fiber optic,No,No,No,Yes,No,No,Month-to-month,No,Mailed check,77.6,299.48,Yes
CUST09499,Female,0,No,No,42,Yes,No,DSL,No,No,No,No,No,No,Month-to-month,No,Mailed check,43.86,1763.55,No
CUST09500,Female,0,Yes,No,1,Yes,Yes,Fiber optic,No,Yes,No,No,Yes,Yes,Month-to-month,No,Electronic check,86.49,83.44,Yes
CUST09501,Male,1,No,No,9,Yes,No,No,No internet service,No internet service,No internet service,No internet service,No internet service,No internet service,Month-to-month,Yes,Bank transfer (automatic),23.89,207.1,No
CUST09502,Male,1,Yes,No,7,Yes,No,Fiber optic,No,No,Yes,Yes,No,No,Month-to-month,Yes,Electronic check,81.32,542.29,Yes
CUST09503,Female,0,Yes,No,63,Yes,No,Fiber optic,No,Yes,Yes,No,No,Yes,Two year,Yes,Mailed check,82.54,5096.18,No
CUST09504,Female,0,No,Yes,2,Yes,No,DSL,No,Yes,Yes,Yes,Yes,Yes,Month-to-month,No,Credit card (automatic),64.34,127.75,Yes
CUST09505,Male,0,Yes,No,44,Yes,No,Fiber optic,No,Yes,No,No,Yes,No,Month-to-month,Yes,Electronic check,78.06,3387.75,No
CUST09506,Male,0,No,No,12,Yes,No,Fiber optic,Yes,No,No,No,Yes,Yes,Month-to-month,Yes,Bank transfer (automatic),94.82,1116.08,No
CUST09507,Female,0,No,Yes,0,Yes,No,Fiber optic,No,No,No,Yes,No,No,One year,No,Credit card (automatic),69.99,67.54,No
CUST09508,Female,0,No,No,26,Yes,No,Fiber optic,No,No,No,No,Yes,No,One year,No,Electronic check,70.28,1784.07,No
CUST09509,Female,1,Yes,Yes,2,Yes,Yes,DSL,No,No,Yes,Yes,Yes,No,Month-to-month,No,Electronic check,48.68,93.82,Yes
CUST09510,Female,1,Yes,No,5,Yes,No,No,No internet service,No internet service,No internet service,No internet service,No internet service,No internet service,Two year,Yes,Electronic check,18.0,86.18,No
CUST09511,Male,0,No,No,32,Yes,No,Fiber optic,No,Yes,Yes,No,No,Yes,Month-to-month,No,Electronic check,84.21,2572.69,No
CUST09512,Female,0,Yes,No,3,Yes,Yes,Fiber optic,No,No,Yes,Yes,No,No,One year,No,Bank transfer (automatic),75.02,214.75,No
CUST09513,Female,0,No,No,7,Yes,Yes,DSL,No,No,No,No,No,Yes,One year,No,Electronic check,44.03,299.95,No
CUST09514,Male,0,Yes,No,8,Yes,Yes,No,No internet service,No internet service,No internet service,No internet service,No internet service,No internet service,Two year,No,Mailed check,18.0,141.99,No
CUST09515,Female,0,Yes,Yes,17,Yes,No,Fiber optic,Yes,Yes,No,Yes,No,Yes,One year,Yes,Electronic check,84.27,1394.52,No
CUST09516,Male,0,Yes,No,31,Yes,No,DSL,No,No,Yes,No,No,No,Month-to-month,No,Credit card (automatic),46.05,1398.46,No
CUST09517,Female,0,No,No,5,Yes,Yes,No,No internet service,No internet service,No internet service,No internet service,No internet service,No internet service,Month-to-month,Yes,Mailed check,20.63,100.91,No
CUST09518,Female,0,No,No,4,Yes,No,DSL,Yes,Yes,No,No,No,No,Month-to-month,No,Bank transfer (automatic),54.66,211.05,Yes
CUST09519,Male,0,Yes,No,5,Yes,No,Fiber optic,No,No,Yes,No,Yes,No,Two year,No,Electronic check,76.14,379.19,Yes
CUST09520,Male,0,No,No,9,Yes,No,Fiber optic,No,No,No,Yes,Yes,Yes,Month-to-month,No,Bank transfer (automatic),79.99,710.4,Yes
CUST09521,Female,0,Yes,No,15,Yes,No,No,No internet service,No internet service,No internet service,No internet service,No internet service,No internet service,Month-to-month,Yes,Mailed check,23.49,347.46,No
CUST09522,Female,0,Yes,No,0,Yes,Yes,DSL,Yes,No,Yes,No,Yes,No,Month-to-month,Yes,Electronic check,46.36,45.22,Yes
CUST09523,Female,0,No,No,30,Yes,No,Fiber optic,No,No,No,No,No,No,Month-to-month,No,Bank transfer (automatic),74.62,2147.91,No
CUST09524,Male,1,No,Yes,52,No,No phone service,Fiber optic,No,No,No,No,No,No,One year,No,Mailed check,79.13,3997.49,No
CUST09525,Female,0,Yes,No,37,Yes,No,DSL,Yes,No,No,No,Yes,Yes,Month-to-month,No,Bank transfer (automatic),57.84,2057.05,Yes
CUST09526,Male,0,Yes,No,0,Yes,No,No,No internet service,No internet service,No internet service,No internet service,No internet service,No internet service,Month-to-month,Yes,Bank transfer (automatic),18.0,17.27,Yes
CUST09527,Male,0,No,No,14,Yes,No,No,No internet service,No internet service,No internet service,No internet service,No internet service,No internet service,Month-to-month,No,Electronic check,32.04,428.4,No
CUST09528,Female,0,No,No,33,Yes,Yes,Fiber optic,No,No,Yes,No,Yes,No,One year,Yes,Bank transfer (automatic),82.94,2636.81,No
CUST09529,Male,0,No,No,8,Yes,No,No,No internet service,No internet service,No internet service,No internet service,No internet service,No internet service,Month-to-month,Yes,Mailed check,18.0,141.66,No
CUST09530,Female,0,Yes,No,45,Yes,No,Fiber optic,Yes,No,No,Yes,No,Yes,Month-to-month,Yes,Credit card (automatic),83.77,3727.14,No
CUST09531,Female,0,No,No,43,Yes,Yes,Fiber optic,No,Yes,No,No,Yes,No,One year,No,Credit card (automatic),74.71,3202.07,No
CUST09532,Female,0,Yes,No,3,Yes,No,Fiber optic,No,No,Yes,No,No,Yes,Month-to-month,Yes,Bank transfer (automatic),77.99,228.07,No
CUST09533,Female,0,No,No,13,Yes,No,Fiber optic,Yes,No,No,No,No,Yes,Month-to-month,No,Bank transfer (automatic),75.96,970.5,No
CUST09534,Female,0,Yes,No,0,Yes,Yes,Fiber optic,No,Yes,No,Yes,Yes,No,Two year,No,Credit card (automatic),91.08,90.83,No
CUST09535,Male,0,Yes,No,6,Yes,No,Fiber optic,No,Yes,Yes,No,No,Yes,Month-to-month,No,Credit card (automatic),87.9,518.75,No
CUST09536,Male,0,Yes,No,33,Yes,Yes,Fiber optic,No,No,No,No,No,Yes,Month-to-month,Yes,Credit card (automatic),78.38,2549.14,Yes
CUST09537,Female,0,No,Yes,72,Yes,No,Fiber optic,No,No,Yes,No,No,Yes,One year,Yes,Credit card (automatic),73.7,5248.2,No
CUST09538,Female,0,No,No,48,Yes,Yes,No,No internet service,No internet service,No internet service,No internet service,No internet service,No internet service,Month-to-month,No,Electronic check,18.0,831.34,Yes
CUST09539,Male,0,Yes,Yes,0,Yes,Yes,Fiber optic,No,Yes,Yes,No,No,No,Month-to-month,Yes,Bank transfer (automatic),72.02,71.2,Yes
CUST09540,Male,1,No,Yes,52,Yes,No,DSL,No,Yes,No,Yes,Yes,No,One year,Yes,Credit card (automatic),53.44,2763.87,No
CUST09541,Male,0,No,No,34,Yes,Yes,Fiber optic,No,Yes,No,No,No,Yes,Two year,Yes,Credit card (automatic),82.5,2674.04,No
CUST09542,Male,1,Yes,No,40,Yes,Yes,Fiber optic,No,Yes,No,Yes,No,Yes,One year,No,Bank transfer (automatic),83.35,3318.6,No
CUST09543,Female,1,No,Yes,49,Yes,Yes,DSL,Yes,No,No,No,No,No,Month-to-month,Yes,Mailed check,48.29,2283.67,No
CUST09544,Female,0,No,No,13,Yes,No,No,No internet service,No internet service,No internet service,No internet service,No internet service,No internet service,Month-to-month,Yes,Electronic check,25.34,327.11,No
CUST09545,Male,0,Yes,No,4,Yes,Yes,DSL,No,No,No,No,Yes,No,One year,Yes,Electronic check,55.23,210.43,Yes
CUST09546,Female,0,Yes,No,0,Yes,No,Fiber optic,No,No,No,Yes,No,Yes,Month-to-month,Yes,Bank transfer (automatic),84.05,83.73,Yes
CUST09547,Male,1,Yes,Yes,0,Yes,Yes,No,No internet service,No internet service,No internet service,No internet service,No internet service,No internet service,Month-to-month,No,Bank transfer (automatic),18.99,18.34,Yes
CUST09548,Female,0,Yes,No,20,No,No phone service,Fiber optic,Yes,Yes,No,No,No,No,Two year,No,Bank transfer (automatic),78.29,1548.02,No
CUST09549,Male,0,Yes,No,8,Yes,No,Fiber optic,No,No,Yes,Yes,Yes,Yes,Month-to-month,Yes,Credit card (automatic),89.18,680.91,No
CUST09550,Female,0,No,No,13,Yes,Yes,No,No internet service,No internet service,No internet service,No internet service,No internet service,No internet service,Month-to-month,No,Mailed check,18.0,231.77,No
CUST09551,Male,0,No,No,2,Yes,No,No,No internet service,No internet service,No internet service,No internet service,No internet service,No internet service,Month-to-month,No,Bank transfer (automatic),18.0,34.83,Yes
CUST09552,Male,0,Yes,No,72,Yes,Yes,No,No internet service,No internet service,No internet service,No internet service,No internet service,No internet service,One year,Yes,Mailed check,18.0,1288.94,No
CUST09553,Female,0,No,No,2,Yes,No,Fiber optic,No,No,No,No,Yes,No,Month-to-month,Yes,Electronic check,74.96,146.29,Yes
CUST09554,Male,0,No,Yes,11,Yes,No,Fiber optic,No,Yes,Yes,Yes,Yes,No,Month-to-month,No,Electronic check,99.12,1085.31,No
CUST09555,Female,1,No,No,11,Yes,Yes,Fiber optic,No,No,No,No,No,No,Month-to-month,Yes,Mailed check,65.82,706.58,No
CUST09556,Female,0,Yes,No,0,Yes,No,DSL,No,No,No,No,No,No,Two year,No,Mailed check,44.5,44.21,No
CUST09557,Male,0,No,No,22,Yes,No,No,No internet service,No internet service,No internet service,No internet service,No internet service,No internet service,Month-to-month,No,Mailed check,20.55,441.0,No
CUST09558,Female,0,No,No,15,Yes,No,No,No internet service,No internet service,No internet service,No internet service,No internet service,No internet service,Month-to-month,Yes,Bank transfer (automatic),27.13,395.45,No
CUST09559,Female,0,No,No,13,Yes,Yes,Fiber optic,Yes,Yes,Yes,No,Yes,Yes,Two year,No,Electronic check,100.05,1284.99,No
CUST09560,Female,0,Yes,No,34,Yes,No,DSL,No,No,No,No,Yes,Yes,Month-to-month,Yes,Electronic check,52.85,1739.27,Yes
CUST09561,Female,0,Yes,Yes,5,Yes,No,DSL,Yes,No,No,Yes,No,No,Month-to-month,Yes,Electronic check,49.41,243.86,No
CUST09562,Female,0,No,No,39,No,No phone service,DSL,No,Yes,No,No,No,No,One year,Yes,Mailed check,55.43,2101.67,No
CUST09563,Male,0,Yes,No,40,Yes,Yes,Fiber optic,No,No,No,No,No,Yes,One year,Yes,Mailed check,81.03,3109.41,No
CUST09564,Female,0,No,No,35,Yes,Yes,Fiber optic,No,No,No,Yes,No,Yes,Month-to-month,No,Bank transfer (automatic),79.83,2790.67,No
CUST09565,Female,0,No,No,8,Yes,No,No,No internet service,No internet service,No internet service,No internet service,No internet service,No internet service,Two year,Yes,Bank transfer (automatic),20.15,155.34,No
CUST09566,Female,0,Yes,Yes,3,No,No phone service,No,No internet service,No internet service,No internet service,No internet service,No internet service,No internet service,Month-to-month,Yes,Electronic check,25.69,74.6,No
CUST09567,Female,0,No,No,12,Yes,No,Fiber optic,No,Yes,No,Yes,No,No,Two year,No,Bank transfer (automatic),76.02,890.68,No
CUST09568,Female,0,Yes,No,6,Yes,No,No,No internet service,No internet service,No internet service,No internet service,No internet service,No internet service,One year,Yes,Credit card (automatic),21.2,125.94,No
CUST09569,Male,0,Yes,Yes,1,Yes,No,Fiber optic,No,No,No,Yes,No,No,Two year,No,Credit card (automatic),66.86,65.04,No
CUST09570,Female,0,No,Yes,6,Yes,No,DSL,No,No,No,Yes,No,Yes,Month-to-month,Yes,Mailed check,54.72,315.86,No
CUST09571,Male,0,No,No,12,Yes,No,No,No internet service,No internet service,No internet service,No internet service,No internet service,No internet service,Month-to-month,No,Electronic check,19.71,232.8,Yes
CUST09572,Male,1,Yes,No,2,Yes,No,DSL,No,No,No,Yes,Yes,No,One year,Yes,Credit card (automatic),50.68,100.23,No
CUST09573,Male,1,No,No,57,Yes,Yes,No,No internet service,No internet service,No internet service,No internet service,No internet service,No internet service,Two year,No,Bank transfer (automatic),18.0,1016.05,No
CUST09574,Male,0,Yes,No,21,Yes,Yes,Fiber optic,Yes,No,Yes,Yes,No,No,Two year,No,Electronic check,81.27,1667.16,No
CUST09575,Female,0,Yes,No,2,Yes,No,Fiber optic,No,No,No,Yes,No,No,Month-to-month,No,Electronic check,67.18,132.26,Yes
CUST09576,Male,0,Yes,No,33,Yes,Yes,No,No internet service,No internet service,No internet service,No internet service,No internet service,No internet service,Month-to-month,No,Mailed check,18.0,574.54,No
CUST09577,Male,0,Yes,No,52,Yes,Yes,Fiber optic,No,Yes,No,No,No,Yes,Two year,Yes,Mailed check,82.04,4083.73,No
CUST09578,Female,0,No,No,6,Yes,Yes,No,No internet service,No internet service,No internet service,No internet service,No internet service,No internet service,Two year,Yes,Bank transfer (automatic),22.62,129.97,No
CUST09579,Female,0,No,No,3,Yes,No,Fiber optic,No,Yes,No,Yes,Yes,Yes,Month-to-month,Yes,Bank transfer (automatic),93.31,266.53,No
CUST09580,Female,0,No,Yes,7,Yes,No,No,No internet service,No internet service,No internet service,No internet service,No internet service,No internet service,One year,Yes,Credit card (automatic),30.89,207.95,No
CUST09581,Male,0,No,No,35,Yes,No,Fiber optic,No,Yes,No,No,No,No,One year,Yes,Electronic check,77.73,2674.23,No
CUST09582,Female,0,Yes,No,3,Yes,No,Fiber optic,No,Yes,Yes,No,Yes,Yes,Month-to-month,No,Mailed check,88.48,264.23,No
CUST09583,Female,0,Yes,No,30,No,No phone service,Fiber optic,No,No,No,No,Yes,Yes,Two year,No,Bank transfer (automatic),84.99,2523.3,No
CUST09584,Male,0,No,Yes,25,Yes,No,Fiber optic,No,No,No,No,No,No,Month-to-month,Yes,Bank transfer (automatic),67.89,1677.43,No
CUST09585,Female,0,No,No,21,Yes,No,No,No internet service,No internet service,No internet service,No internet service,No internet service,No internet service,One year,Yes,Credit card (automatic),28.59,597.67,Yes
CUST09586,Female,0,No,Yes,11,Yes,No,No,No internet service,No internet service,No internet service,No internet service,No internet service,No internet service,Two year,Yes,Bank transfer (automatic),23.47,248.2,No
CUST09587,Female,0,Yes,No,9,Yes,No,Fiber optic,Yes,Yes,No,Yes,No,No,Month-to-month,No,Electronic check,96.41,826.86,No
CUST09588,Female,0,Yes,No,1,Yes,Yes,No,No internet service,No internet service,No internet service,No internet service,No internet service,No internet service,Two year,No,Bank transfer (automatic),18.0,17.48,No
CUST09589,Male,0,Yes,No,8,Yes,No,Fiber optic,Yes,No,No,Yes,Yes,No,One year,No,Electronic check,83.69,648.65,No
CUST09590,Female,0,Yes,Yes,18,No,No phone service,DSL,No,No,No,No,No,No,Two year,No,Mailed check,46.82,825.8,No
CUST09591,Female,0,Yes,No,45,Yes,No,Fiber optic,No,No,No,No,Yes,No,Month-to-month,No,Bank transfer (automatic),81.41,3568.71,Yes
CUST09592,Male,0,No,No,35,No,No phone service,Fiber optic,No,No,Yes,No,Yes,Yes,Month-to-month,No,Credit card (automatic),80.19,2771.33,No
CUST09593,Female,1,Yes,No,0,Yes,Yes,DSL,No,No,No,Yes,No,No,One year,Yes,Bank transfer (automatic),53.34,52.8,No
CUST09594,Male,0,No,No,2,Yes,No,Fiber optic,Yes,Yes,Yes,No,No,Yes,Month-to-month,Yes,Bank transfer (automatic),92.39,180.87,Yes
CUST09595,Female,0,No,No,37,Yes,Yes,Fiber optic,No,Yes,No,No,Yes,No,Month-to-month,No,Electronic check,77.9,2768.14,No
CUST09596,Male,0,Yes,No,56,Yes,Yes,DSL,No,No,No,No,No,No,Month-to-month,No,Electronic check,34.99,1947.53,No
CUST09597,Male,0,No,No,1,Yes,No,Fiber optic,No,Yes,No,Yes,No,No,Month-to-month,Yes,Electronic check,90.05,86.74,Yes
CUST09598,Male,0,Yes,No,24,Yes,Yes,DSL,No,No,No,No,Yes,Yes,One year,No,Electronic check,54.22,1286.02,No
CUST09599,Male,0,No,Yes,9,No,No phone service,DSL,Yes,Yes,No,No,Yes,No,One year,Yes,Mailed check,55.71,489.06,No
CUST09600,Female,0,No,No,9,Yes,Yes,No,No internet service,No internet service,No internet service,No internet service,No internet service,No internet service,Two year,Yes,Mailed check,18.0,158.41,No
CUST09601,Male,0,No,No,20,Yes,Yes,DSL,Yes,No,No,No,Yes,No,One year,Yes,Electronic check,56.55,1083.56,No
CUST09602,Female,0,No,No,33,No,No phone service,Fiber optic,No,No,No,Yes,Yes,No,Two year,Yes,Credit card (automatic),80.26,2591.72,No
CUST09603,Male,1,Yes,Yes,6,Yes,Yes,Fiber optic,No,No,No,Yes,Yes,Yes,Month-to-month,Yes,Electronic check,82.7,492.1,No
CUST09604,Male,0,No,No,24,Yes,Yes,No,No internet service,No internet service,No internet service,No internet service,No internet service,No internet service,Two year,No,Electronic check,23.09,538.56,No
CUST09605,Male,0,No,No,20,Yes,No,Fiber optic,No,Yes,Yes,No,Yes,No,Month-to-month,Yes,Mailed check,83.6,1615.45,No
CUST09606,Female,0,No,No,14,Yes,Yes,DSL,Yes,No,Yes,Yes,No,No,Month-to-month,Yes,Electronic check,51.78,698.42,No
CUST09607,Male,0,No,No,18,Yes,No,No,No internet service,No internet service,No internet service,No internet service,No internet service,No internet service,Month-to-month,Yes,Electronic check,23.81,417.27,No
CUST09608,Female,0,No,Yes,0,Yes,No,Fiber optic,Yes,Yes,Yes,No,No,Yes,Month-to-month,Yes,Credit card (automatic),86.14,82.89,Yes
CUST09609,Female,0,No,Yes,0,Yes,Yes,Fiber optic,Yes,No,No,No,Yes,Yes,Month-to-month,No,Mailed check,83.06,80.73,Yes
CUST09610,Female,1,Yes,No,15,Yes,No,DSL,No,No,Yes,Yes,Yes,No,Month-to-month,Yes,Electronic check,56.34,823.86,No
CUST09611,Female,0,Yes,No,14,Yes,No,No,No internet service,No internet service,No internet service,No internet service,No internet service,No internet service,Month-to-month,Yes,Electronic check,19.47,261.28,Yes
CUST09612,Female,0,No,Yes,1,No,No phone service,Fiber optic,Yes,No,No,No,No,No,Month-to-month,Yes,Bank transfer (automatic),69.93,69.42,Yes
CUST09613,Female,0,No,Yes,13,No,No phone service,No,No internet service,No internet service,No internet service,No internet service,No internet service,No internet service,Month-to-month,No,Mailed check,19.21,246.24,No
CUST09614,Female,0,No,No,28,Yes,No,DSL,No,No,No,No,No,No,Month-to-month,No,Electronic check,50.67,1405.81,No
CUST09615,Female,0,Yes,Yes,15,Yes,No,Fiber optic,No,Yes,No,No,No,Yes,Month-to-month,Yes,Bank transfer (automatic),86.65,1290.85,No
CUST09616,Female,0,Yes,No,14,No,No phone service,DSL,Yes,No,Yes,No,No,No,Month-to-month,No,Bank transfer (automatic),50.18,685.29,No
CUST09617,Male,1,No,No,25,Yes,No,Fiber optic,No,Yes,No,Yes,No,No,Two year,No,Mailed check,82.15,2041.84,No
CUST09618,Male,0,No,No,3,Yes,No,No,No internet service,No internet service,No internet service,No internet service,No internet service,No internet service,One year,Yes,Credit card (automatic),23.53,69.16,No
CUST09619,Male,0,No,Yes,12,Yes,No,DSL,No,Yes,No,No,No,No,Two year,Yes,Mailed check,50.07,599.64,No
CUST09620,Male,1,Yes,No,3,Yes,Yes,DSL,Yes,No,Yes,No,No,Yes,One year,No,Mailed check,57.7,168.16,No
CUST09621,Male,0,Yes,Yes,14,Yes,Yes,Fiber optic,No,No,Yes,Yes,No,No,Two year,Yes,Bank transfer (automatic),73.74,1020.9,No
CUST09622,Female,0,Yes,No,17,Yes,Yes,DSL,No,No,Yes,No,Yes,Yes,One year,Yes,Credit card (automatic),64.14,1054.96,No
CUST09623,Female,0,Yes,Yes,2,Yes,Yes,Fiber optic,No,No,Yes,No,Yes,No,Month-to-month,Yes,Electronic check,83.9,160.48,Yes
CUST09624,Female,0,No,No,1,Yes,Yes,DSL,No,No,No,Yes,Yes,Yes,Month-to-month,Yes,Bank transfer (automatic),59.03,58.63,No
CUST09625,Female,0,Yes,No,3,Yes,Yes,No,No internet service,No internet service,No internet service,No internet service,No internet service,No internet service,Month-to-month,Yes,Bank transfer (automatic),18.0,53.19,Yes
CUST09626,Female,0,Yes,No,17,Yes,Yes,DSL,Yes,No,No,No,Yes,Yes,One year,Yes,Electronic check,56.18,935.13,No
CUST09627,Female,1,Yes,No,4,Yes,No,No,No internet service,No internet service,No internet service,No internet service,No internet service,No internet service,Two year,Yes,Electronic check,18.0,71.82,No
CUST09628,Female,0,Yes,No,6,Yes,No,Fiber optic,No,Yes,No,No,Yes,Yes,Two year,No,Electronic check,79.62,472.67,No
CUST09629,Male,0,No,No,24,No,No phone service,DSL,No,Yes,No,Yes,No,No,Month-to-month,No,Credit card (automatic),55.71,1275.02,Yes
CUST09630,Male,0,Yes,No,5,Yes,Yes,DSL,No,Yes,No,Yes,No,No,Two year,No,Credit card (automatic),53.26,253.56,No
CUST09631,Male,0,Yes,No,10,Yes,Yes,No,No internet service,No internet service,No internet service,No internet service,No internet service,No internet service,Two year,Yes,Credit card (automatic),18.0,176.19,No
CUST09632,Male,0,No,No,52,Yes,No,Fiber optic,No,Yes,No,No,No,Yes,Month-to-month,Yes,Electronic check,87.02,4401.99,No
CUST09633,Female,0,Yes,Yes,34,Yes,Yes,Fiber optic,No,No,Yes,No,Yes,No,Two year,Yes,Credit card (automatic),73.63,2384.66,No
CUST09634,Female,0,No,Yes,5,Yes,No,DSL,No,No,No,Yes,Yes,No,Month-to-month,No,Electronic check,56.66,270.52,No
CUST09635,Female,0,Yes,No,18,Yes,No,DSL,No,No,No,No,No,Yes,Month-to-month,No,Bank transfer (automatic),59.36,1033.31,Yes
CUST09636,Male,1,No,No,21,Yes,Yes,Fiber optic,No,Yes,No,No,No,No,Month-to-month,Yes,Electronic check,73.91,1507.68,No
CUST09637,Female,0,Yes,Yes,46,Yes,Yes,Fiber optic,Yes,Yes,Yes,No,Yes,No,Two year,Yes,Electronic check,93.02,4219.44,No
CUST09638,Female,0,Yes,Yes,15,Yes,No,Fiber optic,No,No,No,Yes,Yes,Yes,Month-to-month,No,Electronic check,89.07,1320.53,Yes
CUST09639,Female,1,No,No,16,Yes,No,No,No internet service,No internet service,No internet service,No internet service,No internet service,No internet service,Month-to-month,Yes,Credit card (automatic),18.0,281.28,No
CUST09640,Male,0,Yes,Yes,43,Yes,Yes,Fiber optic,No,No,Yes,No,No,No,Month-to-month,No,Bank transfer (automatic),76.35,3142.94,No
CUST09641,Female,0,No,Yes,1,Yes,Yes,DSL,No,No,No,No,Yes,No,Month-to-month,Yes,Mailed check,44.09,42.67,Yes
CUST09642,Male,1,Yes,No,19,Yes,No,No,No internet service,No internet service,No internet service,No internet service,No internet service,No internet service,Month-to-month,No,Credit card (automatic),18.0,338.71,No
CUST09643,Male,0,No,No,10,Yes,Yes,Fiber optic,No,Yes,Yes,No,No,No,Month-to-month,No,Mailed check,77.97,776.32,Yes
CUST09644,Male,0,No,Yes,48,Yes,Yes,No,No internet service,No internet service,No internet service,No internet service,No internet service,No internet service,Month-to-month,No,Electronic check,18.0,833.95,No
CUST09645,Male,0,Yes,No,64,No,No phone service,No,No internet service,No internet service,No internet service,No internet service,No internet service,No internet service,Month-to-month,No,Bank transfer (automatic),18.0,1097.62,No
CUST09646,Female,0,Yes,No,3,Yes,No,DSL,No,No,Yes,Yes,No,Yes,Month-to-month,Yes,Credit card (automatic),57.47,166.17,Yes
CUST09647,Male,0,No,No,6,Yes,Yes,Fiber optic,No,Yes,Yes,No,No,No,Two year,Yes,Electronic check,80.73,480.05,No
CUST09648,Male,0,No,Yes,6,Yes,No,DSL,Yes,No,No,No,No,No,Two year,Yes,Electronic check,51.65,300.57,No
CUST09649,Female,0,Yes,No,2,Yes,Yes,Fiber optic,No,No,Yes,Yes,Yes,No,Month-to-month,Yes,Bank transfer (automatic),91.25,174.59,Yes
CUST09650,Female,0,No,No,13,Yes,Yes,Fiber optic,Yes,No,Yes,No,No,No,Month-to-month,No,Credit card (automatic),79.17,1013.11,No
CUST09651,Male,0,Yes,No,14,Yes,Yes,Fiber optic,No,No,No,Yes,No,No,Two year,No,Mailed check,75.87,1053.25,No
CUST09652,Female,0,Yes,No,17,Yes,No,Fiber optic,No,No,Yes,No,No,No,Month-to-month,Yes,Electronic check,85.24,1422.46,No
CUST09653,Male,1,No,No,21,Yes,No,No,No internet service,No internet service,No internet service,No internet service,No internet service,No internet service,One year,No,Bank transfer (automatic),18.31,380.29,No
CUST09654,Male,0,No,No,1,Yes,No,DSL,No,No,Yes,Yes,Yes,No,Month-to-month,Yes,Mailed check,69.3,68.77,Yes
CUST09655,Male,1,No,No,19,No,No phone service,DSL,Yes,Yes,Yes,No,No,Yes,Month-to-month,No,Credit card (automatic),70.13,1284.13,No
CUST09656,Male,0,Yes,No,49,Yes,No,Fiber optic,No,Yes,Yes,No,No,No,One year,No,Electronic check,79.26,3823.85,No
CUST09657,Female,0,Yes,No,12,Yes,No,Fiber optic,No,No,Yes,Yes,Yes,No,One year,Yes,Mailed check,77.72,924.17,No
CUST09658,Male,0,No,No,2,No,No phone service,Fiber optic,No,No,No,Yes,No,No,Month-to-month,No,Bank transfer (automatic),73.63,139.99,Yes
CUST09659,Female,0,Yes,No,1,Yes,Yes,Fiber optic,Yes,No,No,No,Yes,No,Month-to-month,Yes,Electronic check,71.74,71.07,Yes
CUST09660,Female,0,Yes,No,6,Yes,Yes,Fiber optic,No,No,No,No,No,No,Two year,No,Electronic check,70.35,415.9,No
CUST09661,Female,0,Yes,Yes,27,Yes,Yes,DSL,No,No,No,No,Yes,Yes,Month-to-month,No,Bank transfer (automatic),66.33,1750.96,No
CUST09662,Female,0,No,Yes,6,Yes,No,DSL,No,No,No,No,No,No,One year,Yes,Electronic check,43.45,247.72,No
CUST09663,Male,0,Yes,No,33,Yes,Yes,Fiber optic,Yes,Yes,No,No,Yes,No,Month-to-month,Yes,Electronic check,88.53,2788.78,No
CUST09664,Female,0,Yes,No,34,Yes,Yes,DSL,Yes,No,No,No,Yes,Yes,Month-to-month,Yes,Electronic check,58.92,1938.61,No
CUST09665,Male,0,No,Yes,12,Yes,No,DSL,No,Yes,No,No,Yes,No,Month-to-month,Yes,Credit card (automatic),60.81,699.87,No
CUST09666,Female,0,No,No,7,Yes,Yes,DSL,No,No,Yes,No,No,No,One year,No,Credit card (automatic),44.27,297.16,No
CUST09667,Female,0,Yes,Yes,18,Yes,Yes,Fiber optic,No,No,Yes,Yes,No,Yes,Month-to-month,Yes,Electronic check,84.83,1473.68,No
CUST09668,Male,0,No,No,33,Yes,Yes,No,No internet service,No internet service,No internet service,No internet service,No internet service,No internet service,Month-to-month,Yes,Electronic check,18.0,564.53,No
CUST09669,Male,0,Yes,Yes,1,Yes,Yes,No,No internet service,No internet service,No internet service,No internet service,No internet service,No internet service,Month-to-month,Yes,Credit card (automatic),26.97,25.78,Yes
CUST09670,Male,0,Yes,No,61,Yes,No,No,No internet service,No internet service,No internet service,No internet service,No internet service,No internet service,Two year,Yes,Credit card (automatic),20.21,1197.36,No
CUST09671,Female,1,No,No,20,Yes,Yes,DSL,No,No,Yes,No,Yes,No,Two year,No,Mailed check,57.56,1132.16,No
CUST09672,Female,0,Yes,No,10,Yes,Yes,No,No internet service,No internet service,No internet service,No internet service,No internet service,No internet service,One year,No,Credit card (automatic),22.59,219.87,No
CUST09673,Male,0,Yes,Yes,14,Yes,Yes,Fiber optic,No,No,No,No,No,No,Two year,Yes,Credit card (automatic),62.58,875.27,No
CUST09674,Male,0,No,No,9,Yes,Yes,No,No internet service,No internet service,No internet service,No internet service,No internet service,No internet service,Month-to-month,Yes,Mailed check,18.0,154.16,Yes
CUST09675,Male,1,No,No,10,Yes,No,No,No internet service,No internet service,No internet service,No internet service,No internet service,No internet service,Two year,No,Mailed check,23.1,227.41,No
CUST09676,Male,0,No,No,18,Yes,No,Fiber optic,No,No,No,Yes,No,No,Month-to-month,Yes,Bank transfer (automatic),76.82,1358.31,No
CUST09677,Female,1,Yes,No,1,Yes,Yes,DSL,No,No,Yes,No,Yes,Yes,Month-to-month,Yes,Bank transfer (automatic),61.91,60.93,Yes
CUST09678,Male,0,Yes,No,3,No,No phone service,Fiber optic,No,Yes,No,No,Yes,Yes,Month-to-month,No,Mailed check,88.76,258.51,No
CUST09679,Male,0,Yes,Yes,5,Yes,No,DSL,No,No,No,No,Yes,No,Two year,No,Mailed check,49.01,237.46,No
CUST09680,Male,1,Yes,Yes,10,Yes,No,DSL,Yes,No,No,Yes,No,Yes,One year,No,Electronic check,57.37,569.92,No
CUST09681,Male,0,Yes,No,9,No,No phone service,DSL,No,Yes,No,Yes,No,Yes,One year,No,Electronic check,52.66,453.98,No
CUST09682,Female,0,No,No,25,Yes,No,Fiber optic,Yes,No,Yes,No,Yes,No,Two year,No,Bank transfer (automatic),92.05,2221.23,No
CUST09683,Male,0,Yes,No,5,Yes,No,DSL,No,No,No,Yes,No,Yes,One year,Yes,Mailed check,55.36,265.04,No
CUST09684,Female,1,Yes,No,1,Yes,No,No,No internet service,No internet service,No internet service,No internet service,No internet service,No internet service,One year,No,Electronic check,18.0,17.22,No
CUST09685,Male,0,No,No,1,Yes,Yes,DSL,No,No,Yes,No,No,No,Month-to-month,Yes,Electronic check,44.42,43.09,Yes
CUST09686,Male,0,Yes,Yes,0,Yes,No,Fiber optic,No,No,Yes,No,No,Yes,Two year,Yes,Bank transfer (automatic),79.35,79.03,No
CUST09687,Female,0,No,No,0,Yes,No,DSL,No,Yes,No,No,No,No,Two year,Yes,Mailed check,51.0,50.77,No
CUST09688,Male,0,Yes,No,39,Yes,Yes,No,No internet service,No internet service,No internet service,No internet service,No internet service,No internet service,Two year,No,Credit card (automatic),25.94,994.6,No
CUST09689,Female,1,No,No,23,Yes,Yes,Fiber optic,No,No,Yes,No,No,Yes,Month-to-month,No,Mailed check,82.86,1858.0,No
CUST09690,Female,0,No,No,72,Yes,No,DSL,No,No,Yes,No,No,No,Month-to-month,No,Electronic check,43.42,3060.41,No
CUST09691,Male,0,No,Yes,0,Yes,No,Fiber optic,No,Yes,No,No,No,No,Month-to-month,No,Electronic check,75.48,74.14,Yes
CUST09692,Female,1,Yes,Yes,37,Yes,Yes,DSL,No,No,No,Yes,No,Yes,Month-to-month,Yes,Electronic check,53.49,1929.59,No
CUST09693,Female,0,No,No,23,Yes,No,Fiber optic,No,No,No,No,No,No,Month-to-month,No,Mailed check,69.28,1555.91,No
CUST09694,Female,0,Yes,No,20,Yes,No,Fiber optic,Yes,Yes,No,No,No,Yes,One year,Yes,Mailed check,89.86,1779.72,No
CUST09695,Female,0,Yes,No,8,Yes,Yes,DSL,No,No,No,Yes,No,No,Two year,Yes,Electronic check,56.71,450.05,No
CUST09696,Female,0,Yes,No,9,Yes,Yes,Fiber optic,Yes,Yes,Yes,Yes,Yes,No,Two year,Yes,Electronic check,101.72,893.59,No
CUST09697,Female,0,Yes,No,37,No,No phone service,DSL,Yes,Yes,No,No,No,No,Month-to-month,Yes,Credit card (automatic),55.92,2025.42,No
CUST09698,Female,0,Yes,No,24,Yes,No,Fiber optic,No,No,Yes,No,Yes,Yes,Month-to-month,Yes,Credit card (automatic),88.28,2031.21,No
CUST09699,Female,0,Yes,No,22,Yes,No,Fiber optic,No,No,No,No,No,Yes,Month-to-month,Yes,Mailed check,75.83,1616.07,No
CUST09700,Male,0,Yes,No,0,Yes,Yes,Fiber optic,No,Yes,No,Yes,No,Yes,Month-to-month,No,Electronic check,82.32,80.44,Yes
CUST09701,Male,0,No,No,4,Yes,Yes,No,No internet service,No internet service,No internet service,No internet service,No internet service,No internet service,Month-to-month,Yes,Electronic check,18.0,69.98,Yes
CUST09702,Female,0,Yes,No,65,Yes,No,Fiber optic,No,Yes,Yes,No,No,No,Month-to-month,No,Electronic check,73.78,4740.12,No
CUST09703,Male,0,No,No,12,Yes,Yes,Fiber optic,Yes,No,Yes,Yes,No,Yes,Two year,No,Electronic check,92.33,1064.56,No
CUST09704,Female,0,No,No,30,No,No phone service,No,No internet service,No internet service,No internet service,No internet service,No internet service,No internet service,Month-to-month,Yes,Electronic check,22.21,640.6,No
CUST09705,Female,1,Yes,No,9,Yes,No,No,No internet service,No internet service,No internet service,No internet service,No internet service,No internet service,One year,No,Mailed check,22.48,201.57,No
CUST09706,Male,0,No,Yes,28,Yes,No,No,No internet service,No internet service,No internet service,No internet service,No internet service,No internet service,One year,No,Bank transfer (automatic),24.01,642.49,No
CUST09707,Female,0,No,No,2,Yes,No,No,No internet service,No internet service,No internet service,No internet service,No internet service,No internet service,One year,No,Electronic check,27.31,52.54,No
CUST09708,Female,0,Yes,No,0,Yes,Yes,No,No internet service,No internet service,No internet service,No internet service,No internet service,No internet service,One year,Yes,Mailed check,22.16,21.87,No
CUST09709,Female,0,Yes,No,12,Yes,Yes,DSL,No,Yes,No,Yes,No,Yes,Two year,No,Electronic check,58.36,683.7,No
CUST09710,Female,0,No,Yes,17,Yes,No,DSL,No,Yes,No,No,Yes,Yes,One year,No,Bank transfer (automatic),53.06,862.4,No
CUST09711,Male,0,No,No,7,Yes,Yes,Fiber optic,Yes,No,No,Yes,No,Yes,Two year,Yes,Mailed check,86.87,597.31,No
CUST09712,Female,0,No,No,25,Yes,Yes,No,No internet service,No internet service,No internet service,No internet service,No internet service,No internet service,Month-to-month,No,Credit card (automatic),18.0,432.47,No
CUST09713,Female,1,Yes,No,13,Yes,No,DSL,No,No,Yes,No,No,No,Month-to-month,No,Credit card (automatic),46.47,579.68,No
CUST09714,Female,0,No,No,52,Yes,No,Fiber optic,No,No,No,No,Yes,Yes,Two year,Yes,Electronic check,77.96,3908.7,No
CUST09715,Male,0,Yes,No,1,Yes,Yes,No,No internet service,No internet service,No internet service,No internet service,No internet service,No internet service,Month-to-month,Yes,Mailed check,22.1,21.41,Yes
CUST09716,Female,0,Yes,No,1,Yes,No,No,No internet service,No internet service,No internet service,No internet service,No internet service,No internet service,One year,No,Mailed check,20.86,20.76,No
CUST09717,Male,0,Yes,Yes,47,Yes,Yes,Fiber optic,No,Yes,No,Yes,Yes,No,One year,No,Credit card (automatic),92.42,4236.94,No
CUST09718,Male,0,Yes,No,22,Yes,No,Fiber optic,Yes,Yes,No,No,No,No,Month-to-month,No,Credit card (automatic),77.75,1639.58,No
CUST09719,Female,0,No,No,22,Yes,Yes,DSL,Yes,No,No,No,No,Yes,Month-to-month,Yes,Credit card (automatic),48.18,1058.31,Yes
CUST09720,Female,0,No,Yes,0,Yes,Yes,No,No internet service,No internet service,No internet service,No internet service,No internet service,No internet service,Two year,No,Mailed check,18.0,17.44,No
CUST09721,Male,0,No,No,55,Yes,Yes,No,No internet service,No internet service,No internet service,No internet service,No internet service,No internet service,Two year,Yes,Credit card (automatic),18.0,987.02,No
CUST09722,Female,0,Yes,No,29,Yes,No,No,No internet service,No internet service,No internet service,No internet service,No internet service,No internet service,One year,No,Electronic check,23.62,663.36,No
CUST09723,Male,0,No,No,28,Yes,Yes,No,No internet service,No internet service,No internet service,No internet service,No internet service,No internet service,Two year,No,Credit card (automatic),23.9,638.63,No
CUST09724,Male,0,No,No,48,Yes,No,DSL,Yes,No,No,No,No,No,Two year,Yes,Electronic check,46.54,2193.29,No
CUST09725,Female,0,Yes,No,17,Yes,No,Fiber optic,No,No,No,Yes,Yes,Yes,One year,Yes,Credit card (automatic),82.16,1392.37,No
CUST09726,Female,0,No,No,10,Yes,No,DSL,No,Yes,Yes,No,Yes,No,Month-to-month,Yes,Mailed check,61.61,606.9,No
CUST09727,Male,0,No,Yes,13,Yes,No,Fiber optic,Yes,No,No,No,No,No,Month-to-month,No,Bank transfer (automatic),69.1,855.22,No
CUST09728,Male,0,No,No,30,Yes,Yes,DSL,No,No,No,No,Yes,No,Month-to-month,No,Credit card (automatic),45.45,1312.78,Yes
CUST09729,Male,1,Yes,No,29,Yes,Yes,DSL,No,Yes,No,Yes,No,No,Month-to-month,No,Credit card (automatic),55.93,1587.24,No
CUST09730,Male,0,No,No,18,Yes,No,No,No internet service,No internet service,No internet service,No internet service,No internet service,No internet service,Month-to-month,Yes,Electronic check,24.17,413.43,No
CUST09731,Female,0,No,No,4,Yes,No,Fiber optic,No,No,No,Yes,Yes,No,Two year,Yes,Bank transfer (automatic),78.22,305.62,No
CUST09732,Female,0,Yes,Yes,34,Yes,Yes,No,No internet service,No internet service,No internet service,No internet service,No internet service,No internet service,One year,Yes,Bank transfer (automatic),18.0,605.92,Yes
CUST09733,Female,0,No,No,20,Yes,No,Fiber optic,No,Yes,No,Yes,No,No,Two year,Yes,Bank transfer (automatic),79.53,1589.63,No
CUST09734,Female,0,Yes,No,5,Yes,Yes,DSL,Yes,No,No,Yes,Yes,No,One year,Yes,Electronic check,58.3,284.72,No
CUST09735,Female,1,No,Yes,13,Yes,No,Fiber optic,Yes,No,No,No,No,No,Month-to-month,No,Electronic check,71.93,920.11,No
CUST09736,Male,0,No,No,72,No,No phone service,No,No internet service,No internet service,No internet service,No internet service,No internet service,No internet service,Month-to-month,No,Mailed check,21.82,1504.57,No
CUST09737,Female,1,No,Yes,7,Yes,No,Fiber optic,No,No,No,No,Yes,Yes,Two year,No,Credit card (automatic),80.84,540.91,No
CUST09738,Female,1,No,No,2,Yes,No,No,No internet service,No internet service,No internet service,No internet service,No internet service,No internet service,Month-to-month,No,Credit card (automatic),18.0,35.36,No
CUST09739,Female,0,Yes,Yes,0,Yes,No,DSL,Yes,Yes,Yes,No,Yes,No,One year,Yes,Mailed check,59.39,56.9,No
CUST09740,Female,0,Yes,Yes,4,Yes,No,Fiber optic,No,Yes,Yes,No,Yes,Yes,Month-to-month,No,Credit card (automatic),91.25,360.68,No
CUST09741,Female,0,No,Yes,4,Yes,Yes,No,No internet service,No internet service,No internet service,No internet service,No internet service,No internet service,Month-to-month,Yes,Bank transfer (automatic),20.89,82.28,No
CUST09742,Male,0,Yes,No,39,Yes,No,DSL,No,Yes,No,Yes,No,Yes,Month-to-month,Yes,Electronic check,61.07,2306.93,No
CUST09743,Male,1,Yes,No,3,Yes,No,Fiber optic,No,Yes,No,No,Yes,No,One year,No,Mailed check,80.02,236.08,No
CUST09744,Male,0,Yes,Yes,39,Yes,No,Fiber optic,No,Yes,No,Yes,Yes,No,Two year,Yes,Bank transfer (automatic),85.88,3244.05,No
CUST09745,Female,1,Yes,No,1,Yes,No,Fiber optic,Yes,Yes,No,No,Yes,No,One year,No,Mailed check,83.72,82.13,No
CUST09746,Male,0,No,Yes,47,Yes,Yes,DSL,No,No,No,No,No,No,One year,Yes,Bank transfer (automatic),46.76,2160.34,Yes
CUST09747,Male,1,No,Yes,5,Yes,Yes,Fiber optic,No,No,Yes,No,No,Yes,Two year,No,Bank transfer (automatic),74.43,366.77,No
CUST09748,Female,1,Yes,No,18,Yes,No,No,No internet service,No internet service,No internet service,No internet service,No internet service,No internet service,One year,No,Credit card (automatic),18.0,316.33,No
CUST09749,Female,0,Yes,Yes,3,Yes,Yes,DSL,No,Yes,No,No,Yes,No,Two year,No,Credit card (automatic),56.34,163.7,No
CUST09750,Female,0,Yes,No,9,Yes,No,Fiber optic,No,No,Yes,No,No,No,Month-to-month,Yes,Mailed check,83.15,734.03,Yes
CUST09751,Male,0,Yes,No,1,Yes,No,DSL,Yes,Yes,No,Yes,No,Yes,Two year,No,Credit card (automatic),61.2,59.61,No
CUST09752,Male,0,Yes,Yes,17,Yes,Yes,Fiber optic,No,No,Yes,Yes,No,Yes,One year,Yes,Mailed check,77.71,1258.95,No
CUST09753,Female,1,Yes,No,8,Yes,No,Fiber optic,No,Yes,Yes,No,No,No,Month-to-month,Yes,Bank transfer (automatic),77.98,607.92,No
CUST09754,Female,0,No,No,38,Yes,Yes,Fiber optic,No,No,No,Yes,No,Yes,Month-to-month,No,Electronic check,79.75,2934.57,No
CUST09755,Male,0,No,No,4,Yes,No,DSL,No,Yes,Yes,Yes,No,Yes,Month-to-month,Yes,Bank transfer (automatic),62.33,237.57,No
CUST09756,Male,0,Yes,Yes,6,No,No phone service,DSL,No,No,No,No,No,Yes,Month-to-month,Yes,Credit card (automatic),56.22,322.28,No
CUST09757,Female,1,No,No,3,Yes,Yes,Fiber optic,No,No,No,Yes,Yes,No,Two year,Yes,Mailed check,78.45,230.3,No
CUST09758,Female,0,No,No,16,No,No phone service,No,No internet service,No internet service,No internet service,No internet service,No internet service,No internet service,One year,Yes,Credit card (automatic),18.5,293.3,Yes
CUST09759,Male,0,Yes,Yes,2,Yes,No,DSL,No,No,Yes,No,No,No,Two year,No,Credit card (automatic),53.99,105.15,No
CUST09760,Female,0,Yes,No,4,Yes,No,Fiber optic,No,No,No,No,Yes,No,One year,No,Electronic check,78.15,297.73,No
CUST09761,Male,0,No,Yes,22,Yes,No,Fiber optic,Yes,No,No,No,No,Yes,One year,No,Electronic check,88.43,1930.09,No
CUST09762,Male,0,Yes,No,1,Yes,Yes,DSL,No,No,No,No,No,No,Month-to-month,Yes,Mailed check,42.29,41.58,Yes
CUST09763,Male,0,No,No,27,Yes,No,Fiber optic,No,No,Yes,No,No,No,One year,Yes,Electronic check,77.07,2072.11,Yes
CUST09764,Male,0,No,Yes,2,Yes,No,Fiber optic,No,No,Yes,No,No,Yes,One year,Yes,Mailed check,82.01,163.94,No
CUST09765,Female,0,Yes,Yes,17,Yes,Yes,Fiber optic,No,No,No,No,No,Yes,Two year,Yes,Mailed check,81.14,1368.78,No
CUST09766,Female,0,No,No,72,Yes,No,DSL,Yes,No,Yes,Yes,Yes,Yes,Month-to-month,Yes,Mailed check,67.81,4860.45,No
CUST09767,Male,0,No,No,3,Yes,No,No,No internet service,No internet service,No internet service,No internet service,No internet service,No internet service,One year,No,Electronic check,27.31,80.98,No
CUST09768,Male,0,Yes,No,6,Yes,Yes,DSL,No,No,Yes,No,No,Yes,Month-to-month,Yes,Electronic check,59.62,356.24,No
CUST09769,Male,0,Yes,No,45,No,No phone service,DSL,Yes,Yes,No,No,Yes,Yes,One year,Yes,Mailed check,70.53,3089.89,No
CUST09770,Male,1,No,Yes,19,Yes,No,Fiber optic,No,No,No,Yes,No,No,Two year,Yes,Bank transfer (automatic),72.0,1362.91,No
CUST09771,Male,0,No,No,13,Yes,Yes,DSL,Yes,Yes,No,No,Yes,No,One year,No,Bank transfer (automatic),59.82,747.03,No
CUST09772,Female,1,No,Yes,16,Yes,No,DSL,No,No,No,Yes,No,Yes,Month-to-month,No,Electronic check,54.07,826.98,Yes
CUST09773,Female,0,No,No,7,Yes,Yes,Fiber optic,No,Yes,Yes,No,No,No,Month-to-month,No,Electronic check,74.53,507.94,No
CUST09774,Female,0,Yes,No,38,Yes,No,Fiber optic,Yes,No,Yes,Yes,Yes,Yes,Month-to-month,No,Mailed check,96.25,3521.75,No
CUST09775,Female,0,Yes,Yes,27,Yes,Yes,Fiber optic,Yes,No,No,No,Yes,Yes,One year,No,Electronic check,85.94,2280.33,No
CUST09776,Male,0,Yes,Yes,20,Yes,No,Fiber optic,No,Yes,No,No,No,No,Month-to-month,Yes,Mailed check,75.8,1502.06,No
CUST09777,Male,0,Yes,Yes,53,Yes,No,No,No internet service,No internet service,No internet service,No internet service,No internet service,No internet service,Two year,Yes,Mailed check,19.93,1014.92,No
CUST09778,Male,0,No,Yes,17,No,No phone service,No,No internet service,No internet service,No internet service,No internet service,No internet service,No internet service,Month-to-month,No,Credit card (automatic),19.87,322.08,No
CUST09779,Male,0,No,No,14,Yes,No,DSL,No,No,No,No,No,No,Month-to-month,No,Credit card (automatic),45.47,624.1,No
CUST09780,Male,0,No,No,72,Yes,Yes,Fiber optic,No,No,No,No,Yes,No,Two year,No,Credit card (automatic),74.94,5303.75,No
CUST09781,Female,0,No,No,4,Yes,No,DSL,Yes,No,No,No,No,Yes,One year,Yes,Mailed check,51.28,200.81,Yes
CUST09782,Male,0,Yes,No,3,Yes,Yes,No,No internet service,No internet service,No internet service,No internet service,No internet service,No internet service,Two year,Yes,Electronic check,19.83,58.57,No
CUST09783,Female,0,Yes,No,3,Yes,No,No,No internet service,No internet service,No internet service,No internet service,No internet service,No internet service,Month-to-month,Yes,Bank transfer (automatic),20.62,58.95,No
CUST09784,Female,0,Yes,No,72,Yes,No,DSL,Yes,No,No,No,No,No,Month-to-month,No,Bank transfer (automatic),43.29,3067.72,Yes
CUST09785,Female,0,No,Yes,21,Yes,Yes,Fiber optic,Yes,No,No,No,Yes,No,Month-to-month,Yes,Mailed check,74.91,1534.5,No
CUST09786,Female,0,Yes,Yes,7,Yes,Yes,No,No internet service,No internet service,No internet service,No internet service,No internet service,No internet service,Month-to-month,No,Credit card (automatic),18.0,121.51,No
CUST09787,Male,0,No,No,5,Yes,No,Fiber optic,Yes,Yes,No,Yes,Yes,No,Two year,No,Bank transfer (automatic),88.48,430.03,No
CUST09788,Female,1,No,No,1,Yes,No,Fiber optic,No,No,No,No,No,Yes,Month-to-month,Yes,Credit card (automatic),74.21,71.19,Yes
CUST09789,Female,1,Yes,Yes,2,Yes,No,No,No internet service,No internet service,No internet service,No internet service,No internet service,No internet service,Two year,Yes,Mailed check,18.0,34.24,No
CUST09790,Female,0,Yes,Yes,47,Yes,No,No,No internet service,No internet service,No internet service,No internet service,No internet service,No internet service,One year,No,Credit card (automatic),26.83,1210.35,No
CUST09791,Male,0,No,No,27,Yes,No,Fiber optic,No,No,No,No,Yes,Yes,One year,No,Mailed check,62.76,1652.81,No
CUST09792,Male,0,Yes,No,56,Yes,No,No,No internet service,No internet service,No internet service,No internet service,No internet service,No internet service,Two year,Yes,Credit card (automatic),20.71,1127.33,No
CUST09793,Male,0,No,No,11,Yes,No,Fiber optic,No,No,No,No,No,Yes,Month-to-month,Yes,Electronic check,67.23,737.97,No
CUST09794,Female,0,No,Yes,18,Yes,No,DSL,No,Yes,No,Yes,Yes,No,Month-to-month,No,Credit card (automatic),56.55,1012.85,No
CUST09795,Female,0,Yes,No,13,Yes,Yes,Fiber optic,No,No,Yes,No,Yes,No,One year,Yes,Electronic check,79.21,990.89,No
CUST09796,Male,0,Yes,No,42,Yes,No,DSL,No,No,No,Yes,Yes,No,Month-to-month,Yes,Mailed check,49.06,2000.74,No
CUST09797,Female,0,Yes,Yes,72,Yes,No,Fiber optic,No,Yes,Yes,No,Yes,No,Two year,Yes,Electronic check,84.64,6084.18,No
CUST09798,Male,0,No,No,53,Yes,No,No,No internet service,No internet service,No internet service,No internet service,No internet service,No internet service,Two year,No,Mailed check,18.0,925.35,No
CUST09799,Male,0,Yes,Yes,18,Yes,Yes,No,No internet service,No internet service,No internet service,No internet service,No internet service,No internet service,Two year,Yes,Mailed check,19.02,342.04,No
CUST09800,Female,0,No,No,1,Yes,No,No,No internet service,No internet service,No internet service,No internet service,No internet service,No internet service,Two year,No,Credit card (automatic),18.0,17.31,Yes
CUST09801,Female,0,No,No,19,No,No phone service,DSL,No,Yes,No,Yes,Yes,No,One year,Yes,Credit card (automatic),68.22,1270.34,No
CUST09802,Female,0,No,No,2,Yes,Yes,Fiber optic,No,Yes,No,No,Yes,Yes,One year,Yes,Electronic check,89.53,176.91,No
CUST09803,Female,0,Yes,No,2,No,No phone service,No,No internet service,No internet service,No internet service,No internet service,No internet service,No internet service,Month-to-month,Yes,Credit card (automatic),23.9,45.72,Yes
CUST09804,Male,0,No,Yes,4,Yes,No,No,No internet service,No internet service,No internet service,No internet service,No internet service,No internet service,Two year,Yes,Electronic check,27.46,109.72,No
CUST09805,Male,0,No,No,9,Yes,Yes,No,No internet service,No internet service,No internet service,No internet service,No internet service,No internet service,Month-to-month,No,Bank transfer (automatic),18.0,159.46,No
CUST09806,Male,0,No,No,17,Yes,No,Fiber optic,No,No,No,Yes,No,No,Two year,No,Electronic check,71.57,1159.96,No
CUST09807,Male,1,No,No,8,Yes,Yes,No,No internet service,No internet service,No internet service,No internet service,No internet service,No internet service,Two year,No,Credit card (automatic),25.27,192.77,Yes
CUST09808,Male,0,No,Yes,12,Yes,Yes,No,No internet service,No internet service,No internet service,No internet service,No internet service,No internet service,Month-to-month,Yes,Credit card (automatic),18.78,217.52,No
CUST09809,Female,1,No,No,0,Yes,No,DSL,Yes,No,No,Yes,Yes,Yes,Month-to-month,No,Electronic check,66.06,65.95,Yes
CUST09810,Male,0,Yes,No,19,Yes,No,DSL,No,No,No,No,No,No,Month-to-month,No,Electronic check,44.62,840.83,No
CUST09811,Male,0,No,No,21,Yes,No,No,No internet service,No internet service,No internet service,No internet service,No internet service,No internet service,Two year,Yes,Bank transfer (automatic),25.28,524.14,No
CUST09812,Male,0,Yes,No,2,No,No phone service,Fiber optic,No,No,No,Yes,No,Yes,Two year,No,Electronic check,80.53,155.04,No
CUST09813,Female,0,No,No,30,No,No phone service,DSL,No,No,Yes,No,Yes,Yes,One year,No,Electronic check,58.01,1727.17,No
CUST09814,Female,0,No,No,20,Yes,Yes,DSL,No,Yes,No,Yes,No,Yes,Two year,No,Credit card (automatic),64.79,1266.17,No
CUST09815,Female,0,Yes,Yes,13,Yes,No,Fiber optic,No,Yes,No,No,No,No,Month-to-month,No,Mailed check,69.68,905.37,No
CUST09816,Female,0,No,No,16,Yes,No,DSL,No,Yes,Yes,No,No,No,One year,No,Credit card (automatic),52.0,801.73,No
CUST09817,Male,1,No,No,13,Yes,No,DSL,Yes,No,No,Yes,Yes,Yes,One year,No,Electronic check,57.95,748.89,No
CUST09818,Male,0,Yes,No,1,Yes,Yes,DSL,No,No,No,No,No,No,Month-to-month,No,Electronic check,44.5,42.41,Yes
CUST09819,Female,0,No,No,26,Yes,No,No,No internet service,No internet service,No internet service,No internet service,No internet service,No internet service,Month-to-month,No,Credit card (automatic),22.46,578.73,No
CUST09820,Female,0,Yes,No,14,Yes,No,DSL,Yes,No,No,No,No,No,Two year,No,Mailed check,48.29,661.61,No
CUST09821,Male,0,No,No,3,Yes,No,Fiber optic,Yes,Yes,No,Yes,No,Yes,Two year,Yes,Electronic check,86.73,253.28,No
CUST09822,Male,0,No,No,22,No,No phone service,Fiber optic,Yes,Yes,No,No,No,Yes,One year,Yes,Mailed check,79.31,1676.95,No
CUST09823,Female,0,No,Yes,23,Yes,Yes,Fiber optic,No,No,No,No,Yes,No,Two year,Yes,Mailed check,76.89,1694.99,No
CUST09824,Female,1,No,No,4,Yes,No,DSL,No,No,No,No,No,No,Month-to-month,No,Bank transfer (automatic),46.16,178.72,No
CUST09825,Female,0,No,No,31,Yes,No,DSL,Yes,No,No,No,No,Yes,Two year,No,Mailed check,57.27,1701.19,No
CUST09826,Female,0,Yes,No,12,Yes,No,DSL,No,Yes,No,No,Yes,No,Month-to-month,Yes,Electronic check,52.38,604.66,No
CUST09827,Male,0,Yes,No,3,Yes,No,No,No internet service,No internet service,No internet service,No internet service,No internet service,No internet service,Month-to-month,Yes,Bank transfer (automatic),29.33,87.93,No
CUST09828,Male,1,No,No,21,Yes,No,Fiber optic,No,No,Yes,Yes,No,No,Month-to-month,Yes,Credit card (automatic),76.89,1602.15,No
CUST09829,Male,0,No,No,18,No,No phone service,DSL,No,Yes,No,Yes,Yes,Yes,Two year,No,Credit card (automatic),67.79,1161.73,Yes
CUST09830,Female,0,No,No,3,Yes,No,No,No internet service,No internet service,No internet service,No internet service,No internet service,No internet service,Month-to-month,Yes,Mailed check,20.76,60.16,No
CUST09831,Female,0,No,No,41,No,No phone service,DSL,Yes,No,No,Yes,Yes,No,Month-to-month,No,Electronic check,59.91,2353.79,No
CUST09832,Male,0,No,No,38,Yes,Yes,Fiber optic,Yes,No,No,No,Yes,Yes,Month-to-month,Yes,Bank transfer (automatic),81.45,2968.42,No
CUST09833,Male,0,Yes,No,36,No,No phone service,Fiber optic,Yes,No,No,No,No,Yes,Month-to-month,Yes,Mailed check,72.02,2484.21,No
CUST09834,Male,0,No,Yes,10,Yes,No,Fiber optic,No,No,No,Yes,No,No,Month-to-month,Yes,Credit card (automatic),69.65,681.38,Yes
CUST09835,Male,1,Yes,No,34,Yes,Yes,Fiber optic,No,No,No,No,No,No,One year,No,Credit card (automatic),68.54,2234.26,No
CUST09836,Female,1,Yes,No,37,Yes,No,DSL,Yes,No,No,No,No,Yes,Month-to-month,Yes,Credit card (automatic),63.25,2339.8,No
CUST09837,Male,0,No,Yes,72,Yes,No,Fiber optic,No,Yes,Yes,No,No,Yes,Month-to-month,Yes,Bank transfer (automatic),85.38,5898.54,Yes
CUST09838,Male,0,No,Yes,63,Yes,Yes,Fiber optic,No,No,No,No,Yes,Yes,Month-to-month,No,Electronic check,78.64,4922.03,No
CUST09839,Male,1,Yes,Yes,9,Yes,No,DSL,No,No,No,No,No,No,Month-to-month,No,Bank transfer (automatic),46.42,413.41,No
CUST09840,Male,1,No,No,4,Yes,No,Fiber optic,No,Yes,No,No,Yes,Yes,Month-to-month,No,Credit card (automatic),83.67,333.99,No
CUST09841,Male,0,No,No,6,No,No phone service,No,No internet service,No internet service,No internet service,No internet service,No internet service,No internet service,One year,Yes,Bank transfer (automatic),23.79,142.31,No
CUST09842,Male,0,No,Yes,13,Yes,No,Fiber optic,No,No,No,No,Yes,No,Month-to-month,No,Credit card (automatic),85.81,1088.7,No
CUST09843,Male,0,No,No,32,Yes,Yes,Fiber optic,No,Yes,Yes,No,No,No,Month-to-month,No,Mailed check,73.17,2340.77,No
CUST09844,Female,0,Yes,Yes,25,Yes,Yes,Fiber optic,No,No,No,No,No,Yes,One year,Yes,Electronic check,76.0,1891.22,No
CUST09845,Female,0,No,Yes,30,Yes,No,No,No internet service,No internet service,No internet service,No internet service,No internet service,No internet service,One year,No,Electronic check,18.97,554.32,No
CUST09846,Female,0,No,No,9,Yes,No,DSL,Yes,Yes,No,No,No,Yes,Month-to-month,No,Electronic check,59.31,519.73,No
CUST09847,Female,0,No,No,5,Yes,No,Fiber optic,Yes,No,No,No,Yes,No,Month-to-month,Yes,Electronic check,87.33,430.72,Yes
CUST09848,Male,1,No,No,0,Yes,No,Fiber optic,No,No,Yes,Yes,No,Yes,Month-to-month,Yes,Electronic check,84.83,82.73,Yes
CUST09849,Female,0,Yes,No,19,Yes,No,DSL,No,No,No,No,No,Yes,Month-to-month,Yes,Credit card (automatic),39.96,755.46,No
CUST09850,Female,0,Yes,No,31,Yes,No,Fiber optic,No,No,No,No,Yes,No,Month-to-month,Yes,Electronic check,81.54,2414.93,No
CUST09851,Male,0,No,No,43,No,No phone service,Fiber optic,No,No,No,No,No,Yes,Month-to-month,Yes,Credit card (automatic),80.04,3433.22,No
CUST09852,Male,0,No,No,12,Yes,Yes,No,No internet service,No internet service,No internet service,No internet service,No internet service,No internet service,Month-to-month,No,Credit card (automatic),18.0,215.83,No
CUST09853,Female,0,No,Yes,52,Yes,No,Fiber optic,Yes,No,Yes,No,Yes,Yes,One year,No,Electronic check,89.72,4663.56,No
CUST09854,Female,0,Yes,No,4,Yes,No,DSL,No,Yes,No,Yes,No,Yes,Two year,Yes,Credit card (automatic),55.07,216.74,No
CUST09855,Male,0,Yes,No,14,Yes,No,DSL,No,No,No,Yes,No,No,One year,No,Credit card (automatic),55.83,743.43,No
CUST09856,Female,1,Yes,No,4,Yes,No,Fiber optic,No,No,Yes,No,No,Yes,One year,Yes,Electronic check,78.97,312.64,No
CUST09857,Male,0,No,No,4,Yes,No,Fiber optic,No,Yes,No,No,No,No,Month-to-month,Yes,Mailed check,79.96,315.98,No
CUST09858,Male,0,Yes,No,61,Yes,Yes,DSL,No,No,No,No,Yes,Yes,Month-to-month,No,Credit card (automatic),52.3,3055.83,Yes
CUST09859,Male,0,No,Yes,34,Yes,No,Fiber optic,No,No,Yes,No,Yes,No,Month-to-month,No,Electronic check,86.01,2819.68,Yes
CUST09860,Male,0,Yes,No,0,No,No phone service,No,No internet service,No internet service,No internet service,No internet service,No internet service,No internet service,One year,No,Mailed check,26.57,25.51,No
CUST09861,Female,0,No,No,6,Yes,No,DSL,No,No,No,No,No,No,One year,No,Electronic check,41.77,249.61,No
CUST09862,Male,1,Yes,Yes,4,Yes,No,Fiber optic,No,Yes,No,No,Yes,Yes,Two year,Yes,Bank transfer (automatic),76.71,296.82,No
CUST09863,Male,0,Yes,No,3,Yes,No,Fiber optic,No,Yes,No,No,Yes,Yes,Month-to-month,Yes,Bank transfer (automatic),86.35,258.36,No
CUST09864,Female,0,No,No,23,Yes,No,Fiber optic,No,Yes,No,No,Yes,No,Month-to-month,No,Bank transfer (automatic),82.02,1826.79,No
CUST09865,Male,1,No,Yes,16,Yes,Yes,Fiber optic,Yes,No,No,No,No,No,One year,No,Credit card (automatic),80.27,1243.83,No
CUST09866,Female,0,Yes,No,12,Yes,Yes,Fiber optic,Yes,No,No,No,Yes,No,One year,No,Bank transfer (automatic),86.16,999.31,No
CUST09867,Female,0,No,No,4,Yes,No,No,No internet service,No internet service,No internet service,No internet service,No internet service,No internet service,Month-to-month,Yes,Electronic check,22.92,90.93,No
CUST09868,Female,0,Yes,No,6,Yes,No,DSL,No,No,No,No,No,No,One year,No,Electronic check,38.19,220.08,No
CUST09869,Male,0,Yes,No,8,Yes,No,Fiber optic,No,No,No,No,Yes,Yes,Month-to-month,No,Electronic check,83.67,658.98,No
CUST09870,Female,0,Yes,Yes,30,Yes,Yes,Fiber optic,No,No,No,No,No,No,One year,Yes,Electronic check,71.13,2035.61,No
CUST09871,Female,0,Yes,No,72,Yes,No,DSL,No,Yes,No,Yes,Yes,Yes,Month-to-month,Yes,Mailed check,66.01,4751.95,No
CUST09872,Male,0,No,No,4,Yes,Yes,Fiber optic,No,Yes,Yes,No,No,Yes,One year,No,Mailed check,81.25,316.61,No
CUST09873,Female,0,Yes,No,8,Yes,Yes,DSL,Yes,Yes,Yes,Yes,Yes,No,Two year,Yes,Bank transfer (automatic),63.52,485.92,No
CUST09874,Female,0,No,No,6,Yes,No,Fiber optic,No,No,No,No,No,No,Two year,Yes,Electronic check,67.86,396.11,No
CUST09875,Female,1,Yes,Yes,0,Yes,Yes,Fiber optic,No,No,Yes,No,No,Yes,Two year,Yes,Credit card (automatic),88.25,84.19,No
CUST09876,Female,0,No,No,4,No,No phone service,Fiber optic,Yes,No,No,No,No,Yes,Month-to-month,Yes,Mailed check,73.21,288.2,Yes
CUST09877,Female,1,Yes,Yes,46,Yes,No,No,No internet service,No internet service,No internet service,No internet service,No internet service,No internet service,Month-to-month,No,Credit card (automatic),24.02,1076.83,No
CUST09878,Male,0,Yes,Yes,37,Yes,No,DSL,No,Yes,No,Yes,Yes,No,Month-to-month,Yes,Mailed check,63.49,2246.29,Yes
CUST09879,Female,0,Yes,Yes,3,Yes,Yes,No,No internet service,No internet service,No internet service,No internet service,No internet service,No internet service,Month-to-month,No,Credit card (automatic),27.97,82.27,No
CUST09880,Female,0,No,No,9,Yes,Yes,No,No internet service,No internet service,No internet service,No internet service,No internet service,No internet service,Month-to-month,Yes,Electronic check,18.0,156.25,No
CUST09881,Male,0,No,No,7,Yes,No,DSL,No,No,No,No,Yes,Yes,Month-to-month,Yes,Electronic check,56.96,397.57,Yes
CUST09882,Male,1,No,No,3,Yes,No,No,No internet service,No internet service,No internet service,No internet service,No internet service,No internet service,One year,Yes,Mailed check,27.27,80.4,No
CUST09883,Male,0,Yes,No,19,Yes,No,Fiber optic,No,No,No,Yes,No,No,Month-to-month,Yes,Mailed check,71.61,1320.15,No
CUST09884,Female,0,No,No,16,Yes,Yes,No,No internet service,No internet service,No internet service,No internet service,No internet service,No internet service,Month-to-month,No,Credit card (automatic),26.23,401.62,No
CUST09885,Male,0,No,Yes,11,Yes,Yes,No,No internet service,No internet service,No internet service,No internet service,No internet service,No internet service,One year,Yes,Electronic check,18.49,200.33,No
CUST09886,Female,0,Yes,No,38,Yes,No,No,No internet service,No internet service,No internet service,No internet service,No internet service,No internet service,One year,Yes,Electronic check,23.83,881.67,No
CUST09887,Female,0,Yes,No,19,Yes,No,Fiber optic,No,No,No,No,No,Yes,One year,Yes,Mailed check,71.31,1337.89,No
CUST09888,Male,0,No,Yes,6,Yes,No,Fiber optic,Yes,No,No,No,No,Yes,One year,Yes,Mailed check,77.01,453.95,No
CUST09889,Male,0,No,No,9,Yes,No,Fiber optic,Yes,Yes,No,No,Yes,No,Month-to-month,Yes,Bank transfer (automatic),87.7,774.39,No
CUST09890,Female,0,Yes,No,3,Yes,Yes,Fiber optic,No,Yes,No,No,No,No,Month-to-month,Yes,Electronic check,75.97,224.88,No
CUST09891,Male,0,No,No,17,Yes,Yes,DSL,No,No,No,Yes,Yes,Yes,Two year,No,Electronic check,56.06,922.31,No
CUST09892,Female,0,No,No,17,Yes,Yes,Fiber optic,No,No,Yes,No,No,Yes,Month-to-month,Yes,Credit card (automatic),85.75,1455.37,No
CUST09893,Male,0,No,No,40,Yes,Yes,No,No internet service,No internet service,No internet service,No internet service,No internet service,No internet service,Month-to-month,Yes,Mailed check,25.73,1025.92,No
CUST09894,Male,1,Yes,Yes,38,No,No phone service,No,No internet service,No internet service,No internet service,No internet service,No internet service,No internet service,Month-to-month,No,Credit card (automatic),18.0,674.33,No
CUST09895,Male,0,No,Yes,36,No,No phone service,No,No internet service,No internet service,No internet service,No internet service,No internet service,No internet service,Two year,Yes,Bank transfer (automatic),18.0,619.48,No
CUST09896,Female,0,Yes,No,15,Yes,Yes,DSL,No,No,No,No,Yes,Yes,One year,Yes,Electronic check,63.63,945.56,No
CUST09897,Male,0,Yes,Yes,21,Yes,No,Fiber optic,No,No,No,Yes,Yes,No,One year,Yes,Electronic check,76.6,1554.2,No
CUST09898,Female,0,No,No,29,Yes,No,Fiber optic,No,No,No,Yes,No,No,Month-to-month,Yes,Credit card (automatic),66.09,1833.68,Yes
CUST09899,Female,1,Yes,No,1,Yes,Yes,DSL,No,Yes,Yes,No,Yes,No,Two year,No,Electronic check,68.02,66.9,No
CUST09900,Female,0,Yes,No,7,Yes,No,Fiber optic,Yes,Yes,No,No,Yes,No,One year,No,Electronic check,79.01,546.81,No
CUST09901,Female,0,Yes,Yes,3,Yes,No,Fiber optic,Yes,No,No,No,No,No,Month-to-month,No,Credit card (automatic),65.1,193.93,Yes
CUST09902,Male,0,Yes,Yes,14,Yes,No,No,No internet service,No internet service,No internet service,No internet service,No internet service,No internet service,One year,No,Credit card (automatic),18.0,240.91,No
CUST09903,Female,0,Yes,No,36,Yes,Yes,No,No internet service,No internet service,No internet service,No internet service,No internet service,No internet service,Month-to-month,Yes,Bank transfer (automatic),18.59,642.67,No
CUST09904,Female,0,Yes,No,5,Yes,No,No,No internet service,No internet service,No internet service,No internet service,No internet service,No internet service,Month-to-month,Yes,Electronic check,25.88,128.76,No
CUST09905,Male,0,No,No,26,Yes,No,Fiber optic,Yes,No,No,Yes,No,Yes,Month-to-month,No,Electronic check,86.07,2150.74,Yes
CUST09906,Female,0,Yes,No,10,Yes,Yes,DSL,No,Yes,No,No,No,No,Two year,No,Bank transfer (automatic),55.26,541.32,No
CUST09907,Male,0,No,No,46,Yes,Yes,No,No internet service,No internet service,No internet service,No internet service,No internet service,No internet service,Month-to-month,No,Electronic check,19.09,842.41,No
CUST09908,Female,0,Yes,No,19,Yes,No,DSL,No,Yes,No,No,No,Yes,One year,Yes,Mailed check,47.24,858.76,No
CUST09909,Male,0,Yes,Yes,72,Yes,No,Fiber optic,Yes,No,Yes,Yes,Yes,No,One year,Yes,Mailed check,93.43,6471.44,No
CUST09910,Female,0,No,No,5,Yes,Yes,DSL,Yes,Yes,Yes,No,No,No,One year,Yes,Electronic check,64.91,312.03,No
CUST09911,Male,0,Yes,No,51,Yes,Yes,No,No internet service,No internet service,No internet service,No internet service,No internet service,No internet service,Month-to-month,Yes,Credit card (automatic),26.63,1303.51,Yes
CUST09912,Female,0,No,No,8,Yes,Yes,DSL,No,No,No,No,No,No,Month-to-month,Yes,Electronic check,39.23,299.67,No
CUST09913,Female,0,No,Yes,19,Yes,No,DSL,No,No,No,Yes,No,No,Month-to-month,Yes,Mailed check,46.16,836.32,No
CUST09914,Male,0,Yes,No,3,Yes,Yes,Fiber optic,No,No,No,No,Yes,No,Month-to-month,No,Credit card (automatic),77.12,223.45,Yes
CUST09915,Male,0,No,No,28,Yes,Yes,DSL,No,No,No,No,No,No,Two year,Yes,Credit card (automatic),36.43,985.68,No
CUST09916,Male,1,Yes,No,72,Yes,No,No,No internet service,No internet service,No internet service,No internet service,No internet service,No internet service,Two year,No,Electronic check,18.0,1281.74,No
CUST09917,Male,1,No,Yes,30,Yes,No,DSL,Yes,No,No,No,No,No,Month-to-month,Yes,Credit card (automatic),49.63,1476.31,No
CUST09918,Female,0,No,No,19,Yes,No,No,No internet service,No internet service,No internet service,No internet service,No internet service,No internet service,Month-to-month,Yes,Electronic check,21.45,390.24,Yes
CUST09919,Female,0,No,No,11,Yes,No,Fiber optic,Yes,Yes,Yes,No,No,No,Two year,No,Electronic check,77.67,845.51,No
CUST09920,Male,0,Yes,No,8,Yes,No,Fiber optic,No,No,No,No,No,Yes,Month-to-month,Yes,Credit card (automatic),76.24,587.59,Yes
CUST09921,Female,0,Yes,Yes,10,Yes,Yes,No,No internet service,No internet service,No internet service,No internet service,No internet service,No internet service,Month-to-month,Yes,Bank transfer (automatic),23.06,224.81,No
CUST09922,Male,0,Yes,Yes,7,Yes,No,Fiber optic,Yes,No,No,No,Yes,Yes,Month-to-month,Yes,Electronic check,93.05,621.58,Yes
CUST09923,Male,0,Yes,Yes,35,Yes,No,Fiber optic,No,No,Yes,No,Yes,Yes,One year,Yes,Bank transfer (automatic),88.92,3018.57,No
CUST09924,Female,1,No,No,44,Yes,Yes,DSL,No,Yes,Yes,Yes,No,No,Two year,Yes,Credit card (automatic),50.33,2109.66,No
CUST09925,Female,0,No,No,59,No,No phone service,DSL,No,No,Yes,Yes,No,No,Two year,No,Mailed check,59.79,3352.43,No
CUST09926,Female,0,Yes,Yes,10,Yes,No,No,No internet service,No internet service,No internet service,No internet service,No internet service,No internet service,Month-to-month,Yes,Mailed check,18.0,179.39,Yes
CUST09927,Female,0,No,Yes,15,Yes,Yes,DSL,No,Yes,No,Yes,Yes,No,One year,No,Electronic check,65.77,976.61,No
CUST09928,Female,0,No,No,17,Yes,Yes,Fiber optic,Yes,No,Yes,No,Yes,Yes,One year,Yes,Bank transfer (automatic),97.02,1584.42,No
CUST09929,Female,0,No,No,21,No,No phone service,Fiber optic,No,Yes,No,Yes,No,No,Month-to-month,No,Mailed check,78.31,1585.63,No
CUST09930,Female,0,Yes,No,0,Yes,Yes,Fiber optic,No,No,No,No,Yes,No,Month-to-month,Yes,Credit card (automatic),72.69,69.52,Yes
CUST09931,Male,0,Yes,No,36,Yes,Yes,DSL,No,No,No,Yes,Yes,Yes,Two year,Yes,Bank transfer (automatic),57.94,1997.26,No
CUST09932,Male,0,No,No,6,Yes,No,No,No internet service,No internet service,No internet service,No internet service,No internet service,No internet service,Month-to-month,Yes,Bank transfer (automatic),24.2,142.17,Yes
CUST09933,Male,0,No,Yes,12,No,No phone service,DSL,No,No,Yes,No,Yes,Yes,Month-to-month,Yes,Credit card (automatic),60.71,713.09,No
CUST09934,Male,0,No,No,36,Yes,No,No,No internet service,No internet service,No internet service,No internet service,No internet service,No internet service,Month-to-month,No,Mailed check,18.67,657.46,No
CUST09935,Male,0,No,No,72,Yes,No,No,No internet service,No internet service,No internet service,No internet service,No internet service,No internet service,Two year,No,Bank transfer (automatic),18.47,1265.8,No
CUST09936,Female,0,Yes,Yes,31,No,No phone service,DSL,No,No,No,No,No,Yes,One year,Yes,Credit card (automatic),46.49,1418.53,No
CUST09937,Male,0,No,No,0,Yes,Yes,No,No internet service,No internet service,No internet service,No internet service,No internet service,No internet service,One year,No,Electronic check,27.42,26.08,No
CUST09938,Male,1,Yes,No,9,Yes,No,Fiber optic,No,No,Yes,Yes,No,No,Month-to-month,Yes,Electronic check,78.18,703.29,No
CUST09939,Male,0,No,Yes,5,Yes,No,No,No internet service,No internet service,No internet service,No internet service,No internet service,No internet service,One year,Yes,Mailed check,20.5,101.63,No
CUST09940,Male,1,No,Yes,66,Yes,No,Fiber optic,No,Yes,No,No,No,Yes,One year,Yes,Mailed check,76.93,5058.24,No
CUST09941,Male,1,No,No,6,Yes,Yes,DSL,Yes,No,Yes,No,No,Yes,Two year,No,Electronic check,63.99,380.02,No
CUST09942,Male,0,No,No,57,Yes,Yes,No,No internet service,No internet service,No internet service,No internet service,No internet service,No internet service,Month-to-month,Yes,Electronic check,29.51,1624.74,No
CUST09943,Male,0,No,No,55,Yes,Yes,No,No internet service,No internet service,No internet service,No internet service,No internet service,No internet service,Month-to-month,Yes,Electronic check,21.61,1140.76,No
CUST09944,Female,1,Yes,No,36,Yes,No,DSL,Yes,No,No,Yes,Yes,No,Two year,No,Mailed check,60.21,2112.5,No
CUST09945,Female,0,Yes,No,2,Yes,Yes,No,No internet service,No internet service,No internet service,No internet service,No internet service,No internet service,Two year,No,Bank transfer (automatic),24.41,48.32,No
CUST09946,Male,0,No,Yes,0,Yes,No,No,No internet service,No internet service,No internet service,No internet service,No internet service,No internet service,Month-to-month,No,Credit card (automatic),23.55,22.99,Yes
CUST09947,Female,1,Yes,Yes,31,No,No phone service,Fiber optic,No,No,No,No,Yes,No,Month-to-month,No,Mailed check,70.09,2096.76,Yes
CUST09948,Female,0,Yes,Yes,37,Yes,Yes,DSL,No,Yes,No,Yes,Yes,No,Two year,No,Electronic check,57.51,2049.28,No
CUST09949,Female,0,Yes,No,65,Yes,No,Fiber optic,No,No,Yes,No,No,No,Month-to-month,Yes,Bank transfer (automatic),69.66,4411.28,No
CUST09950,Female,0,No,No,4,No,No phone service,No,No internet service,No internet service,No internet service,No internet service,No internet service,No internet service,Month-to-month,Yes,Mailed check,19.92,77.29,No
CUST09951,Male,0,Yes,No,26,Yes,No,DSL,No,No,No,No,Yes,No,Month-to-month,No,Credit card (automatic),44.36,1131.78,Yes
CUST09952,Female,0,No,No,14,Yes,No,Fiber optic,No,No,Yes,Yes,No,No,Month-to-month,No,Mailed check,86.49,1151.09,No
CUST09953,Female,0,No,No,7,Yes,No,Fiber optic,No,Yes,Yes,Yes,No,No,One year,Yes,Bank transfer (automatic),83.55,574.1,No
CUST09954,Female,0,No,Yes,18,Yes,Yes,DSL,Yes,No,Yes,Yes,Yes,No,Month-to-month,Yes,Electronic check,71.09,1246.04,No
CUST09955,Male,0,Yes,No,15,Yes,Yes,Fiber optic,No,No,No,Yes,Yes,Yes,Month-to-month,No,Credit card (automatic),93.33,1385.98,No
CUST09956,Male,0,No,Yes,6,Yes,No,DSL,Yes,No,No,Yes,Yes,No,Month-to-month,Yes,Electronic check,62.94,364.18,No
CUST09957,Male,0,No,No,6,Yes,No,Fiber optic,Yes,Yes,No,No,No,Yes,Two year,Yes,Electronic check,88.28,523.98,No
CUST09958,Male,0,No,No,13,Yes,Yes,Fiber optic,No,No,Yes,No,No,No,Two year,No,Electronic check,71.83,931.75,No
CUST09959,Male,0,No,Yes,12,Yes,No,DSL,No,Yes,No,No,No,No,Two year,Yes,Electronic check,44.23,516.27,No
CUST09960,Male,0,No,No,7,Yes,No,No,No internet service,No internet service,No internet service,No internet service,No internet service,No internet service,One year,Yes,Electronic check,25.43,172.36,Yes
CUST09961,Male,0,Yes,Yes,6,No,No phone service,Fiber optic,No,No,Yes,No,No,No,Month-to-month,Yes,Electronic check,75.98,452.59,No
CUST09962,Female,1,No,No,61,Yes,No,Fiber optic,No,Yes,No,Yes,No,No,Two year,No,Bank transfer (automatic),89.7,5262.56,No
CUST09963,Female,0,Yes,Yes,39,Yes,Yes,No,No internet service,No internet service,No internet service,No internet service,No internet service,No internet service,Two year,Yes,Mailed check,21.28,818.83,No
CUST09964,Female,0,Yes,No,33,Yes,No,DSL,No,No,Yes,Yes,Yes,No,Two year,Yes,Bank transfer (automatic),55.95,1806.9,No
CUST09965,Male,0,No,No,4,Yes,No,DSL,No,No,No,No,Yes,No,Month-to-month,Yes,Credit card (automatic),48.85,189.84,No
CUST09966,Male,0,Yes,No,4,Yes,Yes,DSL,No,Yes,Yes,No,Yes,Yes,Month-to-month,Yes,Mailed check,59.0,226.47,No
CUST09967,Male,0,Yes,No,33,Yes,No,DSL,Yes,No,No,No,No,No,One year,Yes,Bank transfer (automatic),48.98,1536.6,Yes
CUST09968,Male,0,No,Yes,4,Yes,No,No,No internet service,No internet service,No internet service,No internet service,No internet service,No internet service,Month-to-month,Yes,Bank transfer (automatic),18.0,70.34,No
CUST09969,Male,0,No,No,14,Yes,Yes,Fiber optic,No,No,Yes,No,No,Yes,Month-to-month,Yes,Electronic check,75.03,1000.94,No
CUST09970,Female,0,Yes,No,5,Yes,Yes,No,No internet service,No internet service,No internet service,No internet service,No internet service,No internet service,One year,No,Mailed check,24.0,114.64,No
CUST09971,Female,0,No,No,9,Yes,No,Fiber optic,No,Yes,No,Yes,Yes,No,Month-to-month,Yes,Mailed check,79.51,701.44,No
CUST09972,Male,0,Yes,No,38,Yes,No,DSL,No,No,No,Yes,No,No,Two year,Yes,Bank transfer (automatic),53.07,1940.1,No
CUST09973,Male,0,Yes,Yes,44,Yes,No,Fiber optic,No,No,No,No,No,Yes,Month-to-month,Yes,Mailed check,69.81,3023.91,No
CUST09974,Male,1,Yes,No,72,Yes,Yes,DSL,No,Yes,No,No,No,No,One year,Yes,Mailed check,50.42,3475.6,No
CUST09975,Male,0,Yes,No,57,Yes,No,DSL,Yes,No,Yes,Yes,No,Yes,Month-to-month,No,Electronic check,63.89,3472.47,No
CUST09976,Female,0,Yes,No,22,Yes,Yes,Fiber optic,Yes,Yes,Yes,No,No,No,Two year,No,Mailed check,86.56,1859.0,No
CUST09977,Male,0,Yes,No,11,Yes,Yes,Fiber optic,No,Yes,No,Yes,No,No,Month-to-month,No,Electronic check,80.01,846.6,No
CUST09978,Male,1,No,Yes,1,No,No phone service,Fiber optic,No,No,No,Yes,Yes,No,Two year,Yes,Mailed check,76.64,74.44,No
CUST09979,Male,0,No,No,18,No,No phone service,DSL,Yes,No,No,No,Yes,No,Month-to-month,No,Credit card (automatic),60.81,1045.83,No
CUST09980,Male,1,No,Yes,4,Yes,No,Fiber optic,No,Yes,Yes,No,No,Yes,Month-to-month,Yes,Electronic check,77.9,300.58,No
CUST09981,Female,1,No,No,37,Yes,No,DSL,No,Yes,Yes,Yes,Yes,Yes,One year,No,Electronic check,65.63,2314.09,No
CUST09982,Male,0,Yes,No,15,Yes,No,Fiber optic,No,No,Yes,No,No,Yes,Two year,Yes,Bank transfer (automatic),72.63,1079.14,No
CUST09983,Male,0,No,Yes,26,Yes,No,Fiber optic,No,No,No,Yes,No,Yes,Month-to-month,Yes,Bank transfer (automatic),75.27,1859.59,No
CUST09984,Female,0,No,No,22,Yes,No,DSL,Yes,Yes,Yes,No,No,No,Month-to-month,Yes,Mailed check,59.24,1300.65,Yes
CUST09985,Female,0,Yes,Yes,8,Yes,Yes,DSL,No,Yes,No,No,Yes,Yes,Month-to-month,Yes,Credit card (automatic),51.04,393.46,No
CUST09986,Female,0,Yes,No,28,Yes,Yes,DSL,Yes,No,Yes,No,Yes,Yes,Month-to-month,Yes,Mailed check,68.13,1819.69,No
CUST09987,Male,0,No,No,37,Yes,Yes,DSL,No,No,No,No,Yes,Yes,Two year,No,Electronic check,60.99,2240.29,No
CUST09988,Male,1,No,No,27,Yes,Yes,DSL,No,No,No,No,Yes,No,Month-to-month,Yes,Mailed check,56.07,1488.79,No
CUST09989,Female,0,No,No,29,Yes,No,No,No internet service,No internet service,No internet service,No internet service,No internet service,No internet service,One year,Yes,Mailed check,18.0,518.16,No
CUST09990,Female,1,Yes,No,8,No,No phone service,DSL,Yes,Yes,Yes,Yes,No,No,Month-to-month,Yes,Mailed check,63.73,498.27,No
CUST09991,Female,0,Yes,Yes,57,Yes,Yes,No,No internet service,No internet service,No internet service,No internet service,No internet service,No internet service,Month-to-month,No,Credit card (automatic),22.23,1220.08,No
CUST09992,Female,0,No,No,11,Yes,No,Fiber optic,No,Yes,No,No,No,No,Month-to-month,Yes,Mailed check,79.41,834.14,No
CUST09993,Female,1,No,Yes,45,Yes,No,Fiber optic,Yes,No,Yes,No,Yes,Yes,Month-to-month,Yes,Bank transfer (automatic),90.01,3958.72,Yes
CUST09994,Female,0,Yes,No,39,Yes,No,No,No internet service,No internet service,No internet service,No internet service,No internet service,No internet service,Month-to-month,Yes,Mailed check,18.0,689.62,No
CUST09995,Male,0,Yes,No,2,Yes,Yes,Fiber optic,No,Yes,Yes,No,No,Yes,Month-to-month,Yes,Bank transfer (automatic),87.75,170.65,Yes
CUST09996,Male,0,No,No,67,No,No phone service,DSL,No,Yes,No,No,No,Yes,Two year,No,Electronic check,57.97,3754.34,No
CUST09997,Male,0,No,Yes,72,Yes,No,DSL,No,Yes,No,No,No,No,Month-to-month,Yes,Credit card (automatic),52.88,3778.57,No
CUST09998,Female,0,Yes,Yes,18,Yes,Yes,Fiber optic,No,No,No,No,No,No,Month-to-month,Yes,Bank transfer (automatic),72.9,1288.58,No
CUST09999,Female,0,No,Yes,30,Yes,No,DSL,No,No,Yes,No,No,No,Month-to-month,Yes,Electronic check,57.45,1650.38,No
CUST10000,Female,0,No,No,54,Yes,No,Fiber optic,Yes,No,Yes,Yes,No,No,Month-to-month,No,Electronic check,84.59,4549.04,No
CUST10001,Female,1,No,Yes,0,Yes,No,No,No internet service,No internet service,No internet service,No internet service,No internet service,No internet service,Month-to-month,No,Bank transfer (automatic),18.0,17.25,Yes
CUST10002,Female,0,Yes,No,53,Yes,No,Fiber optic,No,No,No,No,No,No,Month-to-month,Yes,Electronic check,70.2,3700.54,No
CUST10003,Female,1,Yes,No,19,Yes,Yes,DSL,No,No,No,Yes,Yes,Yes,Two year,No,Mailed check,55.65,1006.7,No
CUST10004,Male,0,No,No,35,No,No phone service,DSL,No,Yes,No,No,No,Yes,Two year,No,Bank transfer (automatic),58.23,2035.08,No
CUST10005,Male,0,Yes,No,15,Yes,No,DSL,No,No,Yes,Yes,No,Yes,Two year,Yes,Credit card (automatic),65.95,964.56,No
CUST10006,Female,0,No,No,15,Yes,Yes,Fiber optic,Yes,No,No,Yes,No,Yes,Month-to-month,Yes,Credit card (automatic),88.48,1269.01,No
CUST10007,Male,0,No,Yes,45,Yes,No,Fiber optic,No,Yes,Yes,Yes,No,No,Month-to-month,Yes,Bank transfer (automatic),78.64,3381.01,No
CUST10008,Female,1,Yes,No,14,Yes,No,Fiber optic,Yes,No,No,No,No,No,Two year,No,Electronic check,77.81,1057.64,No
CUST10009,Male,0,No,No,12,No,No phone service,DSL,Yes,No,No,No,No,No,One year,Yes,Electronic check,65.27,760.66,No
CUST10010,Female,0,No,Yes,18,Yes,No,DSL,Yes,Yes,Yes,Yes,Yes,Yes,Month-to-month,Yes,Mailed check,72.73,1281.71,No
CUST10011,Female,0,No,No,14,Yes,No,No,No internet service,No internet service,No internet service,No internet service,No internet service,No internet service,Month-to-month,Yes,Credit card (automatic),19.38,262.6,No
CUST10012,Male,0,Yes,No,11,Yes,No,DSL,No,No,No,No,No,No,Month-to-month,No,Mailed check,45.03,483.17,No
CUST10013,Male,1,No,Yes,3,Yes,No,Fiber optic,No,No,Yes,No,Yes,No,One year,Yes,Bank transfer (automatic),81.67,240.16,No
CUST10014,Female,1,Yes,Yes,10,Yes,No,DSL,No,Yes,Yes,No,No,Yes,Two year,No,Credit card (automatic),56.56,561.7,No
CUST10015,Female,0,No,Yes,6,Yes,No,DSL,No,Yes,No,Yes,Yes,Yes,Month-to-month,No,Electronic check,70.97,424.94,No
CUST10016,Male,0,No,No,10,Yes,Yes,No,No internet service,No internet service,No internet service,No internet service,No internet service,No internet service,Month-to-month,No,Credit card (automatic),29.72,295.46,Yes
CUST10017,Male,0,Yes,No,17,No,No phone service,DSL,No,Yes,Yes,No,No,No,Month-to-month,No,Electronic check,49.0,794.76,No
CUST10018,Female,0,No,Yes,18,Yes,No,Fiber optic,Yes,No,Yes,No,Yes,No,Month-to-month,No,Bank transfer (automatic),85.02,1476.9,No
CUST10019,Male,1,No,No,5,Yes,Yes,Fiber optic,No,No,No,Yes,Yes,Yes,One year,Yes,Bank transfer (automatic),84.39,403.59,No
CUST10020,Female,0,Yes,No,1,Yes,Yes,Fiber optic,Yes,Yes,Yes,No,Yes,Yes,One year,Yes,Mailed check,90.6,88.74,No
CUST10021,Female,0,Yes,No,27,Yes,Yes,No,No internet service,No internet service,No internet service,No internet service,No internet service,No internet service,Month-to-month,Yes,Bank transfer (automatic),27.9,742.63,No
CUST10022,Female,0,No,No,15,Yes,Yes,DSL,Yes,No,Yes,No,No,No,One year,Yes,Electronic check,56.13,829.77,No
CUST10023,Female,1,Yes,Yes,11,Yes,Yes,DSL,No,Yes,Yes,Yes,No,Yes,Month-to-month,No,Electronic check,63.91,683.86,No
CUST10024,Male,0,Yes,No,2,Yes,No,DSL,No,No,Yes,No,No,No,One year,No,Electronic check,44.67,87.59,No
CUST10025,Male,0,No,No,10,Yes,No,Fiber optic,Yes,No,No,No,Yes,No,One year,No,Bank transfer (automatic),80.51,776.12,No
CUST10026,Male,0,No,No,34,Yes,Yes,Fiber optic,No,Yes,Yes,No,Yes,No,Month-to-month,Yes,Credit card (automatic),84.9,2839.49,No
CUST10027,Male,0,No,Yes,17,Yes,No,No,No internet service,No internet service,No internet service,No internet service,No internet service,No internet service,One year,Yes,Bank transfer (automatic),24.85,404.6,No
CUST10028,Male,0,Yes,Yes,1,Yes,Yes,DSL,Yes,Yes,No,Yes,Yes,No,Month-to-month,No,Bank transfer (automatic),67.54,64.51,Yes
CUST10029,Male,0,Yes,No,8,Yes,No,Fiber optic,No,No,No,No,No,Yes,Month-to-month,No,Mailed check,79.87,618.94,No
CUST10030,Male,0,Yes,No,72,Yes,No,DSL,No,No,No,No,Yes,No,Month-to-month,No,Bank transfer (automatic),50.29,3581.67,No
CUST10031,Female,0,No,No,15,Yes,No,DSL,No,No,No,No,No,No,Month-to-month,Yes,Bank transfer (automatic),50.76,733.34,No
CUST10032,Male,0,No,No,6,Yes,Yes,Fiber optic,Yes,Yes,Yes,No,No,Yes,Two year,Yes,Electronic check,92.47,532.59,No
CUST10033,Male,0,Yes,Yes,48,Yes,No,No,No internet service,No internet service,No internet service,No internet service,No internet service,No internet service,Month-to-month,No,Bank transfer (automatic),27.94,1334.8,No
CUST10034,Female,0,Yes,No,8,Yes,No,DSL,No,No,No,No,No,Yes,One year,No,Electronic check,44.49,348.25,No
CUST10035,Male,0,No,Yes,26,Yes,Yes,DSL,No,Yes,Yes,No,No,No,Two year,No,Electronic check,57.61,1437.6,No
CUST10036,Male,0,No,No,3,Yes,Yes,Fiber optic,Yes,No,No,Yes,No,No,Month-to-month,Yes,Electronic check,77.13,221.98,No
CUST10037,Female,0,Yes,No,3,No,No phone service,Fiber optic,No,No,Yes,No,No,No,Month-to-month,Yes,Electronic check,75.05,215.22,No
CUST10038,Male,1,No,Yes,16,Yes,Yes,No,No internet service,No internet service,No internet service,No internet service,No internet service,No internet service,Month-to-month,No,Mailed check,24.24,370.85,Yes
CUST10039,Male,0,Yes,Yes,5,Yes,No,DSL,Yes,No,No,No,No,Yes,Month-to-month,No,Mailed check,53.22,263.48,No
CUST10040,Male,0,No,No,1,Yes,No,Fiber optic,Yes,No,No,No,No,No,Month-to-month,No,Credit card (automatic),72.16,71.45,Yes
CUST10041,Female,0,No,No,52,Yes,Yes,DSL,Yes,Yes,Yes,Yes,No,No,One year,Yes,Bank transfer (automatic),72.11,3741.03,No
CUST10042,Male,0,No,No,1,Yes,Yes,Fiber optic,Yes,No,Yes,Yes,Yes,Yes,Month-to-month,Yes,Credit card (automatic),94.56,91.24,Yes
CUST10043,Male,0,Yes,No,25,Yes,Yes,DSL,No,No,No,No,No,Yes,One year,Yes,Bank transfer (automatic),52.93,1295.02,No
CUST10044,Female,0,Yes,No,8,Yes,No,DSL,No,No,No,No,No,No,Month-to-month,No,Bank transfer (automatic),47.41,370.5,Yes
CUST10045,Male,0,No,No,54,Yes,No,No,No internet service,No internet service,No internet service,No internet service,No internet service,No internet service,Month-to-month,Yes,Credit card (automatic),21.3,1098.56,Yes
CUST10046,Female,0,Yes,No,72,Yes,Yes,Fiber optic,No,No,No,Yes,No,No,Month-to-month,No,Electronic check,73.86,5191.44,No
CUST10047,Female,0,No,No,8,Yes,No,DSL,No,No,No,No,Yes,Yes,Month-to-month,Yes,Bank transfer (automatic),63.52,488.14,No
CUST10048,Male,0,No,Yes,17,Yes,Yes,No,No internet service,No internet service,No internet service,No internet service,No internet service,No internet service,Month-to-month,Yes,Credit card (automatic),24.57,401.89,No
CUST10049,Female,0,No,Yes,29,Yes,Yes,Fiber optic,No,Yes,No,No,Yes,No,One year,Yes,Credit card (automatic),78.4,2253.26,No
CUST10050,Female,0,No,No,2,Yes,Yes,DSL,No,No,No,Yes,Yes,Yes,One year,No,Mailed check,54.26,104.71,No
CUST10051,Male,0,No,No,24,Yes,Yes,Fiber optic,Yes,Yes,No,No,No,Yes,Month-to-month,No,Mailed check,78.98,1874.62,No
CUST10052,Female,0,No,No,47,No,No phone service,Fiber optic,Yes,Yes,Yes,No,Yes,Yes,One year,Yes,Electronic check,97.48,4366.96,No
CUST10053,Female,1,Yes,Yes,3,No,No phone service,DSL,No,No,Yes,No,No,No,Month-to-month,Yes,Credit card (automatic),57.43,168.34,No
CUST10054,Male,0,Yes,Yes,36,Yes,No,No,No internet service,No internet service,No internet service,No internet service,No internet service,No internet service,Month-to-month,Yes,Credit card (automatic),18.0,636.54,No
CUST10055,Male,0,Yes,Yes,2,Yes,Yes,Fiber optic,No,No,No,Yes,No,No,Two year,Yes,Credit card (automatic),64.11,126.86,No
CUST10056,Male,0,Yes,Yes,16,Yes,Yes,No,No internet service,No internet service,No internet service,No internet service,No internet service,No internet service,Two year,Yes,Electronic check,18.0,284.61,No
CUST10057,Female,1,No,No,8,Yes,Yes,Fiber optic,No,No,Yes,No,No,Yes,Two year,No,Electronic check,90.02,693.51,No
CUST10058,Male,0,No,No,12,Yes,No,Fiber optic,Yes,No,Yes,No,No,No,Month-to-month,No,Credit card (automatic),83.09,979.41,No
CUST10059,Female,0,No,No,7,Yes,Yes,DSL,No,No,No,No,No,No,Two year,Yes,Bank transfer (automatic),43.6,292.7,No
CUST10060,Female,1,No,No,6,No,No phone service,Fiber optic,Yes,Yes,Yes,No,No,No,One year,No,Bank transfer (automatic),77.89,447.7,No
CUST10061,Female,1,No,No,27,Yes,Yes,Fiber optic,No,No,No,No,Yes,No,Month-to-month,Yes,Mailed check,75.15,1947.35,Yes
CUST10062,Female,0,No,Yes,5,Yes,Yes,DSL,No,No,Yes,No,Yes,Yes,Two year,No,Bank transfer (automatic),57.43,275.77,No
CUST10063,Female,0,Yes,No,10,Yes,No,Fiber optic,No,No,No,No,No,No,Two year,No,Electronic check,65.94,631.49,No
CUST10064,Female,0,No,No,6,Yes,Yes,DSL,No,No,Yes,No,No,No,One year,No,Credit card (automatic),51.33,297.69,No
CUST10065,Female,0,Yes,Yes,5,Yes,Yes,No,No internet service,No internet service,No internet service,No internet service,No internet service,No internet service,Two year,No,Credit card (automatic),18.0,88.71,No
CUST10066,Male,0,No,No,19,Yes,No,No,No internet service,No internet service,No internet service,No internet service,No internet service,No internet service,Month-to-month,Yes,Credit card (automatic),25.17,473.09,No
CUST10067,Male,0,Yes,No,0,Yes,No,Fiber optic,No,No,No,Yes,No,No,One year,Yes,Electronic check,68.5,66.26,No
CUST10068,Female,0,No,Yes,31,No,No phone service,DSL,No,No,Yes,No,No,Yes,Month-to-month,Yes,Credit card (automatic),61.25,1872.85,Yes
CUST10069,Female,0,No,Yes,15,Yes,No,Fiber optic,Yes,No,No,No,Yes,No,Two year,No,Bank transfer (automatic),68.02,1008.61,No
CUST10070,Male,0,No,No,35,Yes,No,Fiber optic,Yes,No,No,No,Yes,No,One year,No,Electronic check,78.35,2658.21,No
CUST10071,Female,0,No,Yes,4,Yes,No,No,No internet service,No internet service,No internet service,No internet service,No internet service,No internet service,Two year,No,Credit card (automatic),19.16,76.62,No
CUST10072,Male,0,No,Yes,24,Yes,No,DSL,No,Yes,Yes,No,No,Yes,Month-to-month,Yes,Electronic check,65.5,1536.83,No
CUST10073,Male,0,Yes,No,10,Yes,No,Fiber optic,Yes,Yes,No,Yes,Yes,No,One year,Yes,Bank transfer (automatic),94.68,932.65,No
CUST10074,Male,1,Yes,No,1,Yes,No,DSL,No,No,No,No,No,Yes,Month-to-month,Yes,Credit card (automatic),55.64,53.14,Yes
CUST10075,Female,0,No,No,27,Yes,No,No,No internet service,No internet service,No internet service,No internet service,No internet service,No internet service,One year,Yes,Mailed check,19.6,517.67,No
CUST10076,Female,0,Yes,No,28,Yes,No,No,No internet service,No internet service,No internet service,No internet service,No internet service,No internet service,Two year,No,Bank transfer (automatic),25.47,703.63,No
CUST10077,Male,1,Yes,No,6,Yes,Yes,No,No internet service,No internet service,No internet service,No internet service,No internet service,No internet service,Month-to-month,Yes,Electronic check,18.0,105.47,No
CUST10078,Male,0,No,No,49,Yes,Yes,Fiber optic,Yes,Yes,Yes,No,Yes,Yes,Month-to-month,Yes,Mailed check,86.79,4220.48,Yes
CUST10079,Male,0,Yes,No,28,Yes,Yes,Fiber optic,No,Yes,No,No,Yes,No,Month-to-month,Yes,Electronic check,89.32,2385.15,No
CUST10080,Male,1,Yes,No,7,Yes,No,No,No internet service,No internet service,No internet service,No internet service,No internet service,No internet service,Month-to-month,No,Bank transfer (automatic),23.14,161.07,No
CUST10081,Male,0,Yes,Yes,5,No,No phone service,Fiber optic,No,No,Yes,No,No,No,Month-to-month,Yes,Bank transfer (automatic),69.37,342.87,No
CUST10082,Female,0,Yes,No,11,Yes,No,DSL,No,No,No,No,No,No,Month-to-month,No,Bank transfer (automatic),47.49,496.36,No
CUST10083,Male,0,No,No,6,Yes,No,No,No internet service,No internet service,No internet service,No internet service,No internet service,No internet service,Month-to-month,Yes,Bank transfer (automatic),18.0,103.04,Yes
CUST10084,Female,0,No,No,4,Yes,Yes,Fiber optic,No,No,Yes,Yes,Yes,Yes,Two year,Yes,Bank transfer (automatic),93.82,358.5,No
CUST10085,Male,0,No,No,10,No,No phone service,Fiber optic,No,Yes,No,No,No,Yes,Two year,Yes,Credit card (automatic),77.93,756.31,No
CUST10086,Female,1,Yes,No,0,Yes,No,DSL,No,Yes,No,No,Yes,No,One year,No,Mailed check,54.23,51.89,No
CUST10087,Female,0,No,No,10,Yes,No,DSL,No,No,No,No,No,No,Month-to-month,No,Mailed check,45.05,428.89,Yes
CUST10088,Female,0,Yes,Yes,5,Yes,Yes,Fiber optic,Yes,No,No,No,No,No,Two year,Yes,Mailed check,81.64,404.61,No
CUST10089,Female,0,No,No,6,Yes,Yes,Fiber optic,No,No,No,No,No,No,Month-to-month,Yes,Mailed check,77.4,446.17,Yes
CUST10090,Female,0,No,No,1,Yes,No,Fiber optic,No,No,Yes,No,Yes,No,One year,Yes,Credit card (automatic),78.31,76.76,No
CUST10091,Female,0,No,Yes,17,Yes,No,DSL,No,No,Yes,Yes,No,No,Month-to-month,Yes,Credit card (automatic),47.73,794.74,No
CUST10092,Male,0,No,Yes,12,No,No phone service,Fiber optic,No,Yes,No,No,No,Yes,Month-to-month,No,Electronic check,76.47,908.61,No
CUST10093,Female,0,Yes,No,27,Yes,No,No,No internet service,No internet service,No internet service,No internet service,No internet service,No internet service,One year,Yes,Mailed check,23.15,610.71,No
CUST10094,Male,0,Yes,No,72,Yes,No,Fiber optic,No,No,No,No,No,Yes,Month-to-month,Yes,Mailed check,68.92,4955.36,Yes
CUST10095,Female,0,No,Yes,2,Yes,No,No,No internet service,No internet service,No internet service,No internet service,No internet service,No internet service,Two year,Yes,Credit card (automatic),30.29,59.16,No
CUST10096,Female,0,Yes,No,6,Yes,No,DSL,No,No,No,No,Yes,Yes,One year,Yes,Credit card (automatic),46.88,276.69,No
CUST10097,Male,0,Yes,Yes,22,Yes,Yes,No,No internet service,No internet service,No internet service,No internet service,No internet service,No internet service,Month-to-month,Yes,Credit card (automatic),18.0,394.15,No
CUST10098,Female,0,Yes,No,5,No,No phone service,Fiber optic,No,Yes,Yes,No,No,Yes,One year,Yes,Electronic check,76.87,378.97,No
CUST10099,Male,0,Yes,No,0,Yes,Yes,Fiber optic,No,Yes,No,Yes,No,No,Month-to-month,Yes,Electronic check,81.46,80.36,Yes
CUST10100,Male,0,No,Yes,2,Yes,No,DSL,No,No,No,No,Yes,Yes,Month-to-month,Yes,Credit card (automatic),50.78,96.78,Yes
CUST10101,Male,0,No,Yes,11,Yes,Yes,No,No internet service,No internet service,No internet service,No internet service,No internet service,No internet service,Month-to-month,Yes,Mailed check,21.49,225.57,No
CUST10102,Male,0,Yes,No,11,Yes,No,No,No internet service,No internet service,No internet service,No internet service,No internet service,No internet service,Month-to-month,Yes,Mailed check,22.02,233.44,No
CUST10103,Female,1,Yes,No,71,Yes,Yes,No,No internet service,No internet service,No internet service,No internet service,No internet service,No internet service,Month-to-month,Yes,Mailed check,22.73,1578.55,No
CUST10104,Female,0,No,Yes,12,Yes,No,Fiber optic,No,Yes,Yes,No,Yes,Yes,Month-to-month,No,Credit card (automatic),83.82,1000.03,Yes
CUST10105,Male,0,No,No,22,Yes,No,DSL,No,No,Yes,No,Yes,No,Month-to-month,No,Credit card (automatic),53.38,1120.79,No
CUST10106,Female,0,No,No,13,Yes,No,DSL,No,Yes,Yes,Yes,No,No,Month-to-month,No,Credit card (automatic),68.12,847.57,No
CUST10107,Female,0,No,No,6,No,No phone service,DSL,No,Yes,No,No,No,Yes,Two year,Yes,Credit card (automatic),50.1,293.52,No
CUST10108,Male,0,No,No,2,Yes,No,DSL,Yes,No,Yes,Yes,No,No,Month-to-month,Yes,Electronic check,56.55,108.23,Yes
CUST10109,Female,0,No,No,39,Yes,Yes,Fiber optic,Yes,No,No,No,No,Yes,Month-to-month,No,Bank transfer (automatic),78.89,2994.99,Yes
CUST10110,Male,0,No,No,3,Yes,No,Fiber optic,No,No,No,Yes,No,No,Month-to-month,Yes,Bank transfer (automatic),76.64,228.81,No
CUST10111,Male,1,Yes,Yes,2,Yes,No,Fiber optic,Yes,No,No,No,No,No,Month-to-month,No,Electronic check,71.74,141.66,Yes
CUST10112,Female,1,No,No,4,Yes,No,DSL,No,No,No,Yes,No,No,Two year,No,Bank transfer (automatic),51.16,202.05,No
CUST10113,Female,0,Yes,No,0,Yes,Yes,DSL,No,Yes,Yes,No,No,No,One year,No,Bank transfer (automatic),56.26,54.62,No
CUST10114,Female,0,No,Yes,1,No,No phone service,Fiber optic,No,Yes,No,No,Yes,Yes,Two year,Yes,Bank transfer (automatic),89.23,87.78,No
CUST10115,Male,0,No,No,20,No,No phone service,No,No internet service,No internet service,No internet service,No internet service,No internet service,No internet service,Month-to-month,No,Mailed check,23.98,473.29,Yes
CUST10116,Male,0,No,Yes,5,Yes,No,No,No internet service,No internet service,No internet service,No internet service,No internet service,No internet service,One year,Yes,Electronic check,18.0,85.59,No
CUST10117,Female,0,Yes,No,8,Yes,Yes,DSL,No,Yes,No,No,No,No,Two year,Yes,Electronic check,51.6,408.97,No
CUST10118,Female,0,No,No,36,Yes,Yes,Fiber optic,Yes,No,No,Yes,Yes,No,Month-to-month,No,Electronic check,82.61,2957.9,No
CUST10119,Female,0,Yes,No,29,Yes,No,Fiber optic,Yes,Yes,Yes,No,No,No,Month-to-month,Yes,Mailed check,77.88,2159.29,Yes
CUST10120,Female,0,Yes,No,13,Yes,No,Fiber optic,Yes,No,No,Yes,No,Yes,Month-to-month,Yes,Electronic check,91.14,1175.4,No
CUST10121,Male,0,Yes,Yes,18,Yes,Yes,DSL,Yes,Yes,No,No,No,No,Two year,Yes,Mailed check,48.5,844.99,No
CUST10122,Female,0,Yes,No,1,Yes,No,Fiber optic,No,No,No,No,No,No,Month-to-month,Yes,Mailed check,61.83,59.72,Yes
CUST10123,Male,0,Yes,No,28,Yes,No,DSL,No,Yes,Yes,Yes,No,No,One year,No,Mailed check,56.76,1557.89,No
CUST10124,Male,0,No,Yes,14,Yes,No,Fiber optic,Yes,No,No,No,No,Yes,Month-to-month,Yes,Mailed check,78.81,1092.98,No
CUST10125,Female,0,No,No,16,Yes,No,Fiber optic,No,No,No,No,Yes,No,Two year,No,Bank transfer (automatic),72.62,1126.88,No
CUST10126,Female,0,Yes,Yes,21,Yes,Yes,Fiber optic,No,No,No,No,Yes,Yes,One year,No,Electronic check,92.23,1901.28,No
CUST10127,Female,1,Yes,No,13,Yes,No,Fiber optic,No,No,Yes,No,No,No,Two year,Yes,Credit card (automatic),73.16,942.93,No
CUST10128,Male,0,No,No,14,Yes,Yes,No,No internet service,No internet service,No internet service,No internet service,No internet service,No internet service,Two year,Yes,Mailed check,18.0,249.28,No
CUST10129,Female,0,No,No,13,Yes,No,DSL,No,No,No,No,Yes,Yes,One year,Yes,Bank transfer (automatic),57.87,725.09,No
CUST10130,Female,0,Yes,Yes,13,Yes,No,Fiber optic,No,Yes,No,No,No,No,One year,Yes,Electronic check,66.62,853.33,No
CUST10131,Male,0,No,No,27,No,No phone service,No,No internet service,No internet service,No internet service,No internet service,No internet service,No internet service,One year,Yes,Electronic check,18.0,477.19,No
CUST10132,Female,0,No,Yes,11,Yes,Yes,DSL,No,Yes,No,No,Yes,No,Month-to-month,Yes,Bank transfer (automatic),60.88,659.33,No
CUST10133,Male,0,Yes,No,0,Yes,Yes,Fiber optic,No,No,No,No,No,No,Month-to-month,Yes,Credit card (automatic),76.3,74.1,Yes
CUST10134,Female,0,Yes,No,18,Yes,No,DSL,Yes,Yes,No,Yes,No,No,Month-to-month,Yes,Credit card (automatic),54.09,925.93,No
CUST10135,Male,0,No,No,61,No,No phone service,Fiber optic,No,Yes,No,Yes,Yes,Yes,Month-to-month,Yes,Credit card (automatic),101.8,6005.16,Yes
CUST10136,Female,0,Yes,No,5,Yes,No,DSL,No,No,No,Yes,Yes,No,Two year,Yes,Mailed check,52.36,258.37,No
CUST10137,Female,0,No,No,33,Yes,No,Fiber optic,No,No,No,No,Yes,Yes,Month-to-month,No,Mailed check,73.25,2390.01,No
CUST10138,Male,0,Yes,No,12,Yes,No,Fiber optic,Yes,No,Yes,No,No,No,Two year,Yes,Bank transfer (automatic),82.22,980.23,No
CUST10139,Male,0,No,No,20,Yes,No,DSL,No,No,No,No,No,Yes,Month-to-month,Yes,Mailed check,47.72,917.7,No
CUST10140,Female,0,No,Yes,44,Yes,No,Fiber optic,No,No,No,No,Yes,No,Month-to-month,No,Credit card (automatic),71.57,3094.19,No
CUST10141,Male,0,Yes,No,29,Yes,Yes,Fiber optic,No,Yes,Yes,Yes,No,No,Month-to-month,No,Bank transfer (automatic),80.55,2242.65,No
CUST10142,Male,0,No,No,43,Yes,No,Fiber optic,No,No,No,No,Yes,No,Month-to-month,No,Mailed check,70.7,2914.01,No
CUST10143,Male,0,No,Yes,0,Yes,Yes,DSL,Yes,Yes,Yes,Yes,No,Yes,Month-to-month,Yes,Electronic check,72.8,71.71,Yes
CUST10144,Male,0,No,No,4,Yes,No,Fiber optic,Yes,Yes,No,No,No,Yes,One year,Yes,Electronic check,88.61,339.8,No
CUST10145,Female,1,No,No,11,Yes,Yes,DSL,No,No,No,Yes,No,Yes,One year,Yes,Credit card (automatic),55.09,576.67,No
CUST10146,Female,0,Yes,Yes,37,Yes,No,DSL,No,No,No,Yes,No,No,Two year,Yes,Mailed check,56.97,2066.39,No
CUST10147,Male,0,No,No,36,Yes,No,No,No internet service,No internet service,No internet service,No internet service,No internet service,No internet service,One year,Yes,Credit card (automatic),18.54,635.21,No
CUST10148,Male,0,Yes,No,4,Yes,Yes,Fiber optic,Yes,Yes,No,No,No,Yes,Two year,Yes,Bank transfer (automatic),87.88,343.38,No
CUST10149,Male,0,Yes,No,3,Yes,No,DSL,Yes,Yes,Yes,No,No,Yes,Two year,No,Electronic check,70.64,209.85,No
CUST10150,Male,1,Yes,Yes,36,Yes,No,DSL,No,No,No,Yes,Yes,No,Month-to-month,No,Mailed check,61.51,2108.53,Yes
CUST10151,Female,0,Yes,Yes,15,Yes,No,DSL,Yes,Yes,No,No,No,No,Month-to-month,Yes,Bank transfer (automatic),51.64,761.82,No
CUST10152,Female,0,Yes,Yes,19,Yes,Yes,No,No internet service,No internet service,No internet service,No internet service,No internet service,No internet service,Month-to-month,Yes,Credit card (automatic),19.56,354.41,No
CUST10153,Male,0,No,No,33,Yes,No,Fiber optic,No,No,Yes,No,Yes,No,Month-to-month,No,Electronic check,80.85,2617.72,No
CUST10154,Male,0,No,No,4,Yes,No,Fiber optic,No,No,Yes,No,No,No,Month-to-month,Yes,Credit card (automatic),87.67,348.42,No
CUST10155,Male,0,Yes,No,2,Yes,No,No,No internet service,No internet service,No internet service,No internet service,No internet service,No internet service,Two year,Yes,Mailed check,20.2,39.25,No
CUST10156,Female,1,Yes,No,39,Yes,Yes,No,No internet service,No internet service,No internet service,No internet service,No internet service,No internet service,Month-to-month,Yes,Electronic check,18.0,680.17,No
CUST10157,Male,0,No,Yes,2,Yes,Yes,No,No internet service,No internet service,No internet service,No internet service,No internet service,No internet service,Two year,No,Electronic check,28.81,57.11,No
CUST10158,Female,0,Yes,No,1,Yes,Yes,No,No internet service,No internet service,No internet service,No internet service,No internet service,No internet service,Month-to-month,Yes,Credit card (automatic),18.0,17.66,Yes
CUST10159,Male,1,Yes,No,6,Yes,No,No,No internet service,No internet service,No internet service,No internet service,No internet service,No internet service,Month-to-month,Yes,Bank transfer (automatic),20.33,118.63,No
CUST10160,Female,0,No,No,7,Yes,No,DSL,No,No,Yes,No,No,No,Two year,No,Electronic check,43.16,296.52,No
CUST10161,Male,0,Yes,No,5,Yes,Yes,DSL,Yes,No,No,No,No,No,Month-to-month,No,Mailed check,51.15,246.81,No
CUST10162,Female,0,Yes,No,27,Yes,No,No,No internet service,No internet service,No internet service,No internet service,No internet service,No internet service,Two year,Yes,Electronic check,24.5,658.59,No
CUST10163,Male,0,No,No,72,Yes,No,DSL,Yes,No,No,No,Yes,Yes,Month-to-month,No,Electronic check,54.8,3749.59,No
CUST10164,Male,0,No,Yes,4,Yes,Yes,DSL,No,Yes,Yes,Yes,No,No,Two year,No,Electronic check,65.31,251.68,No
CUST10165,Male,0,Yes,No,30,Yes,Yes,DSL,Yes,No,No,No,No,Yes,Two year,Yes,Mailed check,61.45,1828.6,No
CUST10166,Female,0,No,No,0,No,No phone service,Fiber optic,No,Yes,No,No,No,Yes,One year,Yes,Bank transfer (automatic),83.41,80.07,No
CUST10167,Male,0,No,Yes,2,Yes,Yes,Fiber optic,No,No,No,No,No,No,Two year,No,Electronic check,67.44,129.72,No
CUST10168,Female,0,Yes,No,14,Yes,No,DSL,No,No,No,No,Yes,Yes,Month-to-month,No,Electronic check,54.38,744.64,Yes
CUST10169,Female,0,Yes,Yes,72,Yes,Yes,Fiber optic,No,Yes,No,No,No,No,Month-to-month,Yes,Mailed check,71.55,5068.17,No
CUST10170,Male,0,Yes,Yes,59,Yes,No,No,No internet service,No internet service,No internet service,No internet service,No internet service,No internet service,Month-to-month,No,Electronic check,18.0,1011.12,Yes
CUST10171,Male,0,Yes,No,2,Yes,No,Fiber optic,No,No,Yes,No,Yes,No,Month-to-month,No,Electronic check,83.87,166.3,Yes
CUST10172,Male,0,Yes,Yes,5,Yes,No,Fiber optic,No,No,No,No,No,Yes,Month-to-month,Yes,Credit card (automatic),79.21,387.5,No
CUST10173,Female,0,Yes,No,58,Yes,No,DSL,No,No,Yes,No,No,No,Two year,Yes,Electronic check,49.94,2758.6,No
CUST10174,Male,0,Yes,No,3,Yes,Yes,DSL,Yes,Yes,No,No,Yes,No,Month-to-month,Yes,Credit card (automatic),63.77,186.9,No
CUST10175,Female,0,No,Yes,27,Yes,No,Fiber optic,Yes,No,No,No,No,Yes,Two year,No,Electronic check,80.11,2072.54,No
CUST10176,Female,0,No,No,0,Yes,No,No,No internet service,No internet service,No internet service,No internet service,No internet service,No internet service,Two year,Yes,Bank transfer (automatic),18.0,17.23,No
CUST10177,Male,0,No,No,19,Yes,No,No,No internet service,No internet service,No internet service,No internet service,No internet service,No internet service,One year,Yes,Electronic check,18.0,334.5,No
CUST10178,Male,0,No,Yes,13,Yes,Yes,Fiber optic,No,Yes,Yes,No,Yes,Yes,Two year,No,Mailed check,85.89,1100.18,No
CUST10179,Male,0,No,No,12,Yes,Yes,Fiber optic,No,Yes,Yes,No,Yes,No,Two year,No,Bank transfer (automatic),85.75,992.26,No
CUST10180,Male,0,No,No,35,No,No phone service,Fiber optic,Yes,Yes,No,No,No,No,Month-to-month,No,Mailed check,79.14,2757.3,No
CUST10181,Male,0,Yes,Yes,1,Yes,Yes,DSL,No,No,Yes,Yes,No,No,One year,No,Electronic check,49.69,48.25,No
CUST10182,Male,0,Yes,No,9,Yes,No,DSL,Yes,Yes,No,No,No,Yes,One year,Yes,Credit card (automatic),62.92,548.32,Yes
CUST10183,Female,1,No,Yes,11,Yes,Yes,No,No internet service,No internet service,No internet service,No internet service,No internet service,No internet service,Month-to-month,No,Mailed check,23.82,256.47,Yes
CUST10184,Female,0,Yes,Yes,2,Yes,No,Fiber optic,Yes,No,No,No,No,No,Month-to-month,Yes,Bank transfer (automatic),73.56,145.53,Yes
CUST10185,Female,0,Yes,No,1,Yes,No,No,No internet service,No internet service,No internet service,No internet service,No internet service,No internet service,Month-to-month,Yes,Credit card (automatic),25.37,24.2,Yes
CUST10186,Male,0,No,Yes,3,Yes,Yes,Fiber optic,No,No,No,Yes,Yes,No,Month-to-month,No,Mailed check,71.29,212.25,No
CUST10187,Female,0,No,No,5,Yes,Yes,No,No internet service,No internet service,No internet service,No internet service,No internet service,No internet service,Two year,Yes,Electronic check,23.51,114.61,No
CUST10188,Female,0,No,No,67,Yes,No,DSL,No,No,No,No,No,No,Month-to-month,Yes,Mailed check,56.27,3679.86,No
CUST10189,Female,0,Yes,Yes,12,Yes,No,DSL,Yes,No,No,No,No,Yes,Month-to-month,Yes,Electronic check,58.7,698.46,No
CUST10190,Female,0,Yes,No,14,Yes,No,No,No internet service,No internet service,No internet service,No internet service,No internet service,No internet service,Month-to-month,Yes,Bank transfer (automatic),18.0,246.43,No
CUST10191,Female,0,No,No,24,Yes,No,Fiber optic,No,No,Yes,No,Yes,Yes,Month-to-month,Yes,Bank transfer (automatic),85.38,1992.41,No
CUST10192,Male,0,Yes,No,23,Yes,No,DSL,No,No,No,No,Yes,No,Month-to-month,Yes,Electronic check,55.9,1274.63,No
CUST10193,Male,0,Yes,No,13,Yes,No,No,No internet service,No internet service,No internet service,No internet service,No internet service,No internet service,Month-to-month,Yes,Electronic check,18.0,233.59,No
CUST10194,Female,0,No,Yes,8,Yes,Yes,No,No internet service,No internet service,No internet service,No internet service,No internet service,No internet service,Two year,Yes,Bank transfer (automatic),18.0,142.2,No
CUST10195,Female,0,No,No,8,Yes,No,Fiber optic,No,No,Yes,No,Yes,Yes,Month-to-month,Yes,Electronic check,95.73,762.58,No
CUST10196,Female,0,No,No,1,No,No phone service,Fiber optic,No,No,Yes,No,Yes,No,One year,No,Bank transfer (automatic),79.62,78.73,No
CUST10197,Male,0,No,Yes,45,Yes,No,No,No internet service,No internet service,No internet service,No internet service,No internet service,No internet service,Month-to-month,Yes,Bank transfer (automatic),18.0,801.5,No
CUST10198,Male,0,Yes,No,29,Yes,No,Fiber optic,Yes,Yes,Yes,Yes,Yes,Yes,Two year,Yes,Electronic check,92.79,2586.15,No
CUST10199,Female,1,Yes,No,19,Yes,Yes,No,No internet service,No internet service,No internet service,No internet service,No internet service,No internet service,One year,Yes,Bank transfer (automatic),21.7,410.82,No
CUST10200,Male,1,Yes,No,10,Yes,No,Fiber optic,No,Yes,No,No,No,Yes,One year,No,Mailed check,80.04,764.95,No
CUST10201,Male,0,No,No,17,Yes,No,DSL,No,No,No,No,No,No,Two year,No,Electronic check,43.3,718.85,No
CUST10202,Female,0,No,Yes,13,Yes,Yes,Fiber optic,No,Yes,Yes,No,No,Yes,One year,Yes,Electronic check,92.54,1143.64,No
CUST10203,Male,0,Yes,Yes,6,Yes,No,Fiber optic,Yes,No,No,Yes,No,No,Month-to-month,Yes,Credit card (automatic),75.2,436.87,No
CUST10204,Male,0,No,Yes,7,Yes,No,DSL,Yes,Yes,Yes,No,No,Yes,Month-to-month,No,Mailed check,65.59,451.93,Yes
CUST10205,Female,0,Yes,No,41,Yes,Yes,DSL,Yes,No,No,No,Yes,No,Month-to-month,Yes,Mailed check,49.71,1939.79,No
CUST10206,Male,0,No,Yes,20,Yes,Yes,DSL,No,Yes,No,No,No,No,Month-to-month,Yes,Bank transfer (automatic),51.09,974.39,No
CUST10207,Male,1,No,No,0,Yes,No,DSL,No,No,Yes,No,Yes,Yes,Month-to-month,No,Bank transfer (automatic),61.37,59.94,Yes
CUST10208,Female,0,Yes,No,7,Yes,No,Fiber optic,No,No,No,Yes,Yes,No,Two year,No,Mailed check,79.48,530.18,No
CUST10209,Male,0,Yes,Yes,8,Yes,No,Fiber optic,No,No,No,No,No,No,Month-to-month,Yes,Mailed check,60.85,469.91,No
CUST10210,Male,0,Yes,No,24,Yes,Yes,Fiber optic,No,No,No,Yes,Yes,No,Month-to-month,Yes,Bank transfer (automatic),80.36,1905.61,No
CUST10211,Female,0,Yes,No,24,Yes,No,Fiber optic,Yes,Yes,No,Yes,No,No,Two year,No,Bank transfer (automatic),94.31,2186.45,No
CUST10212,Female,0,Yes,Yes,12,Yes,No,Fiber optic,No,No,Yes,Yes,Yes,No,Two year,Yes,Bank transfer (automatic),74.6,868.17,No
CUST10213,Female,0,No,Yes,60,Yes,Yes,DSL,No,No,No,No,No,No,Two year,Yes,Mailed check,44.76,2654.63,No
CUST10214,Male,0,Yes,Yes,41,Yes,No,Fiber optic,Yes,Yes,No,No,No,No,One year,No,Credit card (automatic),88.46,3472.44,No
CUST10215,Female,0,No,Yes,40,Yes,No,Fiber optic,Yes,Yes,No,No,No,Yes,Month-to-month,Yes,Electronic check,80.6,3197.69,Yes
CUST10216,Male,1,Yes,No,8,Yes,No,No,No internet service,No internet service,No internet service,No internet service,No internet service,No internet service,Two year,Yes,Electronic check,18.0,136.87,No
CUST10217,Female,0,Yes,No,11,No,No phone service,DSL,Yes,No,Yes,Yes,Yes,Yes,Month-to-month,Yes,Electronic check,77.18,816.58,No
CUST10218,Male,0,Yes,No,10,Yes,No,Fiber optic,Yes,No,No,No,Yes,No,Month-to-month,Yes,Electronic check,78.84,764.97,No
CUST10219,Female,0,No,No,11,Yes,No,Fiber optic,Yes,No,No,Yes,Yes,No,Month-to-month,Yes,Credit card (automatic),87.52,924.91,No
CUST10220,Female,0,Yes,Yes,44,Yes,No,Fiber optic,Yes,No,No,Yes,No,No,One year,Yes,Electronic check,79.55,3471.05,No
CUST10221,Female,0,No,No,5,Yes,No,No,No internet service,No internet service,No internet service,No internet service,No internet service,No internet service,Month-to-month,Yes,Credit card (automatic),21.11,105.17,Yes
CUST10222,Female,1,No,Yes,32,Yes,Yes,Fiber optic,No,No,No,No,No,Yes,Two year,Yes,Mailed check,86.33,2664.54,No
CUST10223,Male,0,No,Yes,14,Yes,Yes,Fiber optic,Yes,No,Yes,No,No,Yes,Month-to-month,Yes,Mailed check,73.84,988.65,No
CUST10224,Female,1,No,No,5,Yes,No,Fiber optic,No,No,No,No,No,Yes,Month-to-month,Yes,Bank transfer (automatic),77.05,381.58,Yes
CUST10225,Female,0,Yes,No,14,Yes,No,No,No internet service,No internet service,No internet service,No internet service,No internet service,No internet service,Month-to-month,Yes,Electronic check,31.06,434.71,No
CUST10226,Male,0,No,No,4,Yes,No,No,No internet service,No internet service,No internet service,No internet service,No internet service,No internet service,Month-to-month,Yes,Mailed check,20.62,80.84,No
CUST10227,Female,1,No,No,2,Yes,Yes,No,No internet service,No internet service,No internet service,No internet service,No internet service,No internet service,Two year,No,Electronic check,24.25,48.46,No
CUST10228,Male,0,No,No,36,Yes,No,DSL,No,Yes,Yes,No,No,No,Two year,Yes,Electronic check,58.84,2014.72,No
CUST10229,Female,0,Yes,No,24,Yes,No,Fiber optic,No,Yes,No,No,No,No,Month-to-month,No,Bank transfer (automatic),75.91,1801.27,No
CUST10230,Female,0,No,No,4,Yes,Yes,Fiber optic,No,No,Yes,Yes,Yes,Yes,Two year,No,Electronic check,98.13,382.77,No
CUST10231,Female,0,Yes,No,57,Yes,Yes,Fiber optic,No,Yes,Yes,No,No,Yes,One year,Yes,Electronic check,83.17,4597.56,No
CUST10232,Male,0,Yes,No,0,Yes,Yes,DSL,No,No,No,No,No,Yes,Month-to-month,No,Electronic check,45.08,44.14,Yes
CUST10233,Female,1,No,Yes,8,Yes,Yes,No,No internet service,No internet service,No internet service,No internet service,No internet service,No internet service,One year,Yes,Credit card (automatic),18.0,138.53,No
CUST10234,Female,0,No,No,0,Yes,Yes,Fiber optic,Yes,Yes,No,No,Yes,No,Two year,Yes,Bank transfer (automatic),80.44,78.33,No
CUST10235,Female,0,No,No,3,Yes,Yes,Fiber optic,No,No,No,Yes,No,No,Month-to-month,No,Electronic check,79.48,232.53,No
CUST10236,Male,1,No,No,3,Yes,No,Fiber optic,No,No,Yes,No,No,No,Month-to-month,Yes,Bank transfer (automatic),75.99,225.24,No
CUST10237,Male,0,Yes,No,33,Yes,Yes,Fiber optic,No,No,No,No,No,Yes,Month-to-month,Yes,Electronic check,80.81,2608.16,No
CUST10238,Female,0,Yes,No,72,Yes,No,No,No internet service,No internet service,No internet service,No internet service,No internet service,No internet service,Month-to-month,Yes,Electronic check,24.98,1758.56,No
CUST10239,Male,0,No,Yes,40,Yes,Yes,Fiber optic,No,No,No,Yes,Yes,Yes,Month-to-month,No,Bank transfer (automatic),79.22,3015.93,No
CUST10240,Female,0,Yes,Yes,20,No,No phone service,Fiber optic,No,No,No,No,No,Yes,One year,Yes,Electronic check,75.18,1491.83,No
CUST10241,Female,0,No,No,25,Yes,No,DSL,No,No,Yes,No,No,No,Two year,Yes,Bank transfer (automatic),54.32,1320.16,No
CUST10242,Female,1,Yes,No,14,Yes,No,Fiber optic,No,No,No,No,Yes,Yes,Month-to-month,Yes,Mailed check,85.54,1190.2,No
CUST10243,Female,0,Yes,No,10,No,No phone service,DSL,Yes,No,No,No,No,No,Month-to-month,No,Electronic check,47.91,475.46,No
CUST10244,Female,0,No,No,23,No,No phone service,DSL,No,Yes,No,Yes,No,No,Two year,No,Mailed check,56.5,1272.99,No
CUST10245,Female,0,Yes,No,72,Yes,Yes,Fiber optic,No,No,No,No,No,No,Month-to-month,No,Electronic check,77.38,5296.19,No
CUST10246,Female,0,No,Yes,0,Yes,No,DSL,No,Yes,No,Yes,No,No,Two year,No,Mailed check,52.75,51.25,No
CUST10247,Male,0,Yes,No,7,Yes,Yes,No,No internet service,No internet service,No internet service,No internet service,No internet service,No internet service,Two year,Yes,Electronic check,19.79,133.43,No
CUST10248,Male,0,Yes,No,8,Yes,Yes,Fiber optic,No,Yes,Yes,Yes,Yes,Yes,Two year,Yes,Mailed check,91.32,700.27,No
CUST10249,Male,0,No,No,10,Yes,No,Fiber optic,No,No,No,No,Yes,No,One year,No,Bank transfer (automatic),71.33,696.7,No
CUST10250,Male,0,Yes,No,19,Yes,Yes,DSL,No,Yes,No,No,No,Yes,Month-to-month,No,Mailed check,52.78,971.12,Yes
CUST10251,Male,0,No,No,14,Yes,No,DSL,No,No,No,No,Yes,Yes,Month-to-month,Yes,Mailed check,49.54,684.55,No
CUST10252,Male,0,Yes,No,0,Yes,Yes,Fiber optic,Yes,No,No,No,No,No,One year,Yes,Electronic check,72.67,69.93,No
CUST10253,Male,0,Yes,No,10,Yes,Yes,No,No internet service,No internet service,No internet service,No internet service,No internet service,No internet service,Two year,Yes,Electronic check,18.0,176.0,No
CUST10254,Female,0,No,No,19,Yes,No,DSL,No,No,No,No,Yes,No,Month-to-month,Yes,Mailed check,47.7,883.86,No
CUST10255,Female,0,No,No,14,Yes,No,Fiber optic,Yes,No,No,No,No,Yes,Month-to-month,No,Electronic check,78.16,1061.87,Yes
CUST10256,Female,0,Yes,No,41,Yes,Yes,DSL,Yes,No,No,No,No,Yes,Two year,No,Credit card (automatic),51.72,2105.86,No
CUST10257,Female,0,No,Yes,10,Yes,Yes,No,No internet service,No internet service,No internet service,No internet service,No internet service,No internet service,Month-to-month,No,Credit card (automatic),20.91,204.97,No
CUST10258,Male,0,No,No,0,No,No phone service,Fiber optic,No,No,No,No,Yes,Yes,Month-to-month,No,Electronic check,86.88,85.89,Yes
CUST10259,Male,0,Yes,No,6,Yes,No,DSL,Yes,No,No,No,No,No,Two year,No,Bank transfer (automatic),44.26,263.03,No
CUST10260,Female,0,Yes,Yes,2,Yes,No,Fiber optic,No,No,Yes,No,No,No,Month-to-month,Yes,Mailed check,69.64,133.35,Yes
CUST10261,Female,0,No,No,5,No,No phone service,No,No internet service,No internet service,No internet service,No internet service,No internet service,No internet service,Month-to-month,Yes,Mailed check,18.0,85.83,No
CUST10262,Male,0,Yes,No,8,Yes,Yes,Fiber optic,No,Yes,No,No,No,No,One year,Yes,Electronic check,78.6,600.03,No
CUST10263,Female,0,Yes,Yes,22,No,No phone service,DSL,No,No,Yes,No,No,No,One year,No,Mailed check,53.38,1142.35,No
CUST10264,Female,0,No,Yes,7,Yes,Yes,DSL,Yes,No,No,Yes,No,No,Month-to-month,Yes,Electronic check,50.83,344.89,Yes
CUST10265,Female,1,Yes,No,43,Yes,No,No,No internet service,No internet service,No internet service,No internet service,No internet service,No internet service,Month-to-month,Yes,Bank transfer (automatic),26.01,1115.62,No
CUST10266,Female,1,No,Yes,7,Yes,No,Fiber optic,Yes,No,Yes,Yes,No,No,One year,No,Bank transfer (automatic),90.35,614.36,No
CUST10267,Male,0,No,No,2,Yes,No,Fiber optic,No,No,No,Yes,Yes,No,Month-to-month,Yes,Credit card (automatic),80.44,154.01,Yes
CUST10268,Female,0,No,No,3,Yes,No,DSL,Yes,No,No,No,Yes,No,Month-to-month,No,Electronic check,46.81,134.56,No
CUST10269,Female,0,No,No,54,Yes,Yes,No,No internet service,No internet service,No internet service,No internet service,No internet service,No internet service,Month-to-month,Yes,Mailed check,18.0,939.86,No
CUST10270,Male,0,Yes,Yes,12,Yes,No,Fiber optic,Yes,No,Yes,No,No,No,One year,No,Mailed check,80.33,956.73,No
CUST10271,Male,0,Yes,No,10,Yes,Yes,DSL,Yes,Yes,Yes,Yes,No,No,Two year,No,Electronic check,62.83,618.56,No
CUST10272,Female,0,Yes,No,1,Yes,Yes,DSL,No,Yes,Yes,Yes,No,No,Two year,No,Electronic check,63.51,62.78,No
CUST10273,Male,0,No,Yes,26,Yes,Yes,No,No internet service,No internet service,No internet service,No internet service,No internet service,No internet service,One year,Yes,Credit card (automatic),18.0,451.96,No
CUST10274,Female,0,Yes,No,23,Yes,No,Fiber optic,No,No,No,No,No,Yes,Two year,No,Bank transfer (automatic),74.18,1663.7,No
CUST10275,Female,1,Yes,No,9,Yes,No,DSL,No,Yes,No,No,No,Yes,Month-to-month,No,Credit card (automatic),51.04,457.03,No
CUST10276,Male,0,No,Yes,23,Yes,Yes,Fiber optic,No,No,Yes,No,No,No,Two year,Yes,Bank transfer (automatic),68.83,1557.43,No
CUST10277,Female,0,No,No,9,Yes,Yes,Fiber optic,No,Yes,Yes,No,Yes,Yes,Two year,Yes,Electronic check,85.36,756.81,No
CUST10278,Female,0,Yes,No,1,Yes,Yes,No,No internet service,No internet service,No internet service,No internet service,No internet service,No internet service,Month-to-month,No,Electronic check,21.29,20.38,Yes
CUST10279,Female,0,Yes,Yes,26,Yes,No,DSL,No,No,No,No,Yes,Yes,Month-to-month,No,Bank transfer (automatic),49.04,1252.22,Yes
CUST10280,Female,0,No,No,67,Yes,No,Fiber optic,No,No,Yes,Yes,Yes,No,One year,Yes,Bank transfer (automatic),91.37,6009.12,Yes
CUST10281,Male,0,No,No,20,Yes,Yes,DSL,No,Yes,Yes,No,No,No,One year,No,Credit card (automatic),58.25,1151.37,No
CUST10282,Male,0,Yes,Yes,6,No,No phone service,DSL,No,No,No,Yes,No,No,Month-to-month,No,Mailed check,46.77,275.95,No
CUST10283,Female,0,Yes,Yes,6,Yes,Yes,DSL,No,No,Yes,No,No,No,One year,Yes,Bank transfer (automatic),48.46,286.47,Yes
CUST10284,Male,0,No,Yes,52,Yes,No,DSL,No,No,No,No,No,No,Two year,No,Mailed check,48.32,2488.33,No
CUST10285,Female,1,No,Yes,7,No,No phone service,DSL,No,No,No,Yes,Yes,No,Two year,No,Bank transfer (automatic),47.15,326.01,No
CUST10286,Female,0,No,Yes,29,Yes,Yes,No,No internet service,No internet service,No internet service,No internet service,No internet service,No internet service,Month-to-month,Yes,Mailed check,18.0,513.78,Yes
CUST10287,Female,0,Yes,No,20,Yes,Yes,No,No internet service,No internet service,No internet service,No internet service,No internet service,No internet service,Month-to-month,Yes,Bank transfer (automatic),18.0,349.52,No
CUST10288,Female,0,Yes,Yes,17,Yes,No,DSL,Yes,Yes,No,No,Yes,Yes,One year,No,Mailed check,59.17,961.78,No
CUST10289,Female,0,No,No,3,Yes,No,Fiber optic,Yes,Yes,No,No,No,Yes,Two year,Yes,Credit card (automatic),81.41,235.9,No
CUST10290,Male,0,Yes,No,0,Yes,No,Fiber optic,No,Yes,No,No,No,Yes,Month-to-month,Yes,Mailed check,71.23,70.16,Yes
CUST10291,Female,0,Yes,No,13,Yes,No,DSL,No,Yes,No,No,No,No,One year,Yes,Electronic check,38.82,504.28,No
CUST10292,Male,0,Yes,No,72,Yes,No,DSL,Yes,No,Yes,No,No,Yes,Month-to-month,Yes,Credit card (automatic),61.51,4252.92,No
CUST10293,Male,0,No,No,4,Yes,No,Fiber optic,No,No,No,No,No,Yes,One year,Yes,Mailed check,78.57,300.96,No
CUST10294,Female,0,No,Yes,15,Yes,Yes,Fiber optic,No,Yes,Yes,No,No,No,Two year,Yes,Electronic check,73.15,1069.09,No
CUST10295,Female,0,No,Yes,22,Yes,No,Fiber optic,No,No,Yes,No,Yes,No,One year,No,Credit card (automatic),83.76,1824.62,No
CUST10296,Female,1,No,Yes,13,No,No phone service,Fiber optic,No,No,Yes,No,Yes,No,Two year,No,Electronic check,84.22,1043.57,No
CUST10297,Female,0,No,No,14,Yes,Yes,DSL,Yes,No,Yes,No,Yes,No,One year,No,Electronic check,58.2,809.01,No
CUST10298,Female,0,No,No,21,No,No phone service,Fiber optic,No,No,No,Yes,Yes,Yes,Two year,Yes,Electronic check,78.61,1582.86,No
CUST10299,Male,0,Yes,No,33,Yes,No,DSL,No,Yes,No,No,Yes,No,Month-to-month,No,Bank transfer (automatic),56.32,1816.23,No
CUST10300,Female,1,Yes,No,8,Yes,Yes,DSL,No,Yes,Yes,No,No,No,Month-to-month,Yes,Electronic check,53.81,421.67,No
CUST10301,Female,0,No,No,45,Yes,Yes,Fiber optic,Yes,Yes,No,No,No,Yes,Month-to-month,No,Credit card (automatic),85.62,3725.98,No
CUST10302,Male,0,Yes,Yes,13,Yes,No,Fiber optic,Yes,No,No,No,Yes,No,Month-to-month,Yes,Mailed check,80.56,1022.2,No
CUST10303,Male,0,No,No,21,Yes,Yes,Fiber optic,No,No,No,Yes,No,Yes,Month-to-month,Yes,Bank transfer (automatic),84.79,1726.52,No
CUST10304,Female,0,Yes,No,2,Yes,No,DSL,No,No,Yes,No,No,Yes,One year,Yes,Credit card (automatic),54.87,109.31,No
CUST10305,Male,0,Yes,Yes,13,Yes,Yes,Fiber optic,No,No,No,No,No,No,Two year,No,Mailed check,65.01,803.89,No
CUST10306,Female,0,No,Yes,0,Yes,No,No,No internet service,No internet service,No internet service,No internet service,No internet service,No internet service,One year,No,Bank transfer (automatic),28.0,27.82,No
CUST10307,Male,1,No,No,9,Yes,No,No,No internet service,No internet service,No internet service,No internet service,No internet service,No internet service,Month-to-month,Yes,Electronic check,21.51,184.66,Yes
CUST10308,Male,0,No,No,1,Yes,No,DSL,No,No,No,Yes,No,No,Two year,Yes,Electronic check,42.16,41.2,No
CUST10309,Female,1,No,No,45,Yes,No,DSL,No,No,No,Yes,Yes,Yes,Month-to-month,No,Bank transfer (automatic),68.09,3063.76,No
CUST10310,Male,0,Yes,No,22,Yes,Yes,No,No internet service,No internet service,No internet service,No internet service,No internet service,No internet service,One year,Yes,Credit card (automatic),20.34,429.74,No
CUST10311,Male,0,Yes,No,31,Yes,No,Fiber optic,No,No,Yes,Yes,No,No,Two year,Yes,Bank transfer (automatic),79.73,2400.79,No
CUST10312,Male,1,No,No,12,Yes,No,DSL,No,No,No,Yes,No,No,Two year,Yes,Electronic check,44.85,523.41,No
CUST10313,Male,0,Yes,Yes,38,Yes,Yes,Fiber optic,No,Yes,No,No,No,Yes,Month-to-month,Yes,Credit card (automatic),76.63,2864.42,Yes
CUST10314,Male,0,Yes,No,41,Yes,Yes,DSL,No,Yes,No,No,No,Yes,Two year,Yes,Bank transfer (automatic),56.65,2242.82,No
CUST10315,Male,0,Yes,No,8,Yes,No,Fiber optic,No,No,No,No,Yes,No,One year,No,Electronic check,66.6,528.13,No
CUST10316,Female,0,Yes,Yes,9,Yes,No,DSL,Yes,Yes,No,No,No,No,Month-to-month,Yes,Mailed check,56.75,490.59,No
CUST10317,Female,0,No,No,14,Yes,No,No,No internet service,No internet service,No internet service,No internet service,No internet service,No internet service,Month-to-month,Yes,Bank transfer (automatic),21.36,298.98,No
CUST10318,Male,0,No,No,0,Yes,No,Fiber optic,No,No,No,No,Yes,Yes,Month-to-month,Yes,Electronic check,73.66,73.07,Yes
CUST10319,Female,0,No,No,72,Yes,No,Fiber optic,No,No,Yes,No,No,No,Month-to-month,No,Credit card (automatic),75.57,5178.19,No
CUST10320,Female,0,No,No,8,Yes,Yes,Fiber optic,Yes,No,Yes,Yes,Yes,No,One year,Yes,Bank transfer (automatic),89.62,706.23,No
CUST10321,Female,0,Yes,No,12,Yes,Yes,Fiber optic,No,Yes,Yes,No,No,Yes,Month-to-month,Yes,Mailed check,83.8,962.91,No
CUST10322,Male,0,Yes,No,28,Yes,No,No,No internet service,No internet service,No internet service,No internet service,No internet service,No internet service,One year,Yes,Electronic check,19.76,548.12,No
CUST10323,Female,0,Yes,No,7,Yes,Yes,DSL,Yes,No,No,No,No,No,One year,Yes,Electronic check,48.4,328.27,No
CUST10324,Male,0,Yes,No,4,Yes,Yes,Fiber optic,No,No,Yes,Yes,No,No,Two year,No,Credit card (automatic),80.94,311.71,No
CUST10325,Female,0,Yes,No,2,Yes,Yes,DSL,No,Yes,No,Yes,Yes,No,Month-to-month,No,Electronic check,58.94,112.54,Yes
CUST10326,Male,0,Yes,No,15,Yes,No,Fiber optic,Yes,No,No,No,Yes,No,Two year,No,Mailed check,87.66,1267.03,No
CUST10327,Male,0,No,No,0,Yes,No,Fiber optic,Yes,No,No,No,No,Yes,Two year,Yes,Electronic check,73.52,70.05,No
CUST10328,Female,1,No,No,24,Yes,Yes,DSL,No,Yes,No,No,No,No,One year,Yes,Electronic check,37.28,894.28,No
CUST10329,Female,0,No,Yes,12,Yes,No,Fiber optic,No,Yes,No,No,No,No,Two year,Yes,Electronic check,66.8,772.07,No
CUST10330,Male,0,No,Yes,15,Yes,Yes,Fiber optic,No,No,No,No,Yes,No,Month-to-month,Yes,Mailed check,66.06,956.28,No
CUST10331,Female,0,Yes,No,6,Yes,No,DSL,No,No,No,Yes,No,Yes,Two year,No,Bank transfer (automatic),53.94,313.17,No
CUST10332,Female,0,Yes,No,3,Yes,No,DSL,Yes,No,Yes,No,No,Yes,One year,Yes,Mailed check,55.92,162.93,No
CUST10333,Female,0,Yes,No,24,Yes,No,DSL,Yes,No,No,No,Yes,Yes,Month-to-month,Yes,Credit card (automatic),64.16,1488.47,Yes
CUST10334,Male,0,Yes,No,4,No,No phone service,Fiber optic,Yes,Yes,No,No,No,No,Month-to-month,Yes,Electronic check,80.11,313.76,No
CUST10335,Male,0,Yes,No,30,Yes,Yes,Fiber optic,No,Yes,No,No,Yes,No,One year,No,Bank transfer (automatic),78.21,2300.56,No
CUST10336,Female,1,Yes,No,4,Yes,No,No,No internet service,No internet service,No internet service,No internet service,No internet service,No internet service,Month-to-month,Yes,Credit card (automatic),21.29,81.1,Yes
CUST10337,Female,0,No,No,18,Yes,Yes,DSL,Yes,No,No,No,No,No,One year,Yes,Bank transfer (automatic),47.48,835.95,No
CUST10338,Female,0,No,No,20,Yes,No,Fiber optic,No,No,No,No,No,Yes,Month-to-month,No,Mailed check,78.82,1566.28,No
CUST10339,Male,0,No,No,14,No,No phone service,Fiber optic,Yes,Yes,No,No,No,No,One year,No,Bank transfer (automatic),71.58,959.86,No
CUST10340,Male,1,Yes,No,72,Yes,No,Fiber optic,No,No,No,No,No,No,One year,No,Electronic check,65.73,4574.1,Yes
CUST10341,Female,0,No,No,9,Yes,Yes,Fiber optic,No,No,Yes,Yes,Yes,Yes,Two year,No,Credit card (automatic),89.37,788.53,No
CUST10342,Female,0,No,No,42,Yes,Yes,DSL,No,Yes,No,No,Yes,No,One year,Yes,Electronic check,55.92,2304.59,No
CUST10343,Female,0,No,No,3,Yes,Yes,DSL,No,Yes,Yes,No,No,No,Two year,Yes,Electronic check,57.01,163.11,No
CUST10344,Female,0,Yes,Yes,8,Yes,Yes,No,No internet service,No internet service,No internet service,No internet service,No internet service,No internet service,Two year,No,Credit card (automatic),26.33,204.6,No
CUST10345,Female,0,No,Yes,3,Yes,Yes,DSL,No,No,No,No,No,No,One year,No,Electronic check,45.93,131.16,No
CUST10346,Female,0,No,No,18,Yes,Yes,Fiber optic,No,Yes,Yes,No,No,No,Two year,Yes,Bank transfer (automatic),83.89,1504.61,No
CUST10347,Male,0,Yes,Yes,20,Yes,Yes,DSL,No,Yes,No,No,No,Yes,Month-to-month,No,Mailed check,66.88,1316.0,No
CUST10348,Female,0,Yes,No,12,Yes,Yes,Fiber optic,No,No,No,Yes,No,Yes,Two year,No,Credit card (automatic),85.74,982.57,No
CUST10349,Male,0,Yes,Yes,25,Yes,No,Fiber optic,No,Yes,No,Yes,Yes,Yes,Month-to-month,No,Credit card (automatic),90.81,2230.84,No
CUST10350,Female,0,No,No,40,Yes,No,DSL,No,Yes,Yes,No,Yes,Yes,Two year,No,Electronic check,59.04,2255.18,No
CUST10351,Female,0,No,Yes,29,Yes,No,DSL,No,No,No,No,No,No,Month-to-month,Yes,Credit card (automatic),51.78,1430.77,No
CUST10352,Male,0,Yes,Yes,5,Yes,No,DSL,Yes,No,No,No,Yes,No,Month-to-month,Yes,Credit card (automatic),62.86,301.97,No
CUST10353,Male,0,Yes,Yes,7,No,No phone service,No,No internet service,No internet service,No internet service,No internet service,No internet service,No internet service,Month-to-month,No,Credit card (automatic),24.3,169.87,No
CUST10354,Male,0,No,No,9,Yes,No,No,No internet service,No internet service,No internet service,No internet service,No internet service,No internet service,Month-to-month,No,Mailed check,30.24,266.43,Yes
CUST10355,Male,0,Yes,No,4,Yes,Yes,No,No internet service,No internet service,No internet service,No internet service,No internet service,No internet service,Month-to-month,Yes,Electronic check,20.22,78.15,No
CUST10356,Female,0,Yes,No,8,Yes,No,DSL,No,No,No,No,No,No,Month-to-month,Yes,Credit card (automatic),46.15,351.95,No
CUST10357,Male,0,Yes,No,5,Yes,Yes,DSL,No,No,No,Yes,Yes,No,Two year,Yes,Credit card (automatic),60.17,286.04,No
CUST10358,Female,0,No,No,72,Yes,No,DSL,No,Yes,No,Yes,No,Yes,Month-to-month,No,Credit card (automatic),60.98,4367.33,No
CUST10359,Male,0,No,No,30,Yes,No,DSL,Yes,No,No,No,No,Yes,Month-to-month,No,Credit card (automatic),68.17,1991.97,No
CUST10360,Female,0,Yes,No,39,Yes,Yes,Fiber optic,Yes,No,No,Yes,Yes,Yes,One year,Yes,Electronic check,100.18,3729.49,No
CUST10361,Female,0,No,Yes,51,Yes,No,No,No internet service,No internet service,No internet service,No internet service,No internet service,No internet service,Month-to-month,No,Bank transfer (automatic),20.47,1020.23,No
CUST10362,Female,1,No,Yes,21,Yes,No,DSL,No,No,Yes,No,No,Yes,Two year,Yes,Credit card (automatic),48.78,976.5,No
CUST10363,Female,0,Yes,No,3,No,No phone service,DSL,No,Yes,No,No,No,Yes,Month-to-month,Yes,Mailed check,58.76,171.04,Yes
CUST10364,Female,1,No,Yes,28,Yes,Yes,Fiber optic,No,Yes,No,No,No,No,One year,No,Credit card (automatic),77.77,2167.85,No
CUST10365,Female,0,Yes,No,0,Yes,Yes,No,No internet service,No internet service,No internet service,No internet service,No internet service,No internet service,Month-to-month,Yes,Electronic check,23.63,23.54,Yes
CUST10366,Male,1,No,No,2,Yes,No,Fiber optic,No,No,No,No,Yes,Yes,Month-to-month,Yes,Bank transfer (automatic),80.9,161.42,Yes
CUST10367,Female,0,Yes,No,0,Yes,Yes,No,No internet service,No internet service,No internet service,No internet service,No internet service,No internet service,Two year,Yes,Electronic check,21.66,20.73,No
CUST10368,Male,0,No,Yes,2,Yes,No,Fiber optic,No,No,No,No,Yes,No,Month-to-month,Yes,Mailed check,71.86,137.85,Yes
CUST10369,Male,0,Yes,No,27,Yes,Yes,Fiber optic,No,Yes,Yes,No,No,No,Two year,Yes,Mailed check,84.5,2264.5,No
CUST10370,Female,0,No,No,43,Yes,Yes,DSL,No,No,No,Yes,Yes,Yes,Month-to-month,Yes,Electronic check,46.21,1897.86,Yes
CUST10371,Male,0,Yes,No,6,Yes,No,No,No internet service,No internet service,No internet service,No internet service,No internet service,No internet service,Two year,Yes,Mailed check,21.5,122.63,No
CUST10372,Female,0,No,No,2,Yes,Yes,Fiber optic,No,Yes,No,Yes,No,Yes,Two year,No,Bank transfer (automatic),90.84,178.95,No
CUST10373,Male,0,Yes,Yes,6,Yes,No,Fiber optic,No,No,No,Yes,Yes,Yes,Month-to-month,Yes,Bank transfer (automatic),80.8,471.31,Yes
CUST10374,Female,0,No,No,20,Yes,Yes,Fiber optic,No,No,No,No,Yes,Yes,Two year,No,Credit card (automatic),84.23,1668.06,No
CUST10375,Male,0,No,No,8,Yes,Yes,DSL,No,No,No,No,Yes,No,Month-to-month,No,Bank transfer (automatic),49.57,379.81,No
CUST10376,Female,0,Yes,Yes,64,Yes,No,DSL,No,Yes,No,Yes,Yes,No,One year,Yes,Credit card (automatic),53.72,3341.29,No
CUST10377,Female,0,No,Yes,2,Yes,No,DSL,No,No,No,No,No,Yes,One year,Yes,Electronic check,39.75,78.77,No
CUST10378,Female,0,Yes,No,72,Yes,No,No,No internet service,No internet service,No internet service,No internet service,No internet service,No internet service,Month-to-month,Yes,Electronic check,18.0,1247.96,No
CUST10379,Female,0,No,No,0,Yes,Yes,No,No internet service,No internet service,No internet service,No internet service,No internet service,No internet service,Month-to-month,Yes,Electronic check,20.57,20.03,Yes
CUST10380,Male,1,No,No,12,Yes,Yes,No,No internet service,No internet service,No internet service,No internet service,No internet service,No internet service,One year,Yes,Bank transfer (automatic),29.25,344.37,No
CUST10381,Female,0,Yes,Yes,5,Yes,No,Fiber optic,No,No,No,No,Yes,No,Two year,No,Mailed check,71.12,350.62,No
CUST10382,Male,0,No,No,16,Yes,Yes,Fiber optic,No,Yes,No,Yes,No,No,Two year,No,Electronic check,72.33,1129.64,No
CUST10383,Male,0,Yes,No,2,Yes,No,DSL,No,No,Yes,No,No,No,One year,No,Electronic check,55.76,109.97,No
CUST10384,Male,0,Yes,No,41,Yes,No,DSL,No,Yes,No,Yes,Yes,No,Month-to-month,Yes,Mailed check,54.72,2215.8,No
CUST10385,Female,0,No,No,2,Yes,Yes,No,No internet service,No internet service,No internet service,No internet service,No internet service,No internet service,Two year,No,Bank transfer (automatic),18.0,35.7,No
CUST10386,Male,0,No,No,17,No,No phone service,DSL,No,Yes,No,No,No,No,Two year,Yes,Bank transfer (automatic),48.16,814.96,No
CUST10387,Male,0,Yes,Yes,0,No,No phone service,Fiber optic,Yes,Yes,Yes,Yes,No,No,Month-to-month,No,Credit card (automatic),98.24,96.78,Yes
CUST10388,Male,1,Yes,No,7,Yes,No,Fiber optic,Yes,Yes,Yes,No,No,No,Month-to-month,Yes,Electronic check,82.19,572.37,No
CUST10389,Female,0,No,No,3,Yes,Yes,Fiber optic,Yes,Yes,Yes,No,Yes,No,Two year,No,Bank transfer (automatic),79.79,228.13,No
CUST10390,Female,0,Yes,No,72,Yes,Yes,No,No internet service,No internet service,No internet service,No internet service,No internet service,No internet service,Two year,No,Credit card (automatic),29.16,2008.19,No
CUST10391,Male,1,No,No,0,Yes,Yes,DSL,No,Yes,No,No,No,No,Month-to-month,Yes,Credit card (automatic),50.34,48.84,Yes
CUST10392,Female,0,No,No,8,Yes,No,No,No internet service,No internet service,No internet service,No internet service,No internet service,No internet service,Two year,Yes,Bank transfer (automatic),24.77,189.9,No
CUST10393,Female,0,Yes,No,7,Yes,No,Fiber optic,No,No,No,No,Yes,Yes,Month-to-month,Yes,Credit card (automatic),76.23,515.93,Yes
CUST10394,Male,0,Yes,No,21,Yes,Yes,No,No internet service,No internet service,No internet service,No internet service,No internet service,No internet service,Two year,No,Electronic check,18.0,375.8,No
CUST10395,Male,0,No,Yes,1,Yes,Yes,No,No internet service,No internet service,No internet service,No internet service,No internet service,No internet service,Month-to-month,No,Mailed check,18.0,17.21,Yes
CUST10396,Female,0,Yes,No,33,Yes,Yes,DSL,No,Yes,No,No,Yes,Yes,Month-to-month,Yes,Electronic check,50.57,1638.41,Yes
CUST10397,Male,0,No,Yes,12,Yes,Yes,DSL,No,No,No,No,No,Yes,Month-to-month,Yes,Mailed check,52.03,600.29,No
CUST10398,Female,0,No,No,12,Yes,No,No,No internet service,No internet service,No internet service,No internet service,No internet service,No internet service,Two year,Yes,Electronic check,18.71,218.81,No
CUST10399,Female,1,No,Yes,5,Yes,No,DSL,Yes,Yes,No,No,Yes,Yes,Month-to-month,Yes,Electronic check,63.54,308.11,Yes
CUST10400,Female,0,Yes,No,13,Yes,No,Fiber optic,Yes,No,No,No,No,No,Two year,Yes,Electronic check,76.34,985.69,No
CUST10401,Female,1,Yes,No,9,No,No phone service,Fiber optic,No,Yes,Yes,No,No,No,Month-to-month,Yes,Electronic check,82.63,726.53,No
CUST10402,Female,1,No,No,5,No,No phone service,Fiber optic,No,No,No,Yes,No,Yes,Two year,No,Mailed check,81.89,405.8,No
CUST10403,Female,0,No,Yes,3,Yes,Yes,Fiber optic,Yes,Yes,Yes,Yes,No,No,Month-to-month,Yes,Electronic check,87.86,255.86,No
CUST10404,Male,0,No,No,26,Yes,No,Fiber optic,Yes,No,No,No,Yes,No,Month-to-month,Yes,Credit card (automatic),74.92,1914.97,No
CUST10405,Male,0,Yes,No,3,Yes,Yes,Fiber optic,No,No,Yes,No,No,No,Month-to-month,Yes,Electronic check,79.63,237.8,No
CUST10406,Female,0,No,Yes,3,Yes,No,Fiber optic,No,No,No,No,No,Yes,Month-to-month,No,Credit card (automatic),67.3,193.31,No
CUST10407,Female,0,Yes,No,17,Yes,Yes,No,No internet service,No internet service,No internet service,No internet service,No internet service,No internet service,One year,No,Mailed check,21.05,349.98,No
CUST10408,Female,1,No,No,5,Yes,Yes,Fiber optic,Yes,No,No,No,No,Yes,Month-to-month,No,Bank transfer (automatic),80.81,396.62,No
CUST10409,Male,0,No,No,12,Yes,No,DSL,Yes,No,Yes,No,No,No,Month-to-month,No,Bank transfer (automatic),49.35,580.87,No
CUST10410,Female,0,No,No,16,Yes,Yes,Fiber optic,No,Yes,No,No,No,No,Month-to-month,Yes,Electronic check,71.97,1125.69,No
CUST10411,Male,0,Yes,No,6,Yes,No,No,No internet service,No internet service,No internet service,No internet service,No internet service,No internet service,Month-to-month,Yes,Credit card (automatic),23.91,141.99,No
CUST10412,Female,0,No,No,8,Yes,No,DSL,No,Yes,No,No,No,No,Month-to-month,Yes,Credit card (automatic),45.3,345.34,No
CUST10413,Female,0,Yes,No,4,Yes,Yes,Fiber optic,No,No,Yes,No,No,Yes,Month-to-month,Yes,Electronic check,81.78,321.61,No
CUST10414,Male,0,No,Yes,12,Yes,No,Fiber optic,No,Yes,Yes,No,No,No,One year,Yes,Mailed check,74.48,888.68,No
CUST10415,Male,0,Yes,Yes,72,No,No phone service,No,No internet service,No internet service,No internet service,No internet service,No internet service,No internet service,Month-to-month,Yes,Mailed check,18.63,1335.65,No
CUST10416,Female,0,Yes,No,9,Yes,No,No,No internet service,No internet service,No internet service,No internet service,No internet service,No internet service,One year,Yes,Bank transfer (automatic),18.0,155.34,No
CUST10417,Female,0,Yes,No,21,Yes,No,No,No internet service,No internet service,No internet service,No internet service,No internet service,No internet service,Month-to-month,No,Mailed check,22.13,455.48,No
CUST10418,Female,0,No,Yes,20,Yes,No,DSL,Yes,No,No,No,No,Yes,Month-to-month,Yes,Bank transfer (automatic),52.73,1016.65,No
CUST10419,Male,0,No,No,30,Yes,Yes,DSL,No,No,No,No,No,No,Two year,Yes,Mailed check,46.38,1372.12,No
CUST10420,Male,0,No,No,24,Yes,No,DSL,Yes,No,Yes,No,No,No,Two year,Yes,Electronic check,47.85,1095.54,No
CUST10421,Male,0,No,Yes,0,Yes,No,DSL,No,No,No,No,No,No,Month-to-month,No,Mailed check,46.08,44.06,Yes
CUST10422,Male,0,No,Yes,7,Yes,Yes,DSL,No,No,No,No,No,No,Month-to-month,No,Bank transfer (automatic),43.98,302.82,No
CUST10423,Male,0,Yes,No,40,Yes,No,Fiber optic,Yes,No,No,No,No,Yes,Month-to-month,No,Bank transfer (automatic),74.27,2903.67,No
CUST10424,Male,1,No,No,15,No,No phone service,DSL,No,No,Yes,No,No,No,Two year,Yes,Mailed check,45.62,680.74,No
CUST10425,Female,0,No,No,2,Yes,No,Fiber optic,Yes,No,No,No,No,No,One year,Yes,Credit card (automatic),74.4,141.57,Yes
CUST10426,Female,0,Yes,No,6,Yes,No,No,No internet service,No internet service,No internet service,No internet service,No internet service,No internet service,Two year,No,Mailed check,18.0,106.39,No
CUST10427,Male,1,Yes,No,6,Yes,Yes,Fiber optic,Yes,No,No,No,Yes,No,Month-to-month,Yes,Mailed check,75.41,445.99,No
CUST10428,Female,0,Yes,No,41,Yes,No,No,No internet service,No internet service,No internet service,No internet service,No internet service,No internet service,One year,No,Mailed check,27.56,1120.31,No
CUST10429,Female,0,Yes,Yes,16,Yes,No,DSL,Yes,No,No,No,Yes,Yes,One year,Yes,Bank transfer (automatic),60.19,951.99,No
CUST10430,Male,1,Yes,No,18,Yes,Yes,DSL,No,Yes,No,Yes,Yes,No,One year,Yes,Electronic check,65.64,1153.1,No
CUST10431,Female,0,Yes,No,9,Yes,Yes,DSL,No,No,Yes,No,No,Yes,Month-to-month,Yes,Bank transfer (automatic),51.67,448.45,No
CUST10432,Male,0,No,No,1,Yes,Yes,No,No internet service,No internet service,No internet service,No internet service,No internet service,No internet service,One year,Yes,Mailed check,19.01,18.43,No
CUST10433,Male,1,Yes,No,1,Yes,No,Fiber optic,No,No,No,No,No,No,Two year,Yes,Bank transfer (automatic),63.74,62.22,No
CUST10434,Female,0,Yes,Yes,10,Yes,Yes,No,No internet service,No internet service,No internet service,No internet service,No internet service,No internet service,Two year,Yes,Electronic check,26.96,256.18,No
CUST10435,Male,0,No,No,3,No,No phone service,DSL,No,Yes,Yes,No,Yes,Yes,Month-to-month,No,Electronic check,60.89,174.36,No
CUST10436,Male,0,No,No,2,Yes,No,No,No internet service,No internet service,No internet service,No internet service,No internet service,No internet service,One year,Yes,Mailed check,22.56,44.09,No
CUST10437,Male,0,Yes,No,6,Yes,Yes,DSL,No,No,No,No,No,No,Two year,No,Electronic check,44.8,268.74,No
CUST10438,Male,0,No,Yes,27,Yes,No,Fiber optic,No,Yes,No,No,Yes,Yes,Month-to-month,No,Electronic check,93.75,2452.34,No
CUST10439,Male,0,Yes,No,1,Yes,No,No,No internet service,No internet service,No internet service,No internet service,No internet service,No internet service,Month-to-month,Yes,Electronic check,24.16,23.92,Yes
CUST10440,Male,1,Yes,No,11,Yes,No,No,No internet service,No internet service,No internet service,No internet service,No internet service,No internet service,Month-to-month,Yes,Mailed check,19.84,211.5,No
CUST10441,Male,1,Yes,Yes,34,Yes,Yes,No,No internet service,No internet service,No internet service,No internet service,No internet service,No internet service,Month-to-month,Yes,Electronic check,18.0,585.21,Yes
CUST10442,Male,1,No,Yes,6,No,No phone service,DSL,No,Yes,Yes,Yes,No,No,Two year,Yes,Bank transfer (automatic),66.12,393.59,No
CUST10443,Female,0,No,No,7,Yes,No,Fiber optic,Yes,No,No,No,Yes,No,Month-to-month,Yes,Mailed check,70.29,483.6,No
CUST10444,Female,0,No,Yes,43,Yes,Yes,No,No internet service,No internet service,No internet service,No internet service,No internet service,No internet service,One year,Yes,Electronic check,18.0,740.44,No
CUST10445,Female,1,No,No,20,Yes,Yes,Fiber optic,No,No,No,Yes,No,No,Month-to-month,Yes,Credit card (automatic),79.28,1540.89,No
CUST10446,Male,1,No,No,31,Yes,No,Fiber optic,No,No,No,Yes,Yes,No,Month-to-month,Yes,Bank transfer (automatic),77.5,2309.45,No
CUST10447,Male,0,No,No,6,Yes,Yes,DSL,Yes,No,No,Yes,Yes,No,Two year,No,Electronic check,57.99,342.14,No
CUST10448,Female,0,No,No,72,No,No phone service,DSL,Yes,No,No,No,No,No,One year,No,Electronic check,55.46,3886.21,No
CUST10449,Female,0,Yes,No,3,Yes,No,Fiber optic,No,Yes,No,No,Yes,No,Month-to-month,Yes,Mailed check,92.03,266.41,No
CUST10450,Female,0,Yes,No,65,Yes,Yes,Fiber optic,No,Yes,No,No,Yes,No,Two year,Yes,Electronic check,78.16,4967.75,No
CUST10451,Male,0,No,Yes,46,Yes,Yes,DSL,No,No,No,Yes,Yes,No,Month-to-month,No,Mailed check,49.14,2249.74,No
CUST10452,Female,1,No,Yes,16,No,No phone service,DSL,No,No,No,No,Yes,Yes,Month-to-month,Yes,Electronic check,54.95,853.49,No
CUST10453,Female,0,No,Yes,17,Yes,Yes,Fiber optic,No,No,No,No,No,No,One year,Yes,Mailed check,71.36,1211.06,No
CUST10454,Male,0,Yes,No,29,Yes,No,Fiber optic,No,No,Yes,No,No,No,Month-to-month,Yes,Mailed check,74.33,2124.5,No
CUST10455,Female,0,No,No,7,Yes,Yes,DSL,No,Yes,Yes,No,Yes,No,One year,Yes,Mailed check,57.09,391.69,No
CUST10456,Male,0,No,Yes,14,Yes,No,No,No internet service,No internet service,No internet service,No internet service,No internet service,No internet service,One year,Yes,Electronic check,20.79,277.38,Yes
CUST10457,Male,0,Yes,No,46,Yes,No,DSL,No,No,Yes,No,Yes,No,Month-to-month,No,Bank transfer (automatic),52.68,2400.27,No
CUST10458,Male,0,No,No,1,Yes,Yes,Fiber optic,Yes,Yes,Yes,No,Yes,Yes,One year,Yes,Credit card (automatic),89.35,87.89,No
CUST10459,Female,0,No,No,47,Yes,Yes,DSL,No,No,No,No,No,No,Month-to-month,Yes,Electronic check,43.69,1963.79,No
CUST10460,Female,0,No,Yes,26,Yes,Yes,Fiber optic,Yes,No,Yes,Yes,Yes,Yes,One year,No,Electronic check,96.44,2383.4,No
CUST10461,Male,0,No,No,29,Yes,Yes,Fiber optic,No,No,Yes,No,No,Yes,Month-to-month,Yes,Credit card (automatic),85.58,2473.84,Yes
CUST10462,Female,0,Yes,No,1,Yes,Yes,Fiber optic,No,Yes,No,No,No,No,Two year,No,Mailed check,82.32,79.02,No
CUST10463,Female,0,Yes,Yes,4,Yes,No,Fiber optic,No,No,No,No,Yes,No,Two year,No,Bank transfer (automatic),74.63,289.89,No
CUST10464,Female,1,No,No,51,Yes,No,No,No internet service,No internet service,No internet service,No internet service,No internet service,No internet service,Month-to-month,Yes,Bank transfer (automatic),18.0,891.32,Yes
CUST10465,Female,0,No,Yes,2,Yes,No,DSL,No,No,Yes,No,No,No,Two year,Yes,Credit card (automatic),50.59,96.56,No
CUST10466,Male,0,No,No,19,Yes,No,Fiber optic,No,No,No,Yes,Yes,Yes,One year,No,Mailed check,87.4,1644.34,No
CUST10467,Female,0,Yes,No,30,Yes,Yes,Fiber optic,Yes,No,Yes,No,No,No,One year,No,Bank transfer (automatic),72.1,2120.14,No
CUST10468,Male,1,Yes,No,5,Yes,No,No,No internet service,No internet service,No internet service,No internet service,No internet service,No internet service,Two year,Yes,Electronic check,18.6,90.84,No
CUST10469,Male,0,Yes,Yes,23,Yes,Yes,Fiber optic,No,No,No,Yes,No,Yes,Month-to-month,Yes,Electronic check,77.79,1776.91,No
CUST10470,Female,0,Yes,No,1,Yes,Yes,DSL,No,No,No,No,Yes,No,Month-to-month,Yes,Bank transfer (automatic),53.51,53.27,Yes
CUST10471,Male,0,No,Yes,13,Yes,No,Fiber optic,No,No,No,No,Yes,Yes,Month-to-month,Yes,Bank transfer (automatic),80.88,1005.63,Yes
CUST10472,Female,0,No,No,8,Yes,No,No,No internet service,No internet service,No internet service,No internet service,No internet service,No internet service,Month-to-month,Yes,Electronic check,20.28,159.71,No
CUST10473,Female,1,Yes,No,20,Yes,No,DSL,No,No,No,No,No,Yes,Month-to-month,No,Bank transfer (automatic),58.75,1132.01,No
CUST10474,Male,0,Yes,No,43,Yes,No,Fiber optic,No,No,Yes,Yes,Yes,No,Month-to-month,No,Electronic check,81.98,3486.44,No
CUST10475,Male,0,Yes,No,2,Yes,No,Fiber optic,Yes,No,Yes,No,No,No,Month-to-month,Yes,Electronic check,77.17,147.52,Yes
CUST10476,Male,0,Yes,Yes,11,Yes,Yes,DSL,No,No,No,No,No,No,One year,No,Credit card (automatic),46.77,493.58,No
CUST10477,Male,0,No,No,11,Yes,No,Fiber optic,No,No,No,No,Yes,Yes,Month-to-month,Yes,Credit card (automatic),76.16,804.79,No
CUST10478,Female,0,No,Yes,7,Yes,No,DSL,No,No,Yes,No,No,No,Month-to-month,Yes,Bank transfer (automatic),50.4,346.15,No
CUST10479,Female,0,No,Yes,13,Yes,No,No,No internet service,No internet service,No internet service,No internet service,No internet service,No internet service,Month-to-month,Yes,Credit card (automatic),28.85,368.82,No
CUST10480,Female,0,Yes,No,42,Yes,No,Fiber optic,No,No,No,Yes,No,Yes,One year,No,Electronic check,86.13,3602.73,No
CUST10481,Male,0,No,No,72,Yes,No,No,No internet service,No internet service,No internet service,No internet service,No internet service,No internet service,Two year,No,Credit card (automatic),18.0,1236.0,No
CUST10482,Male,0,Yes,Yes,0,No,No phone service,Fiber optic,No,Yes,No,No,No,No,Month-to-month,No,Mailed check,64.82,63.8,Yes
CUST10483,Male,0,No,No,26,Yes,Yes,DSL,No,Yes,No,No,Yes,Yes,Two year,No,Electronic check,49.55,1224.69,No
CUST10484,Female,0,No,Yes,19,Yes,No,Fiber optic,Yes,No,No,No,No,No,Two year,No,Bank transfer (automatic),76.3,1414.13,No
CUST10485,Male,0,No,Yes,72,Yes,No,Fiber optic,Yes,Yes,No,Yes,No,No,Two year,Yes,Credit card (automatic),81.0,5674.68,No
CUST10486,Female,0,Yes,Yes,1,Yes,Yes,No,No internet service,No internet service,No internet service,No internet service,No internet service,No internet service,One year,Yes,Electronic check,18.71,17.82,No
CUST10487,Male,0,Yes,No,33,Yes,Yes,No,No internet service,No internet service,No internet service,No internet service,No internet service,No internet service,Month-to-month,No,Mailed check,18.0,569.85,No
CUST10488,Female,0,No,No,54,Yes,Yes,Fiber optic,No,No,Yes,No,No,Yes,Month-to-month,Yes,Electronic check,79.63,4257.41,No
CUST10489,Female,0,Yes,No,48,No,No phone service,Fiber optic,No,Yes,No,No,No,Yes,Month-to-month,No,Electronic check,75.88,3515.5,No
CUST10490,Male,0,Yes,Yes,16,Yes,Yes,No,No internet service,No internet service,No internet service,No internet service,No internet service,No internet service,One year,No,Electronic check,18.0,280.54,No
CUST10491,Male,0,No,No,7,Yes,Yes,No,No internet service,No internet service,No internet service,No internet service,No internet service,No internet service,Month-to-month,No,Bank transfer (automatic),31.51,213.89,No
CUST10492,Female,0,Yes,No,20,Yes,Yes,Fiber optic,No,Yes,Yes,No,No,No,One year,Yes,Electronic check,79.11,1517.77,No
CUST10493,Female,0,No,No,7,Yes,Yes,Fiber optic,Yes,No,No,No,Yes,No,Month-to-month,Yes,Credit card (automatic),80.31,560.51,No
CUST10494,Male,0,Yes,No,10,Yes,Yes,Fiber optic,No,Yes,No,No,Yes,Yes,Month-to-month,Yes,Credit card (automatic),83.97,799.94,No
CUST10495,Male,1,No,No,11,Yes,Yes,Fiber optic,No,Yes,Yes,No,No,No,Two year,No,Bank transfer (automatic),83.03,888.77,No
CUST10496,Female,0,Yes,No,7,Yes,No,No,No internet service,No internet service,No internet service,No internet service,No internet service,No internet service,Two year,No,Bank transfer (automatic),26.71,180.77,No
CUST10497,Male,1,No,No,8,Yes,No,DSL,No,No,No,No,Yes,No,One year,Yes,Electronic check,38.09,299.64,No
CUST10498,Female,0,Yes,No,0,No,No phone service,Fiber optic,No,No,No,No,No,Yes,Month-to-month,Yes,Credit card (automatic),70.62,69.37,Yes
CUST10499,Female,0,No,No,7,Yes,No,Fiber optic,No,No,No,Yes,No,Yes,Two year,Yes,Credit card (automatic),81.69,563.16,No
CUST10500,Male,0,No,No,12,Yes,No,Fiber optic,Yes,Yes,Yes,No,No,No,Month-to-month,Yes,Electronic check,91.18,1066.76,No
CUST10501,Male,1,Yes,Yes,3,No,No phone service,Fiber optic,No,No,No,No,Yes,No,One year,Yes,Bank transfer (automatic),66.45,190.49,No
CUST10502,Male,0,Yes,No,32,Yes,No,DSL,No,No,No,No,No,No,Month-to-month,Yes,Electronic check,41.73,1302.19,No
CUST10503,Male,0,Yes,No,15,Yes,Yes,Fiber optic,No,Yes,Yes,No,No,No,One year,Yes,Electronic check,80.2,1195.74,Yes
CUST10504,Male,0,Yes,Yes,31,Yes,Yes,Fiber optic,No,Yes,No,No,No,No,One year,Yes,Credit card (automatic),71.81,2151.4,No
CUST10505,Female,0,No,Yes,2,Yes,Yes,Fiber optic,No,No,No,No,No,Yes,Two year,No,Mailed check,82.06,163.19,No
CUST10506,Female,0,Yes,No,34,Yes,No,No,No internet service,No internet service,No internet service,No internet service,No internet service,No internet service,One year,No,Mailed check,23.25,778.75,No
CUST10507,Male,0,No,No,63,Yes,Yes,Fiber optic,No,No,No,No,No,Yes,Two year,Yes,Electronic check,82.84,5205.48,No
CUST10508,Male,0,No,Yes,8,Yes,Yes,No,No internet service,No internet service,No internet service,No internet service,No internet service,No internet service,Month-to-month,No,Bank transfer (automatic),21.7,169.16,No
CUST10509,Male,0,Yes,Yes,6,Yes,No,DSL,No,No,No,Yes,No,No,One year,Yes,Electronic check,64.55,373.34,No
CUST10510,Female,0,No,No,20,Yes,Yes,Fiber optic,No,No,No,No,No,Yes,Month-to-month,No,Credit card (automatic),77.47,1477.6,No
CUST10511,Male,0,Yes,Yes,20,Yes,No,Fiber optic,Yes,Yes,No,Yes,No,No,Month-to-month,Yes,Mailed check,84.8,1611.89,Yes
CUST10512,Male,0,Yes,Yes,2,Yes,Yes,DSL,No,No,No,Yes,No,No,One year,No,Credit card (automatic),57.77,114.99,No
CUST10513,Female,1,Yes,No,52,Yes,No,DSL,No,No,Yes,No,No,Yes,Two year,Yes,Mailed check,54.3,2762.1,No
CUST10514,Female,1,No,No,13,Yes,No,Fiber optic,Yes,Yes,Yes,No,No,No,Month-to-month,Yes,Electronic check,81.8,1015.94,Yes
CUST10515,Male,1,Yes,No,28,Yes,Yes,Fiber optic,No,Yes,Yes,Yes,Yes,Yes,Month-to-month,Yes,Electronic check,91.2,2470.75,No
CUST10516,Male,0,No,Yes,8,Yes,No,DSL,Yes,No,No,Yes,No,Yes,Month-to-month,Yes,Mailed check,57.87,453.36,No
CUST10517,Male,1,Yes,No,6,Yes,Yes,Fiber optic,No,No,No,No,No,No,Two year,Yes,Credit card (automatic),64.86,387.64,No
CUST10518,Female,0,No,Yes,2,Yes,Yes,DSL,No,Yes,No,Yes,No,No,Month-to-month,Yes,Credit card (automatic),53.97,106.54,Yes
CUST10519,Male,0,No,No,6,No,No phone service,No,No internet service,No internet service,No internet service,No internet service,No internet service,No internet service,Month-to-month,Yes,Credit card (automatic),21.34,124.32,Yes
CUST10520,Male,0,Yes,Yes,72,Yes,No,Fiber optic,No,No,No,Yes,No,Yes,Month-to-month,No,Electronic check,82.7,5668.53,No
CUST10521,Male,0,No,Yes,21,No,No phone service,DSL,No,Yes,No,No,No,Yes,Month-to-month,Yes,Bank transfer (automatic),53.34,1100.06,No
CUST10522,Female,1,No,No,32,Yes,No,Fiber optic,No,Yes,No,No,Yes,No,One year,Yes,Electronic check,70.81,2193.91,No
CUST10523,Female,0,Yes,No,63,Yes,Yes,No,No internet service,No internet service,No internet service,No internet service,No internet service,No internet service,Two year,Yes,Credit card (automatic),21.84,1311.94,No
CUST10524,Male,0,Yes,Yes,1,Yes,No,No,No internet service,No internet service,No internet service,No internet service,No internet service,No internet service,Month-to-month,Yes,Mailed check,20.35,20.18,Yes
CUST10525,Male,0,Yes,No,3,Yes,Yes,Fiber optic,Yes,Yes,No,No,Yes,No,Month-to-month,Yes,Credit card (automatic),78.6,235.05,Yes
CUST10526,Female,0,No,No,52,Yes,Yes,Fiber optic,No,No,No,Yes,Yes,No,Two year,No,Electronic check,77.06,3912.16,No
CUST10527,Female,0,No,No,16,Yes,Yes,No,No internet service,No internet service,No internet service,No internet service,No internet service,No internet service,Two year,No,Electronic check,22.5,344.09,No
CUST10528,Female,0,Yes,No,20,Yes,No,No,No internet service,No internet service,No internet service,No internet service,No internet service,No internet service,Month-to-month,No,Electronic check,23.57,457.32,No
CUST10529,Female,0,Yes,No,11,Yes,Yes,DSL,No,Yes,No,No,Yes,No,Month-to-month,Yes,Bank transfer (automatic),45.83,480.87,No
CUST10530,Female,0,No,No,33,Yes,Yes,Fiber optic,No,No,Yes,No,No,No,Two year,Yes,Credit card (automatic),81.21,2653.38,No
CUST10531,Female,0,No,Yes,14,Yes,Yes,Fiber optic,Yes,No,No,No,Yes,No,One year,No,Electronic check,84.19,1151.62,No
CUST10532,Female,0,No,No,34,No,No phone service,DSL,No,No,Yes,No,No,No,Two year,No,Electronic check,51.62,1701.85,No
CUST10533,Female,0,No,Yes,72,Yes,Yes,No,No internet service,No internet service,No internet service,No internet service,No internet service,No internet service,Month-to-month,Yes,Electronic check,18.0,1278.5,No
CUST10534,Female,1,Yes,Yes,20,Yes,Yes,Fiber optic,No,Yes,Yes,No,Yes,No,One year,No,Electronic check,91.22,1809.52,No
CUST10535,Male,0,Yes,Yes,15,Yes,Yes,Fiber optic,No,No,No,No,No,Yes,One year,No,Electronic check,70.2,1041.57,No
CUST10536,Male,0,Yes,Yes,9,Yes,No,DSL,No,No,No,No,No,Yes,Two year,No,Electronic check,51.14,456.14,No
CUST10537,Male,0,No,No,4,Yes,No,DSL,No,No,Yes,Yes,No,No,Two year,No,Electronic check,49.92,198.36,No
CUST10538,Female,0,Yes,No,21,Yes,Yes,DSL,No,Yes,No,No,Yes,No,Month-to-month,No,Bank transfer (automatic),50.1,1024.13,Yes
CUST10539,Male,0,Yes,No,1,Yes,Yes,No,No internet service,No internet service,No internet service,No internet service,No internet service,No internet service,One year,Yes,Credit card (automatic),18.0,17.69,No
CUST10540,Female,0,No,Yes,62,Yes,No,Fiber optic,No,No,No,No,Yes,No,Month-to-month,No,Bank transfer (automatic),76.63,4653.77,No
CUST10541,Female,0,Yes,No,20,Yes,No,DSL,No,No,Yes,No,No,No,Two year,No,Electronic check,46.64,892.12,No
CUST10542,Male,0,Yes,No,64,Yes,No,DSL,Yes,Yes,Yes,No,Yes,No,One year,Yes,Electronic check,62.04,3819.48,No
CUST10543,Female,0,No,No,6,Yes,No,Fiber optic,Yes,No,Yes,No,Yes,No,Two year,No,Electronic check,86.99,500.33,No
CUST10544,Male,0,Yes,Yes,58,Yes,Yes,Fiber optic,No,Yes,No,No,Yes,Yes,Month-to-month,Yes,Mailed check,92.45,5268.04,No
CUST10545,Male,0,Yes,Yes,18,Yes,Yes,Fiber optic,Yes,No,No,No,Yes,No,Month-to-month,No,Electronic check,80.09,1431.76,No
CUST10546,Male,0,No,No,33,No,No phone service,No,No internet service,No internet service,No internet service,No internet service,No internet service,No internet service,Month-to-month,Yes,Credit card (automatic),19.02,620.08,No
CUST10547,Female,1,Yes,No,3,Yes,No,Fiber optic,No,No,Yes,No,No,No,Month-to-month,No,Electronic check,74.34,216.08,No
CUST10548,Male,0,Yes,No,13,Yes,No,Fiber optic,Yes,No,Yes,No,No,No,Month-to-month,No,Bank transfer (automatic),80.83,1032.83,No
CUST10549,Female,0,No,Yes,16,Yes,No,Fiber optic,No,No,Yes,No,Yes,Yes,Two year,Yes,Electronic check,86.29,1339.91,No
CUST10550,Male,0,Yes,Yes,9,Yes,No,Fiber optic,No,No,No,No,No,No,Month-to-month,Yes,Mailed check,75.39,653.9,No
CUST10551,Male,1,No,Yes,5,Yes,No,Fiber optic,Yes,No,No,Yes,No,No,One year,Yes,Electronic check,75.47,375.34,No
CUST10552,Male,0,Yes,No,47,Yes,No,Fiber optic,No,Yes,Yes,No,No,No,Two year,Yes,Electronic check,72.69,3280.58,No
CUST10553,Female,0,Yes,No,1,Yes,No,Fiber optic,No,No,No,No,No,No,Two year,Yes,Electronic check,66.55,65.33,No
CUST10554,Female,0,Yes,Yes,3,Yes,No,DSL,No,Yes,No,No,No,Yes,Month-to-month,No,Electronic check,52.96,156.9,No
CUST10555,Female,1,Yes,No,7,Yes,Yes,Fiber optic,No,No,Yes,No,No,No,Month-to-month,Yes,Electronic check,68.21,468.36,No
CUST10556,Male,1,Yes,No,50,Yes,No,DSL,No,Yes,No,Yes,No,Yes,Month-to-month,Yes,Mailed check,65.7,3140.48,No
CUST10557,Male,0,Yes,No,16,Yes,No,DSL,No,Yes,No,No,Yes,Yes,Month-to-month,Yes,Mailed check,62.95,970.42,No
CUST10558,Female,0,No,Yes,9,No,No phone service,Fiber optic,No,No,No,No,Yes,No,One year,Yes,Electronic check,71.55,612.22,No
CUST10559,Female,0,Yes,No,10,Yes,No,Fiber optic,No,No,No,Yes,Yes,Yes,One year,Yes,Electronic check,82.54,815.44,No
CUST10560,Female,0,No,No,36,Yes,No,DSL,No,No,No,Yes,No,Yes,One year,Yes,Bank transfer (automatic),47.13,1627.55,No
CUST10561,Female,0,Yes,No,0,Yes,No,DSL,Yes,Yes,No,No,No,No,Two year,No,Electronic check,45.53,45.2,No
CUST10562,Female,0,Yes,No,0,Yes,Yes,Fiber optic,No,Yes,No,No,No,No,Two year,No,Credit card (automatic),71.39,68.41,No
CUST10563,Female,0,Yes,Yes,0,Yes,No,DSL,No,No,No,No,No,Yes,Two year,Yes,Mailed check,46.32,44.87,No
CUST10564,Male,0,No,Yes,12,No,No phone service,No,No internet service,No internet service,No internet service,No internet service,No internet service,No internet service,Two year,Yes,Electronic check,18.0,206.74,No
CUST10565,Female,0,No,No,17,Yes,No,No,No internet service,No internet service,No internet service,No internet service,No internet service,No internet service,Month-to-month,Yes,Credit card (automatic),25.72,427.02,Yes
CUST10566,Male,0,No,No,19,Yes,No,No,No internet service,No internet service,No internet service,No internet service,No internet service,No internet service,Month-to-month,No,Mailed check,18.51,344.55,No
CUST10567,Male,0,Yes,No,26,Yes,Yes,Fiber optic,No,No,No,Yes,Yes,Yes,Month-to-month,No,Bank transfer (automatic),81.36,2033.76,Yes
CUST10568,Female,1,Yes,No,4,Yes,Yes,No,No internet service,No internet service,No internet service,No internet service,No internet service,No internet service,One year,No,Mailed check,18.0,69.87,Yes
CUST10569,Female,0,No,No,6,Yes,No,Fiber optic,No,No,Yes,No,Yes,No,One year,No,Bank transfer (automatic),80.0,458.81,No
CUST10570,Male,0,Yes,No,5,Yes,Yes,DSL,No,No,No,Yes,No,No,Month-to-month,No,Electronic check,43.18,213.61,No
CUST10571,Female,0,Yes,No,3,Yes,Yes,Fiber optic,Yes,Yes,No,No,No,No,Two year,Yes,Mailed check,82.45,244.71,No
CUST10572,Female,0,Yes,No,5,Yes,Yes,Fiber optic,Yes,Yes,Yes,Yes,No,No,Month-to-month,No,Electronic check,87.46,421.09,No
CUST10573,Male,0,Yes,No,19,Yes,No,Fiber optic,No,Yes,No,No,Yes,No,Two year,Yes,Bank transfer (automatic),81.85,1497.94,No
CUST10574,Male,0,Yes,No,9,Yes,No,No,No internet service,No internet service,No internet service,No internet service,No internet service,No internet service,Month-to-month,No,Bank transfer (automatic),18.0,158.84,No
CUST10575,Male,0,No,No,29,Yes,Yes,Fiber optic,No,No,No,No,No,Yes,Month-to-month,Yes,Credit card (automatic),78.12,2221.19,No
CUST10576,Female,0,No,Yes,15,Yes,Yes,Fiber optic,No,No,Yes,No,No,No,Month-to-month,Yes,Credit card (automatic),80.02,1184.3,No
CUST10577,Male,0,No,No,4,Yes,No,DSL,No,Yes,No,No,No,No,Month-to-month,Yes,Electronic check,51.37,196.2,No
CUST10578,Female,1,Yes,No,12,Yes,No,No,No internet service,No internet service,No internet service,No internet service,No internet service,No internet service,Month-to-month,No,Mailed check,18.0,212.46,No
CUST10579,Male,0,No,No,17,Yes,No,DSL,No,No,Yes,No,No,Yes,One year,No,Bank transfer (automatic),42.22,708.25,No
CUST10580,Male,1,No,No,40,Yes,Yes,No,No internet service,No internet service,No internet service,No internet service,No internet service,No internet service,Month-to-month,No,Bank transfer (automatic),18.0,694.04,No
CUST10581,Male,1,No,No,35,Yes,No,Fiber optic,No,No,Yes,No,No,Yes,Two year,Yes,Mailed check,81.55,2748.38,Yes
CUST10582,Female,0,Yes,No,11,Yes,Yes,Fiber optic,No,No,No,Yes,No,Yes,Month-to-month,No,Electronic check,70.58,763.36,No
CUST10583,Female,0,No,Yes,20,Yes,No,DSL,No,No,No,Yes,Yes,Yes,Month-to-month,No,Mailed check,59.81,1143.36,Yes
CUST10584,Male,0,Yes,No,7,Yes,No,Fiber optic,No,Yes,No,No,No,No,Two year,Yes,Credit card (automatic),74.54,509.82,No
CUST10585,Male,0,No,No,20,Yes,No,No,No internet service,No internet service,No internet service,No internet service,No internet service,No internet service,Month-to-month,Yes,Mailed check,19.21,374.63,Yes
CUST10586,Male,0,Yes,No,48,Yes,No,DSL,No,No,No,Yes,Yes,Yes,One year,No,Electronic check,55.93,2640.69,No
CUST10587,Female,1,Yes,No,19,Yes,No,DSL,No,Yes,No,Yes,Yes,No,Month-to-month,No,Mailed check,54.92,1022.93,No
CUST10588,Male,0,Yes,Yes,7,No,No phone service,DSL,No,No,Yes,No,Yes,No,Month-to-month,No,Mailed check,59.03,409.37,No
CUST10589,Female,0,No,Yes,20,Yes,Yes,Fiber optic,Yes,No,No,Yes,No,No,Month-to-month,Yes,Bank transfer (automatic),78.75,1501.04,Yes
CUST10590,Male,0,Yes,No,46,Yes,No,Fiber optic,No,No,Yes,No,Yes,No,Month-to-month,Yes,Electronic check,84.67,3826.01,No
CUST10591,Male,0,No,Yes,2,Yes,No,Fiber optic,Yes,No,No,No,Yes,Yes,Month-to-month,Yes,Bank transfer (automatic),85.78,169.14,Yes
CUST10592,Male,0,No,No,13,No,No phone service,No,No internet service,No internet service,No internet service,No internet service,No internet service,No internet service,One year,No,Electronic check,19.07,245.34,No
CUST10593,Male,0,No,Yes,7,Yes,Yes,No,No internet service,No internet service,No internet service,No internet service,No internet service,No internet service,Two year,Yes,Bank transfer (automatic),18.0,122.03,No
CUST10594,Male,0,No,Yes,5,Yes,Yes,No,No internet service,No internet service,No internet service,No internet service,No internet service,No internet service,Month-to-month,No,Mailed check,18.0,86.82,Yes
CUST10595,Male,0,No,No,10,No,No phone service,Fiber optic,No,No,Yes,Yes,No,No,Two year,No,Credit card (automatic),79.23,779.01,No
CUST10596,Female,0,No,No,10,Yes,Yes,DSL,No,No,Yes,No,No,No,Month-to-month,Yes,Mailed check,48.95,477.63,No
CUST10597,Male,0,Yes,Yes,4,Yes,No,Fiber optic,No,Yes,No,No,Yes,No,Two year,No,Electronic check,82.1,318.16,No
CUST10598,Female,0,No,Yes,10,No,No phone service,DSL,No,Yes,No,No,No,No,Two year,No,Mailed check,49.14,485.14,No
CUST10599,Male,0,No,No,20,Yes,No,DSL,No,No,No,No,No,No,Month-to-month,No,Mailed check,52.48,1022.37,No
CUST10600,Male,0,Yes,No,0,Yes,Yes,Fiber optic,No,No,Yes,No,No,No,Two year,No,Electronic check,80.87,78.68,No
CUST10601,Female,0,No,No,72,Yes,Yes,No,No internet service,No internet service,No internet service,No internet service,No internet service,No internet service,Month-to-month,Yes,Bank transfer (automatic),19.14,1333.88,No
CUST10602,Male,0,Yes,Yes,7,Yes,No,Fiber optic,No,No,No,No,No,No,Month-to-month,Yes,Bank transfer (automatic),68.53,456.9,No
CUST10603,Female,0,Yes,No,19,Yes,Yes,No,No internet service,No internet service,No internet service,No internet service,No internet service,No internet service,One year,No,Credit card (automatic),19.47,366.85,Yes
CUST10604,Female,0,Yes,Yes,6,Yes,Yes,DSL,Yes,No,No,No,No,No,Two year,No,Electronic check,41.99,243.66,No
CUST10605,Male,0,Yes,No,10,Yes,No,Fiber optic,No,No,No,No,No,Yes,Two year,No,Mailed check,75.51,733.83,No
CUST10606,Female,0,No,No,15,Yes,No,No,No internet service,No internet service,No internet service,No internet service,No internet service,No internet service,Month-to-month,No,Electronic check,18.0,258.09,Yes
CUST10607,Female,0,No,No,18,Yes,Yes,Fiber optic,No,Yes,No,No,Yes,No,One year,No,Electronic check,73.11,1290.56,No
CUST10608,Male,0,No,No,29,Yes,No,Fiber optic,No,No,Yes,Yes,No,No,Month-to-month,Yes,Credit card (automatic),80.61,2290.3,Yes
CUST10609,Female,1,No,Yes,31,Yes,Yes,No,No internet service,No internet service,No internet service,No internet service,No internet service,No internet service,Month-to-month,No,Credit card (automatic),23.5,703.16,No
CUST10610,Male,0,Yes,No,14,Yes,Yes,Fiber optic,No,No,No,No,No,Yes,Month-to-month,No,Electronic check,73.78,999.77,No
CUST10611,Male,0,Yes,No,1,Yes,No,No,No internet service,No internet service,No internet service,No internet service,No internet service,No internet service,Month-to-month,Yes,Mailed check,32.85,32.44,Yes
CUST10612,Male,0,No,No,16,Yes,Yes,DSL,No,No,No,No,Yes,No,Month-to-month,No,Electronic check,51.61,806.53,No
CUST10613,Male,0,No,No,12,No,No phone service,No,No internet service,No internet service,No internet service,No internet service,No internet service,No internet service,Two year,Yes,Bank transfer (automatic),20.89,241.28,No
CUST10614,Female,1,Yes,Yes,4,Yes,No,DSL,No,Yes,Yes,No,No,Yes,Month-to-month,Yes,Bank transfer (automatic),59.26,231.87,No
CUST10615,Male,0,No,No,0,Yes,Yes,DSL,No,Yes,No,Yes,No,No,Two year,No,Mailed check,52.91,52.58,No
CUST10616,Male,1,No,Yes,7,Yes,No,Fiber optic,No,No,No,Yes,No,Yes,Month-to-month,No,Mailed check,79.7,557.81,No
CUST10617,Female,0,No,No,6,Yes,No,Fiber optic,No,No,No,No,Yes,No,Two year,No,Bank transfer (automatic),81.0,463.9,No
CUST10618,Male,0,Yes,No,13,Yes,No,Fiber optic,No,No,No,No,No,No,Month-to-month,Yes,Mailed check,67.82,857.31,No
CUST10619,Male,0,Yes,Yes,28,No,No phone service,No,No internet service,No internet service,No internet service,No internet service,No internet service,No internet service,One year,Yes,Bank transfer (automatic),18.0,490.06,No
CUST10620,Female,0,No,Yes,11,Yes,Yes,No,No internet service,No internet service,No internet service,No internet service,No internet service,No internet service,Two year,No,Bank transfer (automatic),18.0,197.44,No
CUST10621,Female,0,No,No,60,Yes,No,DSL,Yes,Yes,No,No,No,No,Two year,Yes,Electronic check,59.25,3540.83,No
CUST10622,Female,0,Yes,No,5,Yes,No,Fiber optic,No,No,No,No,No,No,Month-to-month,Yes,Bank transfer (automatic),76.84,373.62,Yes
CUST10623,Female,0,No,Yes,4,Yes,No,Fiber optic,No,No,Yes,Yes,No,No,Month-to-month,Yes,Mailed check,88.44,340.82,No
CUST10624,Female,0,No,Yes,18,Yes,Yes,DSL,No,No,Yes,Yes,Yes,No,One year,Yes,Bank transfer (automatic),59.56,1053.04,No
CUST10625,Female,1,Yes,No,45,Yes,Yes,Fiber optic,Yes,Yes,Yes,Yes,Yes,No,Month-to-month,Yes,Electronic check,92.98,4000.11,No
CUST10626,Female,0,Yes,No,22,Yes,No,DSL,No,No,No,No,No,No,One year,Yes,Electronic check,49.86,1053.23,No
CUST10627,Male,0,No,No,22,Yes,Yes,No,No internet service,No internet service,No internet service,No internet service,No internet service,No internet service,Month-to-month,No,Electronic check,19.36,422.13,No
CUST10628,Female,0,Yes,No,32,Yes,Yes,Fiber optic,No,No,No,Yes,Yes,Yes,Month-to-month,Yes,Credit card (automatic),80.15,2543.98,Yes
CUST10629,Female,0,No,No,22,No,No phone service,Fiber optic,Yes,Yes,Yes,No,No,No,Month-to-month,No,Bank transfer (automatic),88.84,1945.17,No
CUST10630,Female,0,Yes,Yes,28,Yes,Yes,No,No internet service,No internet service,No internet service,No internet service,No internet service,No internet service,Month-to-month,Yes,Bank transfer (automatic),18.0,497.59,No
CUST10631,Male,0,No,Yes,40,Yes,Yes,DSL,No,No,No,No,No,No,Two year,Yes,Bank transfer (automatic),53.51,2051.24,No
CUST10632,Male,0,No,No,0,Yes,Yes,Fiber optic,Yes,No,Yes,No,Yes,No,Month-to-month,Yes,Electronic check,77.84,75.08,Yes
CUST10633,Female,0,Yes,No,43,Yes,Yes,DSL,Yes,No,No,Yes,Yes,No,One year,Yes,Bank transfer (automatic),64.63,2704.46,No
CUST10634,Female,0,No,No,4,Yes,Yes,Fiber optic,No,No,No,No,Yes,Yes,Month-to-month,No,Bank transfer (automatic),70.35,271.83,Yes
CUST10635,Female,0,Yes,No,48,Yes,No,Fiber optic,No,Yes,Yes,No,Yes,Yes,Month-to-month,No,Mailed check,90.45,4240.47,No
CUST10636,Male,0,Yes,No,6,Yes,Yes,DSL,No,No,No,No,No,Yes,Month-to-month,No,Bank transfer (automatic),42.51,243.52,No
CUST10637,Male,0,No,No,12,Yes,Yes,Fiber optic,Yes,Yes,No,No,No,No,Month-to-month,No,Electronic check,78.2,936.15,No
CUST10638,Female,0,No,No,54,Yes,No,Fiber optic,Yes,No,No,Yes,Yes,No,Two year,Yes,Electronic check,86.05,4641.92,No
CUST10639,Male,0,Yes,Yes,2,Yes,No,Fiber optic,Yes,No,No,No,No,No,Two year,Yes,Electronic check,71.42,136.22,No
CUST10640,Female,1,Yes,No,27,Yes,No,No,No internet service,No internet service,No internet service,No internet service,No internet service,No internet service,Two year,No,Electronic check,20.84,535.68,No
CUST10641,Male,0,Yes,Yes,9,Yes,No,Fiber optic,No,Yes,Yes,No,Yes,No,Month-to-month,No,Mailed check,90.15,790.55,No
CUST10642,Male,0,Yes,No,0,Yes,No,Fiber optic,No,No,No,Yes,Yes,Yes,One year,No,Electronic check,82.7,79.16,No
CUST10643,Female,0,Yes,No,55,No,No phone service,Fiber optic,No,No,No,No,Yes,Yes,Two year,Yes,Electronic check,79.83,4201.56,No
CUST10644,Female,0,No,No,2,No,No phone service,Fiber optic,No,Yes,Yes,No,No,Yes,Month-to-month,Yes,Credit card (automatic),93.65,181.38,Yes
CUST10645,Female,0,Yes,No,29,Yes,Yes,Fiber optic,No,Yes,Yes,No,No,No,One year,Yes,Electronic check,79.69,2306.2,No
CUST10646,Female,0,No,No,9,Yes,No,No,No internet service,No internet service,No internet service,No internet service,No internet service,No internet service,One year,Yes,Mailed check,22.34,200.42,No
CUST10647,Male,0,Yes,Yes,33,Yes,No,DSL,No,No,No,Yes,Yes,No,One year,Yes,Bank transfer (automatic),51.98,1709.15,No
CUST10648,Male,1,No,No,27,Yes,No,DSL,No,No,No,Yes,Yes,No,One year,Yes,Electronic check,62.99,1630.0,No
CUST10649,Male,0,No,Yes,20,Yes,Yes,Fiber optic,No,Yes,No,No,No,No,One year,Yes,Electronic check,74.51,1422.03,No
CUST10650,Female,0,No,No,56,Yes,No,DSL,No,No,Yes,No,No,Yes,One year,Yes,Mailed check,53.15,2843.98,No
CUST10651,Male,0,Yes,No,2,Yes,No,DSL,No,Yes,No,No,No,No,Two year,Yes,Credit card (automatic),47.82,93.68,No
CUST10652,Female,0,No,Yes,32,Yes,Yes,DSL,No,Yes,No,No,No,Yes,Month-to-month,Yes,Electronic check,49.18,1521.76,No
CUST10653,Male,0,No,No,22,Yes,No,No,No internet service,No internet service,No internet service,No internet service,No internet service,No internet service,One year,No,Electronic check,18.0,393.53,No
CUST10654,Female,1,No,No,7,Yes,Yes,DSL,Yes,Yes,Yes,Yes,No,Yes,Month-to-month,Yes,Credit card (automatic),62.11,427.35,No
CUST10655,Female,0,No,No,15,Yes,Yes,DSL,No,Yes,Yes,No,No,Yes,Two year,No,Electronic check,58.69,880.27,No
CUST10656,Male,0,Yes,No,20,No,No phone service,Fiber optic,Yes,Yes,No,No,No,No,Month-to-month,Yes,Credit card (automatic),75.19,1496.91,No
CUST10657,Female,0,No,No,26,Yes,No,No,No internet service,No internet service,No internet service,No internet service,No internet service,No internet service,Month-to-month,No,Electronic check,23.03,585.93,No
CUST10658,Female,0,No,Yes,4,Yes,No,Fiber optic,No,No,No,No,No,No,Two year,No,Credit card (automatic),71.52,283.67,No
CUST10659,Male,1,No,No,2,Yes,Yes,No,No internet service,No internet service,No internet service,No internet service,No internet service,No internet service,One year,No,Credit card (automatic),18.0,34.49,No
CUST10660,Female,0,No,No,2,Yes,Yes,No,No internet service,No internet service,No internet service,No internet service,No internet service,No internet service,Month-to-month,Yes,Bank transfer (automatic),24.15,47.96,Yes
CUST10661,Female,0,No,Yes,6,Yes,Yes,Fiber optic,No,No,Yes,Yes,Yes,No,Month-to-month,No,Credit card (automatic),86.98,514.47,No
CUST10662,Female,0,No,No,3,Yes,No,DSL,Yes,No,Yes,No,No,No,Two year,Yes,Credit card (automatic),54.33,158.0,No
CUST10663,Male,0,No,No,15,Yes,No,Fiber optic,Yes,No,Yes,No,Yes,Yes,Month-to-month,Yes,Mailed check,98.68,1465.92,No
CUST10664,Male,0,No,No,11,Yes,Yes,Fiber optic,No,Yes,No,No,No,Yes,Month-to-month,No,Bank transfer (automatic),81.89,885.35,No
CUST10665,Female,0,Yes,Yes,44,Yes,No,DSL,Yes,No,No,No,No,No,One year,No,Bank transfer (automatic),52.4,2200.34,Yes
CUST10666,Male,0,No,No,25,Yes,Yes,No,No internet service,No internet service,No internet service,No internet service,No internet service,No internet service,One year,Yes,Mailed check,18.0,449.53,No
CUST10667,Female,0,No,Yes,4,Yes,Yes,Fiber optic,No,Yes,Yes,No,No,No,One year,Yes,Bank transfer (automatic),81.51,314.16,No
CUST10668,Female,1,Yes,No,0,Yes,No,No,No internet service,No internet service,No internet service,No internet service,No internet service,No internet service,One year,Yes,Mailed check,18.0,17.59,No
CUST10669,Female,0,Yes,No,24,Yes,No,Fiber optic,No,No,No,No,Yes,Yes,Two year,Yes,Electronic check,82.4,1964.67,No
CUST10670,Female,0,No,Yes,37,Yes,Yes,Fiber optic,No,Yes,No,No,No,No,Two year,No,Electronic check,76.41,2726.62,No
CUST10671,Female,0,No,Yes,24,Yes,Yes,No,No internet service,No internet service,No internet service,No internet service,No internet service,No internet service,Two year,Yes,Electronic check,23.79,549.0,No
CUST10672,Male,0,Yes,No,20,Yes,No,No,No internet service,No internet service,No internet service,No internet service,No internet service,No internet service,Month-to-month,No,Electronic check,18.77,367.05,Yes
CUST10673,Female,1,No,Yes,5,Yes,Yes,Fiber optic,No,Yes,No,No,No,Yes,Month-to-month,Yes,Electronic check,80.2,388.0,No
CUST10674,Male,0,No,Yes,13,Yes,No,No,No internet service,No internet service,No internet service,No internet service,No internet service,No internet service,One year,Yes,Bank transfer (automatic),18.69,239.23,No
CUST10675,Male,0,Yes,No,25,Yes,No,DSL,No,No,Yes,Yes,No,No,Month-to-month,Yes,Electronic check,51.5,1243.84,No
CUST10676,Female,0,Yes,No,4,Yes,No,Fiber optic,No,Yes,Yes,No,No,Yes,Month-to-month,Yes,Electronic check,89.43,357.53,No
CUST10677,Female,0,No,No,12,Yes,No,DSL,Yes,Yes,Yes,Yes,No,Yes,One year,Yes,Mailed check,66.8,772.85,Yes
CUST10678,Male,0,No,No,2,Yes,No,No,No internet service,No internet service,No internet service,No internet service,No internet service,No internet service,Two year,Yes,Electronic check,24.5,48.11,No
CUST10679,Male,0,Yes,No,15,Yes,Yes,Fiber optic,No,Yes,Yes,Yes,Yes,Yes,Month-to-month,Yes,Bank transfer (automatic),95.49,1380.17,No
CUST10680,Male,1,Yes,No,17,Yes,Yes,DSL,Yes,No,No,Yes,Yes,No,One year,No,Electronic check,63.91,1057.21,No
CUST10681,Female,0,Yes,Yes,15,Yes,No,DSL,Yes,Yes,No,Yes,No,No,One year,No,Credit card (automatic),52.45,758.87,No
CUST10682,Male,1,No,No,12,Yes,Yes,Fiber optic,No,No,No,No,No,Yes,Month-to-month,No,Credit card (automatic),75.95,884.78,No
CUST10683,Female,0,Yes,No,17,Yes,No,Fiber optic,No,Yes,No,No,Yes,No,One year,Yes,Mailed check,87.94,1467.47,No
CUST10684,Female,0,No,Yes,72,Yes,Yes,DSL,Yes,No,No,No,No,Yes,Month-to-month,Yes,Electronic check,49.89,3539.24,Yes
CUST10685,Female,0,Yes,No,19,Yes,No,No,No internet service,No internet service,No internet service,No internet service,No internet service,No internet service,Month-to-month,No,Electronic check,18.0,328.93,No
CUST10686,Male,0,No,No,27,Yes,Yes,No,No internet service,No internet service,No internet service,No internet service,No internet service,No internet service,Two year,No,Electronic check,18.51,497.25,No
CUST10687,Female,0,Yes,No,4,Yes,Yes,Fiber optic,Yes,No,No,Yes,No,No,One year,Yes,Electronic check,81.26,314.03,No
CUST10688,Female,1,No,No,15,No,No phone service,DSL,Yes,No,Yes,Yes,No,No,Month-to-month,Yes,Bank transfer (automatic),57.35,819.9,No
CUST10689,Female,1,No,No,0,Yes,No,No,No internet service,No internet service,No internet service,No internet service,No internet service,No internet service,Month-to-month,No,Credit card (automatic),22.13,22.07,Yes
CUST10690,Female,1,Yes,No,0,Yes,No,No,No internet service,No internet service,No internet service,No internet service,No internet service,No internet service,Two year,Yes,Bank transfer (automatic),24.89,23.98,No
CUST10691,Female,0,Yes,Yes,7,No,No phone service,DSL,No,Yes,No,No,No,No,Month-to-month,Yes,Bank transfer (automatic),55.57,388.93,No
CUST10692,Male,1,No,No,12,Yes,No,Fiber optic,No,No,No,Yes,Yes,No,Month-to-month,Yes,Credit card (automatic),77.82,912.7,No
CUST10693,Female,0,Yes,Yes,17,Yes,No,No,No internet service,No internet service,No internet service,No internet service,No internet service,No internet service,Month-to-month,Yes,Electronic check,19.43,327.81,No
CUST10694,Female,0,No,Yes,43,Yes,No,Fiber optic,No,Yes,No,No,No,No,One year,No,Electronic check,81.99,3368.4,No
CUST10695,Male,0,Yes,No,29,Yes,Yes,No,No internet service,No internet service,No internet service,No internet service,No internet service,No internet service,Two year,No,Credit card (automatic),18.0,510.3,No
CUST10696,Female,0,Yes,Yes,7,Yes,Yes,No,No internet service,No internet service,No internet service,No internet service,No internet service,No internet service,Two year,Yes,Mailed check,18.24,121.42,No
CUST10697,Male,0,No,Yes,27,Yes,Yes,Fiber optic,No,No,No,No,No,Yes,Month-to-month,No,Electronic check,76.6,2004.06,Yes
CUST10698,Female,0,No,Yes,15,No,No phone service,No,No internet service,No internet service,No internet service,No internet service,No internet service,No internet service,Month-to-month,Yes,Electronic check,18.0,257.06,No
CUST10699,Male,1,No,No,30,Yes,No,DSL,No,No,Yes,No,No,No,One year,Yes,Bank transfer (automatic),47.86,1397.19,No
CUST10700,Male,0,Yes,Yes,10,Yes,Yes,DSL,No,No,No,No,No,Yes,Two year,Yes,Bank transfer (automatic),51.81,510.67,No
CUST10701,Female,0,Yes,No,1,Yes,Yes,DSL,Yes,Yes,No,No,No,No,Month-to-month,No,Bank transfer (automatic),53.64,53.31,Yes
CUST10702,Female,1,No,Yes,19,Yes,Yes,Fiber optic,No,Yes,Yes,Yes,No,No,Month-to-month,No,Bank transfer (automatic),90.56,1691.83,No
CUST10703,Female,0,Yes,No,16,Yes,No,DSL,No,No,Yes,Yes,Yes,No,Month-to-month,Yes,Bank transfer (automatic),58.6,924.72,No
CUST10704,Male,1,Yes,No,61,Yes,Yes,Fiber optic,No,No,Yes,Yes,No,Yes,Two year,No,Bank transfer (automatic),82.43,4831.58,Yes
CUST10705,Male,0,Yes,No,3,Yes,Yes,DSL,Yes,No,No,No,No,No,Month-to-month,No,Electronic check,49.23,142.47,No
CUST10706,Male,0,Yes,No,21,Yes,Yes,Fiber optic,Yes,No,Yes,Yes,Yes,Yes,Two year,Yes,Bank transfer (automatic),95.75,2004.49,No
CUST10707,Female,0,No,No,12,Yes,Yes,No,No internet service,No internet service,No internet service,No internet service,No internet service,No internet service,Month-to-month,No,Electronic check,18.0,206.96,No
CUST10708,Male,0,No,No,9,Yes,No,Fiber optic,Yes,Yes,Yes,No,Yes,Yes,Month-to-month,No,Mailed check,96.98,872.41,No
CUST10709,Male,0,No,No,31,Yes,Yes,No,No internet service,No internet service,No internet service,No internet service,No internet service,No internet service,Month-to-month,Yes,Electronic check,18.0,553.55,Yes
CUST10710,Female,0,No,Yes,33,Yes,No,DSL,No,No,No,No,No,No,Month-to-month,Yes,Bank transfer (automatic),44.39,1450.4,No
CUST10711,Male,0,No,No,25,Yes,No,Fiber optic,No,Yes,No,No,No,No,One year,No,Electronic check,65.61,1624.53,Yes
CUST10712,Male,1,No,No,1,Yes,No,DSL,No,No,Yes,No,No,Yes,Two year,No,Credit card (automatic),59.35,57.49,No
CUST10713,Female,0,No,No,8,No,No phone service,Fiber optic,Yes,Yes,Yes,No,No,No,Month-to-month,Yes,Electronic check,76.79,607.95,Yes
CUST10714,Male,0,Yes,No,0,Yes,No,Fiber optic,No,No,No,No,No,Yes,One year,Yes,Mailed check,79.8,77.22,Yes
CUST10715,Female,0,Yes,No,8,No,No phone service,Fiber optic,Yes,No,Yes,No,Yes,Yes,Two year,Yes,Mailed check,91.81,711.21,No
CUST10716,Female,0,No,No,20,Yes,No,DSL,No,Yes,No,No,No,Yes,Month-to-month,Yes,Electronic check,55.99,1108.26,No
CUST10717,Female,0,Yes,No,14,Yes,No,DSL,No,Yes,No,No,No,No,Month-to-month,Yes,Electronic check,56.39,765.4,No
CUST10718,Female,1,Yes,No,24,Yes,No,DSL,No,Yes,No,Yes,No,No,Month-to-month,No,Electronic check,48.41,1150.68,No
CUST10719,Female,0,No,No,16,Yes,No,Fiber optic,Yes,Yes,No,Yes,No,Yes,Month-to-month,Yes,Electronic check,87.67,1333.38,Yes
CUST10720,Male,0,No,Yes,16,Yes,No,DSL,No,No,Yes,No,No,No,Month-to-month,No,Electronic check,54.25,832.05,Yes
CUST10721,Male,0,No,No,14,Yes,No,Fiber optic,No,No,Yes,No,No,No,Month-to-month,Yes,Credit card (automatic),85.93,1199.01,No
CUST10722,Female,0,Yes,No,9,Yes,No,DSL,No,No,Yes,Yes,No,Yes,Month-to-month,No,Bank transfer (automatic),62.32,550.49,No
CUST10723,Female,0,No,No,11,No,No phone service,No,No internet service,No internet service,No internet service,No internet service,No internet service,No internet service,Two year,No,Electronic check,18.0,192.73,No
CUST10724,Male,0,No,Yes,2,Yes,No,Fiber optic,Yes,Yes,No,No,Yes,Yes,Month-to-month,No,Credit card (automatic),89.28,174.81,Yes
CUST10725,Female,0,No,Yes,35,Yes,No,DSL,No,No,No,Yes,Yes,Yes,Month-to-month,No,Credit card (automatic),66.64,2262.67,No
CUST10726,Female,0,Yes,No,44,Yes,Yes,Fiber optic,Yes,No,No,No,Yes,No,Two year,Yes,Electronic check,85.1,3582.03,No
CUST10727,Female,0,Yes,Yes,29,Yes,Yes,Fiber optic,No,Yes,No,No,Yes,No,Month-to-month,Yes,Electronic check,68.73,1982.32,No
CUST10728,Male,0,Yes,No,17,Yes,No,No,No internet service,No internet service,No internet service,No internet service,No internet service,No internet service,Month-to-month,Yes,Bank transfer (automatic),20.54,344.89,No
CUST10729,Male,0,Yes,Yes,16,Yes,No,Fiber optic,No,No,No,No,No,No,Month-to-month,No,Bank transfer (automatic),73.46,1157.61,No
CUST10730,Female,0,Yes,Yes,12,Yes,Yes,Fiber optic,Yes,Yes,Yes,No,Yes,No,Two year,No,Mailed check,89.66,1067.52,No
CUST10731,Female,1,Yes,No,5,Yes,Yes,Fiber optic,No,No,Yes,No,Yes,Yes,Month-to-month,Yes,Electronic check,80.19,395.85,Yes
CUST10732,Male,0,No,Yes,9,Yes,Yes,Fiber optic,No,No,No,No,Yes,No,Two year,No,Electronic check,84.38,741.04,No
CUST10733,Male,0,No,No,72,Yes,Yes,No,No internet service,No internet service,No internet service,No internet service,No internet service,No internet service,One year,Yes,Bank transfer (automatic),18.2,1253.86,No
CUST10734,Female,0,No,No,3,Yes,No,DSL,No,No,No,No,No,No,One year,Yes,Bank transfer (automatic),51.37,147.23,No
CUST10735,Female,1,Yes,No,15,Yes,No,Fiber optic,No,Yes,No,No,Yes,No,One year,Yes,Electronic check,76.81,1096.35,No
CUST10736,Male,1,Yes,No,40,Yes,No,Fiber optic,No,No,Yes,No,No,Yes,Month-to-month,Yes,Mailed check,79.49,3098.8,No
CUST10737,Male,1,Yes,No,12,No,No phone service,Fiber optic,No,No,Yes,No,No,No,Month-to-month,No,Credit card (automatic),74.64,858.04,No
CUST10738,Male,0,Yes,No,18,Yes,No,DSL,No,Yes,Yes,No,No,Yes,Month-to-month,No,Electronic check,64.13,1112.38,No
CUST10739,Female,0,Yes,Yes,35,Yes,Yes,DSL,No,Yes,No,Yes,No,Yes,Month-to-month,Yes,Credit card (automatic),58.08,2020.39,No
CUST10740,Male,0,No,Yes,15,Yes,Yes,Fiber optic,No,No,Yes,No,Yes,No,Two year,No,Electronic check,80.15,1178.66,No
CUST10741,Female,0,No,No,26,Yes,Yes,Fiber optic,No,No,Yes,No,No,No,One year,Yes,Credit card (automatic),64.62,1678.9,No
CUST10742,Male,0,No,No,8,No,No phone service,DSL,Yes,No,No,No,Yes,No,Month-to-month,Yes,Bank transfer (automatic),52.77,421.1,No
CUST10743,Male,0,No,No,26,Yes,Yes,DSL,No,No,No,No,Yes,Yes,Two year,No,Bank transfer (automatic),41.54,1049.91,No
CUST10744,Male,0,No,Yes,0,Yes,Yes,Fiber optic,No,No,No,No,No,No,Two year,Yes,Mailed check,68.37,67.2,No
CUST10745,Male,0,No,No,3,Yes,Yes,DSL,Yes,Yes,Yes,No,No,Yes,Two year,No,Electronic check,63.07,188.72,No
CUST10746,Female,0,No,No,20,Yes,No,No,No internet service,No internet service,No internet service,No internet service,No internet service,No internet service,Two year,No,Electronic check,22.56,446.34,No
CUST10747,Female,0,No,No,11,Yes,No,DSL,No,Yes,No,No,Yes,Yes,Month-to-month,Yes,Electronic check,60.0,648.64,No
CUST10748,Male,1,No,Yes,35,Yes,No,DSL,No,No,Yes,Yes,No,Yes,Month-to-month,Yes,Electronic check,69.14,2370.59,No
CUST10749,Female,0,No,Yes,8,Yes,Yes,DSL,No,No,Yes,No,No,Yes,Month-to-month,No,Credit card (automatic),61.29,479.1,Yes
CUST10750,Male,0,Yes,Yes,29,Yes,Yes,DSL,No,Yes,Yes,No,Yes,No,Month-to-month,Yes,Mailed check,66.98,1858.77,No
CUST10751,Male,0,No,Yes,2,Yes,Yes,No,No internet service,No internet service,No internet service,No internet service,No internet service,No internet service,Month-to-month,No,Electronic check,26.68,50.98,Yes
CUST10752,Male,0,No,No,53,Yes,No,DSL,No,No,No,No,No,Yes,Two year,Yes,Bank transfer (automatic),50.06,2552.44,No
CUST10753,Male,0,No,Yes,10,Yes,Yes,DSL,No,No,Yes,No,Yes,No,Two year,Yes,Electronic check,51.38,502.84,No
CUST10754,Female,0,Yes,No,5,No,No phone service,No,No internet service,No internet service,No internet service,No internet service,No internet service,No internet service,One year,Yes,Electronic check,22.45,111.86,No
CUST10755,Male,0,Yes,No,31,Yes,No,DSL,No,No,No,Yes,No,No,One year,Yes,Mailed check,42.64,1281.78,No
CUST10756,Male,0,No,No,59,Yes,No,DSL,No,No,No,No,No,Yes,Month-to-month,Yes,Mailed check,59.56,3489.19,No
CUST10757,Female,1,No,No,50,Yes,No,DSL,Yes,No,Yes,No,No,No,Month-to-month,No,Electronic check,44.42,2112.38,No
CUST10758,Male,0,Yes,No,5,Yes,No,Fiber optic,No,No,No,Yes,Yes,No,Two year,Yes,Electronic check,81.1,400.23,No
CUST10759,Male,0,No,No,22,Yes,Yes,Fiber optic,No,No,No,No,No,Yes,Month-to-month,No,Bank transfer (automatic),75.23,1579.71,No
CUST10760,Male,0,No,Yes,15,Yes,No,No,No internet service,No internet service,No internet service,No internet service,No internet service,No internet service,One year,Yes,Credit card (automatic),23.21,346.42,No
CUST10761,Female,1,Yes,Yes,25,Yes,Yes,Fiber optic,Yes,No,No,No,Yes,Yes,Month-to-month,Yes,Bank transfer (automatic),87.99,2142.97,No
CUST10762,Male,0,No,Yes,13,No,No phone service,Fiber optic,No,No,No,No,No,No,Two year,No,Electronic check,72.2,915.49,No
CUST10763,Female,0,Yes,Yes,12,Yes,No,No,No internet service,No internet service,No internet service,No internet service,No internet service,No internet service,One year,No,Bank transfer (automatic),23.11,276.19,No
CUST10764,Male,1,No,No,42,Yes,Yes,Fiber optic,No,No,No,No,Yes,No,One year,Yes,Electronic check,77.77,3174.71,No
CUST10765,Male,1,No,No,40,Yes,No,DSL,No,Yes,No,No,No,Yes,Month-to-month,No,Bank transfer (automatic),46.48,1850.14,No
CUST10766,Female,1,No,Yes,30,Yes,No,Fiber optic,No,No,No,No,Yes,No,Month-to-month,No,Bank transfer (automatic),77.98,2302.1,No
CUST10767,Male,0,No,No,24,Yes,No,Fiber optic,No,No,Yes,Yes,Yes,No,Month-to-month,Yes,Electronic check,81.41,1883.77,No
CUST10768,Male,0,Yes,No,22,Yes,Yes,DSL,No,No,Yes,No,No,No,Month-to-month,No,Electronic check,47.34,992.57,No
CUST10769,Female,1,No,No,1,Yes,No,DSL,Yes,No,No,Yes,No,No,Two year,Yes,Mailed check,60.59,60.3,No
CUST10770,Female,0,No,Yes,27,Yes,No,Fiber optic,No,Yes,Yes,No,No,Yes,Two year,Yes,Bank transfer (automatic),79.74,2080.29,No
CUST10771,Female,0,No,Yes,20,No,No phone service,DSL,No,No,Yes,No,No,Yes,Month-to-month,Yes,Electronic check,59.54,1132.72,No
CUST10772,Female,0,Yes,No,7,Yes,No,Fiber optic,No,No,No,No,No,No,Month-to-month,Yes,Mailed check,60.53,421.73,No
CUST10773,Female,0,Yes,Yes,34,Yes,No,DSL,No,Yes,Yes,No,No,Yes,Two year,No,Mailed check,56.33,1870.46,No
CUST10774,Male,1,No,No,35,Yes,No,Fiber optic,No,No,Yes,No,No,No,Month-to-month,Yes,Bank transfer (automatic),73.61,2537.37,No
CUST10775,Female,0,No,No,53,Yes,No,DSL,No,No,Yes,No,No,Yes,Month-to-month,Yes,Electronic check,57.82,3057.28,Yes
CUST10776,Male,0,Yes,No,10,Yes,Yes,Fiber optic,No,No,Yes,No,No,No,Month-to-month,Yes,Electronic check,76.12,730.65,No
CUST10777,Male,1,No,No,16,Yes,No,Fiber optic,No,No,Yes,Yes,Yes,No,Month-to-month,No,Electronic check,87.95,1381.26,No
CUST10778,Male,0,No,Yes,47,Yes,Yes,No,No internet service,No internet service,No internet service,No internet service,No internet service,No internet service,Month-to-month,Yes,Mailed check,33.67,1517.08,No
CUST10779,Female,0,No,No,7,Yes,Yes,Fiber optic,Yes,No,No,Yes,Yes,Yes,Month-to-month,No,Electronic check,89.79,605.25,No
CUST10780,Female,0,No,Yes,31,Yes,Yes,Fiber optic,Yes,No,No,No,No,No,One year,Yes,Electronic check,77.09,2334.94,No
CUST10781,Male,0,No,No,72,Yes,Yes,No,No internet service,No internet service,No internet service,No internet service,No internet service,No internet service,One year,No,Mailed check,25.55,1768.12,No
CUST10782,Female,0,No,Yes,21,Yes,No,DSL,No,No,No,Yes,No,No,Month-to-month,Yes,Bank transfer (automatic),51.65,1055.95,No
CUST10783,Female,0,Yes,No,72,Yes,Yes,DSL,Yes,No,No,No,No,Yes,Month-to-month,No,Electronic check,48.24,3302.4,No
CUST10784,Female,0,No,Yes,14,Yes,No,Fiber optic,No,Yes,Yes,No,No,No,Two year,Yes,Bank transfer (automatic),73.95,1017.18,No
CUST10785,Female,0,No,No,3,Yes,No,DSL,No,No,No,No,No,Yes,One year,No,Mailed check,53.58,158.86,No
CUST10786,Male,0,No,No,3,Yes,No,No,No internet service,No internet service,No internet service,No internet service,No internet service,No internet service,Month-to-month,No,Mailed check,22.62,65.26,No
CUST10787,Male,0,No,No,26,Yes,No,Fiber optic,No,No,No,No,Yes,No,Month-to-month,No,Bank transfer (automatic),76.36,1888.89,No
CUST10788,Female,0,Yes,Yes,0,No,No phone service,Fiber optic,No,No,Yes,No,No,Yes,Month-to-month,Yes,Electronic check,84.48,80.54,Yes
CUST10789,Male,0,Yes,No,21,Yes,No,Fiber optic,No,No,Yes,No,No,No,Month-to-month,Yes,Mailed check,72.83,1501.26,Yes
CUST10790,Female,0,No,No,3,Yes,Yes,No,No internet service,No internet service,No internet service,No internet service,No internet service,No internet service,Two year,No,Credit card (automatic),18.0,54.0,No
CUST10791,Female,0,Yes,No,72,Yes,No,DSL,Yes,No,No,Yes,Yes,Yes,Month-to-month,No,Mailed check,68.85,4879.34,No
CUST10792,Male,0,No,No,3,Yes,No,Fiber optic,No,No,No,No,Yes,No,One year,Yes,Credit card (automatic),72.05,205.44,No
CUST10793,Male,0,Yes,No,16,No,No phone service,DSL,No,Yes,Yes,No,No,No,Month-to-month,No,Credit card (automatic),62.85,1002.47,No
CUST10794,Male,1,Yes,Yes,22,Yes,Yes,No,No internet service,No internet service,No internet service,No internet service,No internet service,No internet service,Two year,Yes,Bank transfer (automatic),27.3,596.33,No
CUST10795,Female,0,Yes,No,34,Yes,No,Fiber optic,Yes,No,No,No,Yes,No,Month-to-month,Yes,Mailed check,80.11,2658.74,No
CUST10796,Male,0,No,No,12,Yes,No,No,No internet service,No internet service,No internet service,No internet service,No internet service,No internet service,Month-to-month,Yes,Bank transfer (automatic),25.75,306.07,No
CUST10797,Female,0,No,No,54,Yes,No,Fiber optic,Yes,Yes,No,No,Yes,No,One year,Yes,Bank transfer (automatic),84.51,4402.48,No
CUST10798,Male,1,No,No,13,Yes,No,DSL,Yes,Yes,No,No,No,Yes,One year,No,Bank transfer (automatic),55.63,691.45,No
CUST10799,Male,0,No,No,5,Yes,No,No,No internet service,No internet service,No internet service,No internet service,No internet service,No internet service,One year,Yes,Electronic check,20.97,100.43,No
CUST10800,Female,0,Yes,No,17,Yes,Yes,No,No internet service,No internet service,No internet service,No internet service,No internet service,No internet service,One year,Yes,Bank transfer (automatic),20.1,328.65,No
CUST10801,Female,0,Yes,Yes,21,Yes,No,DSL,No,Yes,Yes,Yes,No,Yes,Month-to-month,Yes,Credit card (automatic),67.21,1360.02,No
CUST10802,Female,0,No,No,14,Yes,Yes,DSL,Yes,No,No,No,Yes,No,Month-to-month,Yes,Electronic check,53.64,729.24,Yes
CUST10803,Female,0,No,Yes,26,Yes,No,DSL,No,Yes,No,Yes,Yes,Yes,One year,Yes,Electronic check,62.22,1592.63,No
CUST10804,Female,0,Yes,No,10,Yes,Yes,Fiber optic,No,No,No,No,Yes,Yes,One year,Yes,Credit card (automatic),73.62,704.24,No
CUST10805,Female,0,No,No,0,Yes,Yes,No,No internet service,No internet service,No internet service,No internet service,No internet service,No internet service,Month-to-month,Yes,Bank transfer (automatic),24.8,23.81,Yes
CUST10806,Female,0,No,No,6,Yes,No,DSL,Yes,No,No,Yes,Yes,Yes,One year,No,Electronic check,56.48,323.87,No
CUST10807,Female,0,Yes,No,58,Yes,No,Fiber optic,No,Yes,No,No,No,Yes,Two year,Yes,Bank transfer (automatic),76.65,4330.94,No
CUST10808,Male,0,Yes,No,28,Yes,No,Fiber optic,No,No,No,No,No,No,One year,No,Bank transfer (automatic),62.88,1735.43,No
CUST10809,Female,0,No,Yes,4,Yes,Yes,DSL,No,No,No,No,No,No,Month-to-month,Yes,Electronic check,49.25,191.51,No
CUST10810,Female,0,Yes,Yes,1,Yes,No,DSL,Yes,No,Yes,Yes,Yes,No,Month-to-month,Yes,Electronic check,67.98,67.11,Yes
CUST10811,Male,0,Yes,No,8,No,No phone service,Fiber optic,No,Yes,No,No,No,Yes,Month-to-month,Yes,Bank transfer (automatic),84.15,658.65,No
CUST10812,Female,0,No,Yes,36,Yes,No,No,No internet service,No internet service,No internet service,No internet service,No internet service,No internet service,Month-to-month,Yes,Mailed check,25.34,881.06,No
CUST10813,Male,1,Yes,Yes,2,Yes,No,Fiber optic,Yes,Yes,Yes,No,No,Yes,Month-to-month,No,Electronic check,82.51,161.27,Yes
CUST10814,Male,0,No,No,15,Yes,Yes,Fiber optic,No,Yes,No,No,No,Yes,Month-to-month,Yes,Bank transfer (automatic),76.63,1139.75,No
CUST10815,Female,1,Yes,Yes,6,Yes,Yes,DSL,No,No,Yes,No,No,Yes,Month-to-month,Yes,Electronic check,54.89,315.72,No
CUST10816,Male,0,No,Yes,25,Yes,No,DSL,Yes,No,Yes,No,Yes,No,Month-to-month,No,Electronic check,54.85,1341.31,No
CUST10817,Female,1,No,Yes,0,Yes,No,DSL,No,Yes,No,No,Yes,Yes,Month-to-month,No,Electronic check,58.81,57.85,Yes
CUST10818,Male,0,Yes,No,6,Yes,Yes,DSL,No,No,No,No,No,No,Month-to-month,No,Bank transfer (automatic),49.02,292.71,No
CUST10819,Male,0,Yes,Yes,22,Yes,No,Fiber optic,No,Yes,No,No,No,Yes,Month-to-month,No,Credit card (automatic),79.31,1710.26,No
CUST10820,Male,0,No,No,15,Yes,Yes,Fiber optic,Yes,Yes,No,No,No,Yes,Month-to-month,Yes,Electronic check,87.69,1252.38,No
CUST10821,Female,0,No,Yes,30,Yes,Yes,DSL,No,Yes,No,Yes,No,Yes,Month-to-month,No,Mailed check,62.07,1821.95,No
CUST10822,Female,0,No,No,3,Yes,No,Fiber optic,No,No,Yes,No,No,No,Two year,Yes,Electronic check,79.08,227.79,No
CUST10823,Male,0,Yes,No,15,Yes,No,DSL,Yes,No,No,No,Yes,No,Two year,No,Bank transfer (automatic),58.38,852.24,No
CUST10824,Male,0,No,No,4,Yes,Yes,No,No internet service,No internet service,No internet service,No internet service,No internet service,No internet service,Month-to-month,Yes,Mailed check,22.89,89.58,No
CUST10825,Female,0,No,No,20,Yes,Yes,Fiber optic,Yes,No,No,No,No,Yes,Two year,No,Bank transfer (automatic),84.79,1666.86,No
CUST10826,Female,0,No,No,2,Yes,No,Fiber optic,No,No,Yes,Yes,No,Yes,Month-to-month,No,Credit card (automatic),91.44,174.41,Yes
CUST10827,Male,0,No,No,3,Yes,No,Fiber optic,No,Yes,No,No,No,Yes,One year,Yes,Mailed check,79.63,237.06,No
CUST10828,Male,0,Yes,No,7,Yes,No,Fiber optic,No,No,No,No,No,No,Month-to-month,No,Mailed check,68.36,477.18,No
CUST10829,Female,0,No,No,10,Yes,Yes,Fiber optic,No,Yes,No,Yes,No,No,Two year,No,Electronic check,86.78,854.72,No
CUST10830,Female,0,Yes,No,13,Yes,No,No,No internet service,No internet service,No internet service,No internet service,No internet service,No internet service,Month-to-month,No,Mailed check,18.0,229.36,No
CUST10831,Female,0,Yes,No,17,Yes,No,Fiber optic,No,No,No,No,Yes,Yes,Month-to-month,Yes,Bank transfer (automatic),83.29,1388.94,No
CUST10832,Female,1,No,No,12,Yes,No,Fiber optic,No,Yes,Yes,No,No,No,Month-to-month,Yes,Bank transfer (automatic),73.86,872.94,Yes
CUST10833,Female,0,No,Yes,0,Yes,Yes,Fiber optic,No,No,No,No,No,No,Two year,Yes,Electronic check,66.7,66.3,No
CUST10834,Male,0,Yes,No,8,Yes,No,Fiber optic,No,Yes,Yes,No,Yes,No,Month-to-month,No,Bank transfer (automatic),91.2,698.61,No
CUST10835,Female,0,No,No,1,Yes,No,No,No internet service,No internet service,No internet service,No internet service,No internet service,No internet service,Month-to-month,No,Electronic check,23.52,22.38,Yes
CUST10836,Male,0,Yes,No,2,Yes,No,Fiber optic,No,No,Yes,No,No,No,Month-to-month,Yes,Bank transfer (automatic),81.45,155.33,Yes
CUST10837,Female,0,No,No,1,Yes,No,DSL,No,No,No,Yes,Yes,No,Two year,Yes,Electronic check,50.96,49.12,No
CUST10838,Male,0,No,Yes,3,No,No phone service,Fiber optic,No,No,No,No,No,No,Month-to-month,No,Bank transfer (automatic),71.58,208.33,No
CUST10839,Female,0,Yes,No,33,Yes,Yes,No,No internet service,No internet service,No internet service,No internet service,No internet service,No internet service,One year,Yes,Electronic check,23.26,747.07,No
CUST10840,Female,0,Yes,No,19,Yes,No,No,No internet service,No internet service,No internet service,No internet service,No internet service,No internet service,Month-to-month,Yes,Credit card (automatic),18.0,328.74,No
CUST10841,Male,0,Yes,Yes,14,Yes,No,Fiber optic,Yes,No,No,Yes,No,Yes,One year,No,Bank transfer (automatic),80.38,1073.29,No
CUST10842,Male,0,Yes,No,26,Yes,No,DSL,No,No,No,Yes,No,No,Month-to-month,No,Electronic check,48.24,1207.13,No
CUST10843,Female,0,Yes,No,64,Yes,Yes,Fiber optic,No,No,Yes,No,No,No,Month-to-month,Yes,Credit card (automatic),71.83,4544.8,Yes
CUST10844,Female,0,No,Yes,10,Yes,No,DSL,No,No,Yes,No,No,Yes,Two year,Yes,Credit card (automatic),60.47,592.89,No
CUST10845,Female,1,Yes,Yes,9,No,No phone service,Fiber optic,No,Yes,No,No,No,No,One year,Yes,Mailed check,70.02,622.0,No
CUST10846,Female,0,No,Yes,72,Yes,Yes,Fiber optic,No,No,No,No,No,Yes,Two year,No,Mailed check,75.82,5329.88,No
CUST10847,Female,0,Yes,No,29,Yes,Yes,No,No internet service,No internet service,No internet service,No internet service,No internet service,No internet service,Two year,Yes,Electronic check,28.84,805.2,No
CUST10848,Male,0,No,No,30,Yes,No,DSL,No,Yes,No,No,No,No,Month-to-month,Yes,Bank transfer (automatic),46.59,1395.28,No
CUST10849,Male,0,Yes,Yes,18,Yes,No,No,No internet service,No internet service,No internet service,No internet service,No internet service,No internet service,One year,No,Electronic check,25.89,462.48,No
CUST10850,Female,0,Yes,No,14,Yes,Yes,DSL,No,Yes,No,Yes,Yes,Yes,Two year,Yes,Credit card (automatic),61.85,862.04,No
CUST10851,Male,0,No,Yes,15,Yes,Yes,Fiber optic,No,No,No,Yes,No,Yes,Month-to-month,Yes,Electronic check,79.8,1150.01,No
CUST10852,Male,0,Yes,No,21,Yes,No,DSL,No,No,No,No,No,No,Month-to-month,No,Electronic check,33.58,694.51,No
CUST10853,Male,0,No,Yes,9,Yes,No,No,No internet service,No internet service,No internet service,No internet service,No internet service,No internet service,Month-to-month,Yes,Credit card (automatic),23.72,208.65,No
CUST10854,Female,0,No,No,30,Yes,Yes,Fiber optic,Yes,No,No,No,No,No,Month-to-month,No,Mailed check,81.2,2340.35,No
CUST10855,Male,0,No,No,47,No,No phone service,DSL,No,Yes,No,No,No,No,Month-to-month,Yes,Bank transfer (automatic),54.01,2515.3,No
CUST10856,Female,0,Yes,No,16,Yes,No,DSL,No,No,No,No,No,Yes,Two year,Yes,Electronic check,50.93,774.26,No
CUST10857,Male,0,Yes,Yes,9,Yes,No,Fiber optic,No,Yes,No,No,No,Yes,Two year,No,Electronic check,78.64,678.44,No
CUST10858,Female,0,No,Yes,23,Yes,No,DSL,No,No,No,No,No,No,One year,No,Mailed check,45.98,1013.46,No
CUST10859,Male,0,No,No,4,Yes,No,DSL,No,No,No,Yes,No,No,Month-to-month,Yes,Credit card (automatic),55.41,216.99,No
CUST10860,Female,0,Yes,Yes,69,Yes,No,Fiber optic,No,No,Yes,No,No,No,Month-to-month,No,Mailed check,59.82,4026.72,No
CUST10861,Female,1,Yes,No,21,Yes,No,Fiber optic,No,Yes,No,Yes,Yes,Yes,One year,Yes,Mailed check,85.71,1793.55,No
CUST10862,Male,0,Yes,No,1,Yes,No,DSL,No,Yes,Yes,No,Yes,No,Month-to-month,Yes,Mailed check,63.0,62.46,Yes
CUST10863,Female,0,No,No,15,Yes,No,Fiber optic,No,No,Yes,No,No,No,Two year,No,Electronic check,73.46,1064.99,No
CUST10864,Female,0,Yes,No,27,Yes,No,Fiber optic,Yes,No,No,No,Yes,Yes,Two year,Yes,Bank transfer (automatic),85.17,2245.38,No
CUST10865,Female,1,No,No,6,Yes,No,No,No internet service,No internet service,No internet service,No internet service,No internet service,No internet service,Month-to-month,Yes,Electronic check,25.51,147.78,Yes
CUST10866,Female,0,Yes,No,1,Yes,No,No,No internet service,No internet service,No internet service,No internet service,No internet service,No internet service,Month-to-month,No,Credit card (automatic),21.51,20.65,Yes
CUST10867,Female,0,Yes,No,13,Yes,No,Fiber optic,No,No,Yes,No,Yes,No,Month-to-month,Yes,Bank transfer (automatic),79.05,1007.65,No
CUST10868,Female,0,Yes,No,35,Yes,Yes,No,No internet service,No internet service,No internet service,No internet service,No internet service,No internet service,Month-to-month,Yes,Electronic check,23.9,829.2,No
CUST10869,Female,0,No,No,5,Yes,Yes,Fiber optic,No,Yes,No,No,No,Yes,Month-to-month,No,Credit card (automatic),82.8,393.92,No
CUST10870,Female,0,Yes,Yes,25,Yes,No,DSL,Yes,Yes,Yes,Yes,No,Yes,Two year,No,Electronic check,67.81,1614.66,Yes
CUST10871,Male,0,Yes,No,10,Yes,No,Fiber optic,Yes,No,No,Yes,No,No,Two year,Yes,Electronic check,82.31,783.48,No
CUST10872,Male,0,Yes,Yes,1,Yes,Yes,No,No internet service,No internet service,No internet service,No internet service,No internet service,No internet service,Two year,Yes,Electronic check,20.04,19.74,No
CUST10873,Female,0,Yes,No,7,Yes,No,No,No internet service,No internet service,No internet service,No internet service,No internet service,No internet service,Two year,Yes,Mailed check,18.0,121.9,No
CUST10874,Female,0,Yes,Yes,7,Yes,Yes,No,No internet service,No internet service,No internet service,No internet service,No internet service,No internet service,Two year,No,Credit card (automatic),18.0,124.17,No
CUST10875,Male,0,No,No,47,Yes,No,Fiber optic,Yes,Yes,No,Yes,No,No,Two year,No,Electronic check,83.12,3754.82,No
CUST10876,Male,0,No,No,72,Yes,Yes,Fiber optic,No,No,No,No,Yes,Yes,One year,No,Bank transfer (automatic),83.61,5722.07,No
CUST10877,Male,0,Yes,No,4,Yes,No,DSL,Yes,No,No,No,No,No,Month-to-month,Yes,Electronic check,57.57,226.42,Yes
CUST10878,Female,0,No,No,11,Yes,No,DSL,Yes,Yes,No,Yes,No,Yes,Month-to-month,Yes,Credit card (automatic),63.76,673.12,Yes
CUST10879,Male,0,Yes,Yes,72,Yes,No,Fiber optic,No,No,No,No,No,Yes,Month-to-month,Yes,Electronic check,62.95,4431.85,No
CUST10880,Female,0,Yes,No,10,Yes,No,Fiber optic,Yes,Yes,No,Yes,No,No,Month-to-month,Yes,Credit card (automatic),88.48,859.75,No
CUST10881,Female,0,No,No,8,Yes,No,DSL,No,No,No,No,No,No,Two year,Yes,Electronic check,45.31,360.5,No
CUST10882,Male,0,No,No,2,Yes,No,Fiber optic,No,Yes,Yes,No,No,No,Month-to-month,No,Mailed check,90.74,172.75,Yes
CUST10883,Female,0,No,No,27,No,No phone service,Fiber optic,Yes,No,No,No,No,No,Month-to-month,No,Electronic check,76.24,2001.51,No
CUST10884,Female,0,Yes,No,11,No,No phone service,No,No internet service,No internet service,No internet service,No internet service,No internet service,No internet service,Month-to-month,Yes,Bank transfer (automatic),21.28,232.18,Yes
CUST10885,Female,0,Yes,No,20,Yes,Yes,DSL,Yes,No,Yes,No,No,No,Month-to-month,Yes,Bank transfer (automatic),57.42,1130.04,No
CUST10886,Female,0,No,No,14,Yes,No,Fiber optic,Yes,No,No,Yes,No,No,Month-to-month,Yes,Electronic check,68.71,956.1,No
CUST10887,Male,0,No,Yes,3,Yes,No,Fiber optic,No,No,Yes,No,Yes,No,Month-to-month,Yes,Credit card (automatic),85.09,255.16,No
CUST10888,Male,0,Yes,No,3,Yes,No,DSL,Yes,Yes,No,No,Yes,Yes,Month-to-month,No,Credit card (automatic),66.14,194.02,No
CUST10889,Female,0,No,No,56,Yes,No,Fiber optic,Yes,Yes,No,Yes,Yes,Yes,Month-to-month,Yes,Electronic check,93.45,5061.92,No
CUST10890,Female,0,No,Yes,44,Yes,No,DSL,No,No,No,No,No,Yes,Month-to-month,Yes,Electronic check,59.5,2497.69,Yes
CUST10891,Male,0,Yes,No,18,Yes,Yes,Fiber optic,No,No,No,Yes,No,Yes,Month-to-month,No,Electronic check,80.54,1422.77,No
CUST10892,Female,0,No,Yes,0,Yes,No,Fiber optic,No,No,Yes,No,No,No,One year,No,Electronic check,75.31,74.47,No
CUST10893,Male,0,No,Yes,11,Yes,No,No,No internet service,No internet service,No internet service,No internet service,No internet service,No internet service,Month-to-month,Yes,Credit card (automatic),21.32,228.65,No
CUST10894,Female,1,Yes,No,15,Yes,No,No,No internet service,No internet service,No internet service,No internet service,No internet service,No internet service,Month-to-month,Yes,Electronic check,18.33,264.02,No
CUST10895,Female,0,No,No,11,No,No phone service,DSL,No,No,Yes,Yes,Yes,Yes,One year,Yes,Credit card (automatic),71.06,777.94,No
CUST10896,Male,0,Yes,Yes,51,Yes,Yes,No,No internet service,No internet service,No internet service,No internet service,No internet service,No internet service,Month-to-month,Yes,Electronic check,22.0,1116.16,No
CUST10897,Male,0,Yes,No,0,Yes,No,No,No internet service,No internet service,No internet service,No internet service,No internet service,No internet service,Month-to-month,Yes,Bank transfer (automatic),18.18,17.62,Yes
CUST10898,Male,0,No,No,21,Yes,No,Fiber optic,Yes,No,No,No,Yes,No,Two year,No,Bank transfer (automatic),87.92,1814.69,No
CUST10899,Male,0,No,Yes,7,Yes,No,DSL,Yes,No,Yes,No,No,No,One year,No,Electronic check,52.74,364.93,No
CUST10900,Female,0,No,No,16,Yes,No,DSL,No,No,Yes,No,Yes,No,Month-to-month,Yes,Credit card (automatic),42.02,642.13,Yes
CUST10901,Male,0,No,No,21,Yes,Yes,No,No internet service,No internet service,No internet service,No internet service,No internet service,No internet service,Two year,Yes,Electronic check,27.84,580.11,No
CUST10902,Female,0,No,No,11,Yes,No,Fiber optic,Yes,No,Yes,No,No,Yes,Two year,Yes,Electronic check,80.14,869.75,No
CUST10903,Male,0,No,Yes,3,Yes,No,DSL,No,Yes,Yes,No,No,No,Month-to-month,Yes,Mailed check,47.04,137.74,No
CUST10904,Male,0,Yes,No,14,No,No phone service,Fiber optic,Yes,Yes,Yes,No,No,No,Two year,Yes,Mailed check,91.66,1278.11,No
CUST10905,Female,0,No,Yes,54,Yes,No,DSL,No,Yes,No,No,Yes,No,Two year,Yes,Bank transfer (automatic),49.84,2662.46,No
CUST10906,Male,0,No,Yes,15,Yes,Yes,No,No internet service,No internet service,No internet service,No internet service,No internet service,No internet service,Month-to-month,No,Electronic check,24.33,355.69,No
CUST10907,Male,1,Yes,No,2,Yes,Yes,No,No internet service,No internet service,No internet service,No internet service,No internet service,No internet service,One year,No,Bank transfer (automatic),22.93,45.58,No
CUST10908,Male,0,No,Yes,34,Yes,No,Fiber optic,No,No,No,No,No,No,Month-to-month,No,Mailed check,73.16,2472.08,Yes
CUST10909,Male,0,No,Yes,5,Yes,No,DSL,No,Yes,Yes,No,No,No,One year,Yes,Electronic check,56.37,276.5,No
CUST10910,Female,0,No,No,9,Yes,Yes,Fiber optic,No,Yes,No,No,No,Yes,One year,Yes,Mailed check,79.84,714.47,No
CUST10911,Female,0,Yes,No,11,Yes,No,DSL,No,Yes,Yes,No,No,No,Month-to-month,Yes,Electronic check,46.88,508.73,No
CUST10912,Male,0,No,Yes,8,Yes,No,DSL,No,Yes,Yes,No,No,No,Two year,No,Mailed check,50.34,384.53,No
CUST10913,Male,1,Yes,No,10,Yes,No,Fiber optic,No,No,Yes,No,No,Yes,Two year,No,Mailed check,85.65,851.23,No
CUST10914,Male,0,Yes,Yes,31,Yes,No,DSL,No,No,Yes,No,No,Yes,Two year,Yes,Bank transfer (automatic),64.65,1979.11,No
CUST10915,Female,1,No,No,5,Yes,Yes,Fiber optic,Yes,No,No,No,Yes,Yes,Month-to-month,No,Electronic check,73.93,357.3,No
CUST10916,Female,0,No,Yes,12,Yes,Yes,DSL,No,Yes,No,Yes,Yes,No,Month-to-month,Yes,Bank transfer (automatic),62.46,717.37,No
CUST10917,Female,0,Yes,No,0,No,No phone service,Fiber optic,Yes,No,No,No,No,No,Two year,Yes,Electronic check,81.15,77.4,No
CUST10918,Female,1,Yes,No,14,Yes,No,DSL,No,Yes,No,No,No,Yes,Month-to-month,Yes,Mailed check,54.32,759.1,No
CUST10919,Male,0,No,Yes,2,Yes,No,Fiber optic,No,No,No,Yes,No,Yes,Month-to-month,No,Bank transfer (automatic),69.18,135.54,Yes
CUST10920,Male,0,No,No,6,Yes,No,Fiber optic,No,No,No,Yes,No,No,Two year,No,Credit card (automatic),83.7,478.68,No
CUST10921,Male,0,No,No,7,Yes,No,No,No internet service,No internet service,No internet service,No internet service,No internet service,No internet service,Month-to-month,No,Mailed check,18.45,122.85,No
CUST10922,Female,1,No,No,1,Yes,No,Fiber optic,No,No,No,Yes,Yes,No,Month-to-month,No,Electronic check,73.3,70.03,Yes
CUST10923,Male,0,Yes,No,8,Yes,Yes,Fiber optic,No,Yes,Yes,No,No,Yes,Month-to-month,No,Bank transfer (automatic),80.39,632.97,No
CUST10924,Female,1,Yes,No,13,Yes,No,No,No internet service,No internet service,No internet service,No internet service,No internet service,No internet service,Month-to-month,No,Credit card (automatic),25.98,324.39,Yes
CUST10925,Female,0,Yes,No,11,Yes,No,Fiber optic,Yes,Yes,Yes,No,Yes,No,Month-to-month,Yes,Electronic check,89.36,959.13,No
CUST10926,Male,0,Yes,No,6,Yes,Yes,Fiber optic,No,No,No,No,Yes,Yes,Month-to-month,Yes,Electronic check,67.02,398.74,No
CUST10927,Male,0,Yes,No,6,Yes,No,DSL,No,Yes,No,No,Yes,No,Month-to-month,Yes,Mailed check,64.91,384.94,No
CUST10928,Male,0,Yes,No,20,Yes,No,No,No internet service,No internet service,No internet service,No internet service,No internet service,No internet service,Two year,Yes,Electronic check,22.42,434.94,No
CUST10929,Female,1,No,No,25,Yes,No,Fiber optic,No,No,No,No,Yes,No,Month-to-month,Yes,Electronic check,71.59,1775.63,No
CUST10930,Female,0,Yes,No,17,Yes,No,DSL,No,No,Yes,No,No,No,One year,No,Electronic check,56.49,927.16,No
CUST10931,Male,0,No,No,72,Yes,No,DSL,Yes,Yes,Yes,Yes,Yes,Yes,Month-to-month,Yes,Bank transfer (automatic),71.5,4954.19,No
CUST10932,Male,0,No,No,57,Yes,No,Fiber optic,No,No,No,No,Yes,No,One year,Yes,Electronic check,74.14,4173.93,No
CUST10933,Female,0,No,Yes,2,Yes,Yes,DSL,No,No,No,No,Yes,No,Two year,Yes,Electronic check,50.93,99.3,No
CUST10934,Male,0,No,No,6,Yes,Yes,Fiber optic,Yes,No,No,No,No,Yes,One year,Yes,Credit card (automatic),81.98,490.6,No
CUST10935,Female,1,No,No,40,Yes,Yes,DSL,Yes,Yes,Yes,Yes,Yes,No,One year,Yes,Bank transfer (automatic),73.22,2821.96,No
CUST10936,Female,1,Yes,No,0,No,No phone service,Fiber optic,Yes,No,No,No,No,Yes,Month-to-month,Yes,Bank transfer (automatic),73.57,71.84,Yes
CUST10937,Male,0,Yes,No,17,Yes,Yes,DSL,No,No,Yes,No,No,Yes,Month-to-month,No,Mailed check,43.57,711.16,No
CUST10938,Male,1,Yes,No,61,Yes,No,Fiber optic,No,No,No,No,Yes,Yes,Two year,Yes,Electronic check,85.11,4952.96,No
CUST10939,Male,1,Yes,No,22,Yes,No,DSL,Yes,Yes,No,Yes,Yes,Yes,Two year,Yes,Mailed check,64.63,1364.11,No
CUST10940,Male,0,No,No,1,Yes,Yes,Fiber optic,Yes,No,No,No,Yes,No,Month-to-month,No,Electronic check,80.94,77.13,Yes
CUST10941,Female,0,No,No,27,Yes,No,No,No internet service,No internet service,No internet service,No internet service,No internet service,No internet service,Two year,No,Electronic check,24.48,634.53,No
CUST10942,Female,1,No,Yes,9,Yes,No,No,No internet service,No internet service,No internet service,No internet service,No internet service,No internet service,Month-to-month,Yes,Credit card (automatic),25.19,215.63,No
CUST10943,Female,0,Yes,No,50,Yes,Yes,DSL,No,No,No,Yes,No,Yes,One year,No,Credit card (automatic),50.07,2395.42,No
CUST10944,Male,1,No,No,6,Yes,No,Fiber optic,No,Yes,No,No,No,No,Month-to-month,Yes,Electronic check,70.72,412.28,No
CUST10945,Female,0,Yes,No,12,Yes,Yes,Fiber optic,Yes,Yes,Yes,No,No,Yes,One year,No,Mailed check,85.5,988.98,No
CUST10946,Male,0,No,No,27,Yes,Yes,No,No internet service,No internet service,No internet service,No internet service,No internet service,No internet service,Month-to-month,Yes,Credit card (automatic),18.0,469.69,No
CUST10947,Male,0,Yes,No,5,Yes,Yes,No,No internet service,No internet service,No internet service,No internet service,No internet service,No internet service,Two year,No,Bank transfer (automatic),21.27,101.94,No
CUST10948,Male,0,Yes,Yes,4,Yes,No,DSL,No,Yes,Yes,No,No,No,Two year,No,Credit card (automatic),46.8,186.55,No
CUST10949,Male,0,Yes,No,0,Yes,No,DSL,Yes,Yes,No,No,No,No,Month-to-month,Yes,Mailed check,48.52,48.27,Yes
CUST10950,Male,0,No,Yes,13,Yes,No,Fiber optic,No,Yes,No,No,No,Yes,One year,Yes,Mailed check,79.26,995.91,No
CUST10951,Male,0,Yes,No,52,Yes,No,DSL,No,No,No,No,No,No,One year,Yes,Bank transfer (automatic),48.17,2494.49,No
CUST10952,Female,0,Yes,Yes,6,Yes,Yes,No,No internet service,No internet service,No internet service,No internet service,No internet service,No internet service,Month-to-month,Yes,Electronic check,18.0,104.97,No
CUST10953,Male,0,No,No,0,No,No phone service,No,No internet service,No internet service,No internet service,No internet service,No internet service,No internet service,Month-to-month,No,Bank transfer (automatic),18.46,17.81,Yes
CUST10954,Female,1,No,No,19,Yes,No,Fiber optic,No,Yes,Yes,Yes,No,No,Month-to-month,Yes,Mailed check,75.25,1429.01,No
CUST10955,Female,0,Yes,Yes,1,Yes,No,DSL,No,No,No,Yes,Yes,Yes,Month-to-month,Yes,Bank transfer (automatic),64.0,62.18,Yes
CUST10956,Male,0,No,No,14,Yes,No,Fiber optic,No,No,Yes,Yes,No,No,One year,Yes,Electronic check,82.43,1101.14,No
CUST10957,Male,0,Yes,Yes,9,Yes,No,Fiber optic,No,No,No,No,No,Yes,Month-to-month,Yes,Bank transfer (automatic),78.58,692.49,No
CUST10958,Male,0,Yes,Yes,12,Yes,No,No,No internet service,No internet service,No internet service,No internet service,No internet service,No internet service,Month-to-month,Yes,Bank transfer (automatic),18.57,213.72,No
CUST10959,Female,0,Yes,No,3,Yes,No,DSL,Yes,No,Yes,Yes,No,No,Month-to-month,No,Credit card (automatic),58.11,170.97,No
CUST10960,Male,0,Yes,No,1,Yes,No,Fiber optic,No,No,Yes,No,Yes,Yes,Two year,Yes,Mailed check,84.08,80.08,No
CUST10961,Female,0,No,Yes,27,Yes,No,DSL,No,No,No,Yes,No,No,Two year,Yes,Credit card (automatic),47.01,1212.84,No
CUST10962,Male,0,No,No,5,No,No phone service,Fiber optic,No,Yes,No,Yes,No,No,One year,No,Electronic check,82.21,396.92,No
CUST10963,Male,0,Yes,No,32,Yes,No,No,No internet service,No internet service,No internet service,No internet service,No internet service,No internet service,Month-to-month,No,Electronic check,20.5,643.42,No
CUST10964,Female,1,No,Yes,28,Yes,Yes,No,No internet service,No internet service,No internet service,No internet service,No internet service,No internet service,Month-to-month,No,Electronic check,22.92,630.41,No
CUST10965,Female,0,No,No,4,Yes,No,Fiber optic,No,Yes,Yes,Yes,Yes,No,Month-to-month,No,Electronic check,89.51,351.73,No
CUST10966,Male,1,Yes,No,47,Yes,No,No,No internet service,No internet service,No internet service,No internet service,No internet service,No internet service,One year,No,Electronic check,18.0,825.28,No
CUST10967,Female,1,Yes,No,3,Yes,Yes,DSL,Yes,No,No,No,Yes,Yes,Month-to-month,No,Bank transfer (automatic),52.45,152.08,No
CUST10968,Female,1,No,No,31,Yes,No,Fiber optic,No,Yes,No,Yes,No,Yes,Month-to-month,No,Electronic check,79.01,2433.79,No
CUST10969,Female,1,No,No,10,No,No phone service,Fiber optic,No,Yes,Yes,No,No,Yes,Two year,Yes,Electronic check,79.4,772.24,No
CUST10970,Female,0,No,No,4,Yes,No,Fiber optic,No,No,No,Yes,No,Yes,Month-to-month,Yes,Bank transfer (automatic),80.99,320.44,No
CUST10971,Female,0,No,No,55,Yes,No,DSL,Yes,Yes,No,No,Yes,Yes,Two year,Yes,Bank transfer (automatic),55.87,2991.69,No
CUST10972,Male,0,Yes,No,66,Yes,Yes,No,No internet service,No internet service,No internet service,No internet service,No internet service,No internet service,Two year,Yes,Bank transfer (automatic),20.15,1320.45,No
CUST10973,Male,0,No,Yes,14,Yes,No,Fiber optic,No,Yes,No,Yes,No,No,Month-to-month,Yes,Bank transfer (automatic),72.89,970.87,No
CUST10974,Female,0,Yes,No,12,Yes,Yes,Fiber optic,No,Yes,No,Yes,Yes,No,Two year,No,Bank transfer (automatic),84.98,982.45,No
CUST10975,Male,0,No,No,46,Yes,Yes,Fiber optic,No,Yes,No,No,Yes,Yes,Month-to-month,Yes,Electronic check,81.73,3718.23,No
CUST10976,Male,1,No,No,18,Yes,Yes,DSL,No,Yes,No,Yes,Yes,Yes,Two year,No,Mailed check,66.21,1173.39,No
CUST10977,Female,1,Yes,No,6,Yes,No,DSL,Yes,No,No,No,Yes,Yes,Month-to-month,Yes,Bank transfer (automatic),60.71,362.57,No
CUST10978,Male,0,Yes,No,11,Yes,Yes,No,No internet service,No internet service,No internet service,No internet service,No internet service,No internet service,Two year,Yes,Bank transfer (automatic),21.44,231.03,No
CUST10979,Female,0,No,Yes,36,Yes,No,Fiber optic,Yes,Yes,No,No,No,No,One year,Yes,Mailed check,83.87,3012.62,No
CUST10980,Female,1,Yes,No,39,Yes,No,No,No internet service,No internet service,No internet service,No internet service,No internet service,No internet service,Month-to-month,Yes,Mailed check,18.0,699.02,No
CUST10981,Male,0,No,Yes,56,Yes,No,DSL,No,Yes,Yes,No,No,No,One year,No,Electronic check,59.35,3311.36,No
CUST10982,Female,0,No,No,6,Yes,No,No,No internet service,No internet service,No internet service,No internet service,No internet service,No internet service,Two year,Yes,Mailed check,18.0,105.92,No
CUST10983,Female,0,No,No,22,Yes,Yes,No,No internet service,No internet service,No internet service,No internet service,No internet service,No internet service,Two year,Yes,Bank transfer (automatic),25.46,557.04,No
CUST10984,Female,0,Yes,Yes,1,Yes,Yes,Fiber optic,No,No,No,No,Yes,Yes,One year,No,Mailed check,84.08,81.68,No
CUST10985,Female,0,No,No,25,Yes,Yes,Fiber optic,Yes,Yes,No,No,Yes,No,One year,No,Bank transfer (automatic),82.29,2054.66,No
CUST10986,Female,1,No,No,16,Yes,Yes,Fiber optic,No,No,No,Yes,Yes,Yes,Month-to-month,Yes,Credit card (automatic),93.45,1432.87,No
CUST10987,Male,0,No,No,5,No,No phone service,DSL,No,No,Yes,No,No,No,Two year,No,Electronic check,44.26,213.54,Yes
CUST10988,Male,0,No,Yes,21,Yes,No,Fiber optic,No,No,No,No,Yes,No,One year,No,Bank transfer (automatic),69.16,1416.92,No
CUST10989,Female,0,No,No,2,Yes,Yes,DSL,No,No,No,Yes,Yes,No,Two year,Yes,Bank transfer (automatic),57.1,113.98,No
CUST10990,Female,0,No,No,8,Yes,Yes,No,No internet service,No internet service,No internet service,No internet service,No internet service,No internet service,One year,Yes,Mailed check,18.88,147.85,No
CUST10991,Male,1,Yes,No,10,Yes,No,No,No internet service,No internet service,No internet service,No internet service,No internet service,No internet service,Month-to-month,No,Electronic check,32.47,309.48,No
CUST10992,Female,0,No,No,30,Yes,No,Fiber optic,No,No,Yes,No,No,No,Month-to-month,No,Mailed check,78.08,2297.64,No
CUST10993,Male,0,Yes,No,7,Yes,No,DSL,No,No,Yes,No,Yes,Yes,Month-to-month,Yes,Electronic check,66.46,464.13,No
CUST10994,Female,0,Yes,No,1,Yes,No,DSL,No,Yes,No,No,No,No,One year,Yes,Bank transfer (automatic),49.49,48.09,No
CUST10995,Female,0,Yes,No,3,Yes,No,No,No internet service,No internet service,No internet service,No internet service,No internet service,No internet service,Month-to-month,Yes,Mailed check,18.0,52.11,No
CUST10996,Female,0,No,No,18,Yes,No,No,No internet service,No internet service,No internet service,No internet service,No internet service,No internet service,One year,Yes,Mailed check,18.0,317.5,No
CUST10997,Female,0,No,No,0,No,No phone service,Fiber optic,Yes,Yes,No,Yes,Yes,No,Month-to-month,No,Bank transfer (automatic),92.28,90.82,Yes
CUST10998,Female,0,No,No,31,Yes,Yes,Fiber optic,No,No,Yes,No,No,No,Month-to-month,Yes,Electronic check,70.89,2132.01,No
CUST10999,Female,0,Yes,No,46,Yes,Yes,Fiber optic,Yes,No,No,Yes,Yes,No,Month-to-month,No,Bank transfer (automatic),82.18,3605.73,No
CUST11000,Female,0,Yes,No,13,Yes,Yes,No,No internet service,No internet service,No internet service,No internet service,No internet service,No internet service,Month-to-month,Yes,Credit card (automatic),19.33,243.42,No
CUST11001,Male,1,Yes,No,24,No,No phone service,Fiber optic,No,No,No,No,Yes,Yes,Month-to-month,Yes,Electronic check,78.88,1844.57,No
CUST11002,Male,1,No,No,12,Yes,Yes,DSL,No,No,Yes,No,No,Yes,One year,No,Electronic check,52.62,616.27,No
CUST11003,Male,0,Yes,No,7,Yes,Yes,Fiber optic,Yes,No,No,No,No,Yes,Month-to-month,No,Credit card (automatic),72.75,501.63,Yes
CUST11004,Female,0,Yes,Yes,3,Yes,No,DSL,Yes,No,No,No,No,No,Month-to-month,Yes,Mailed check,49.66,141.65,No
CUST11005,Female,0,Yes,No,14,Yes,Yes,Fiber optic,No,No,Yes,No,Yes,No,Two year,Yes,Bank transfer (automatic),75.99,1057.66,No
CUST11006,Female,1,No,Yes,53,Yes,Yes,Fiber optic,No,No,No,No,Yes,Yes,Month-to-month,Yes,Mailed check,80.96,4206.32,Yes
CUST11007,Female,0,No,Yes,44,Yes,Yes,No,No internet service,No internet service,No internet service,No internet service,No internet service,No internet service,Two year,Yes,Credit card (automatic),18.0,773.35,No
CUST11008,Female,0,No,Yes,50,Yes,Yes,Fiber optic,No,No,No,Yes,No,Yes,Two year,Yes,Mailed check,84.29,4037.75,No
CUST11009,Female,0,Yes,No,67,Yes,No,DSL,Yes,Yes,No,No,No,No,Month-to-month,Yes,Electronic check,51.27,3284.12,No
CUST11010,Female,0,Yes,No,3,Yes,No,No,No internet service,No internet service,No internet service,No internet service,No internet service,No internet service,Month-to-month,Yes,Credit card (automatic),28.89,84.76,No
CUST11011,Male,0,Yes,Yes,3,No,No phone service,No,No internet service,No internet service,No internet service,No internet service,No internet service,No internet service,Month-to-month,Yes,Electronic check,18.0,53.24,No
CUST11012,Female,0,Yes,No,11,No,No phone service,Fiber optic,No,No,Yes,No,No,No,Month-to-month,No,Bank transfer (automatic),76.66,833.24,No
CUST11013,Male,0,Yes,Yes,23,Yes,No,DSL,No,Yes,No,No,Yes,Yes,Month-to-month,Yes,Electronic check,56.72,1276.58,No
CUST11014,Male,0,Yes,No,11,Yes,Yes,DSL,No,No,Yes,No,No,No,Month-to-month,Yes,Mailed check,46.74,497.55,No
CUST11015,Female,0,Yes,No,44,Yes,Yes,DSL,No,No,No,No,No,No,Month-to-month,Yes,Bank transfer (automatic),46.17,1944.29,Yes
CUST11016,Female,0,Yes,Yes,25,Yes,Yes,DSL,Yes,No,No,Yes,No,No,Two year,No,Bank transfer (automatic),55.86,1366.21,No
CUST11017,Male,0,Yes,Yes,20,Yes,No,DSL,No,Yes,No,No,No,No,Month-to-month,No,Mailed check,49.04,948.08,No
CUST11018,Male,0,No,No,1,Yes,Yes,DSL,No,No,Yes,No,No,No,One year,No,Electronic check,49.09,48.62,No
CUST11019,Female,1,No,No,3,Yes,Yes,No,No internet service,No internet service,No internet service,No internet service,No internet service,No internet service,One year,No,Bank transfer (automatic),18.0,52.67,No
CUST11020,Female,0,No,Yes,11,Yes,No,Fiber optic,No,No,No,Yes,No,No,Month-to-month,Yes,Credit card (automatic),78.56,830.65,No
CUST11021,Male,0,Yes,No,72,Yes,No,Fiber optic,Yes,Yes,Yes,Yes,Yes,No,Month-to-month,No,Credit card (automatic),95.43,6812.74,Yes
CUST11022,Female,0,Yes,No,8,No,No phone service,DSL,No,Yes,Yes,No,No,No,Month-to-month,Yes,Electronic check,55.22,439.86,No
CUST11023,Female,1,No,No,19,Yes,No,No,No internet service,No internet service,No internet service,No internet service,No internet service,No internet service,One year,No,Bank transfer (automatic),19.46,354.65,No
CUST11024,Female,0,Yes,No,72,Yes,No,Fiber optic,No,No,No,Yes,No,No,Month-to-month,No,Electronic check,82.87,5832.65,No
CUST11025,Male,0,No,No,6,Yes,Yes,No,No internet service,No internet service,No internet service,No internet service,No internet service,No internet service,One year,No,Electronic check,18.0,107.18,No
CUST11026,Male,1,No,No,3,Yes,No,Fiber optic,No,No,No,No,Yes,No,One year,Yes,Electronic check,72.24,215.26,No
CUST11027,Male,0,No,No,15,Yes,Yes,DSL,Yes,Yes,Yes,Yes,No,No,Two year,Yes,Electronic check,62.17,913.1,No
CUST11028,Female,0,No,No,16,Yes,No,No,No internet service,No internet service,No internet service,No internet service,No internet service,No internet service,Month-to-month,No,Credit card (automatic),24.49,382.67,No
CUST11029,Female,0,No,Yes,50,Yes,Yes,Fiber optic,No,Yes,No,No,Yes,No,One year,Yes,Bank transfer (automatic),83.84,3992.28,No
CUST11030,Male,0,No,No,0,Yes,Yes,Fiber optic,No,No,No,No,No,No,Month-to-month,Yes,Bank transfer (automatic),63.08,62.23,Yes
CUST11031,Male,1,Yes,Yes,10,Yes,No,Fiber optic,No,No,No,No,Yes,No,Month-to-month,Yes,Credit card (automatic),81.29,779.69,No
CUST11032,Male,0,Yes,Yes,7,Yes,No,Fiber optic,No,No,Yes,No,No,Yes,Month-to-month,No,Credit card (automatic),80.82,562.46,No
CUST11033,Female,0,Yes,No,16,Yes,No,No,No internet service,No internet service,No internet service,No internet service,No internet service,No internet service,One year,No,Electronic check,29.36,464.8,No
CUST11034,Male,0,Yes,No,0,Yes,No,Fiber optic,No,No,No,No,No,Yes,Two year,Yes,Bank transfer (automatic),70.09,70.07,No
CUST11035,Male,0,Yes,Yes,24,Yes,No,Fiber optic,No,No,No,No,No,No,Month-to-month,Yes,Mailed check,73.47,1723.26,No
CUST11036,Female,0,Yes,No,13,Yes,Yes,Fiber optic,No,No,No,Yes,Yes,Yes,Month-to-month,Yes,Electronic check,79.62,1007.29,No
CUST11037,Female,0,No,No,24,Yes,No,No,No internet service,No internet service,No internet service,No internet service,No internet service,No internet service,Month-to-month,Yes,Bank transfer (automatic),19.88,460.53,No
CUST11038,Female,0,Yes,No,11,Yes,No,Fiber optic,Yes,No,No,No,No,Yes,One year,Yes,Mailed check,70.29,736.05,Yes
CUST11039,Male,0,Yes,Yes,12,No,No phone service,DSL,No,No,No,No,No,No,Month-to-month,Yes,Credit card (automatic),38.38,452.16,No
CUST11040,Female,0,Yes,No,45,Yes,No,Fiber optic,No,No,Yes,No,No,No,Month-to-month,Yes,Credit card (automatic),68.53,3075.7,No
CUST11041,Female,0,No,No,4,Yes,Yes,DSL,No,No,Yes,Yes,No,No,One year,No,Electronic check,53.51,208.4,No
CUST11042,Male,0,Yes,No,4,No,No phone service,DSL,Yes,No,No,No,Yes,Yes,One year,Yes,Mailed check,64.24,247.89,No
CUST11043,Female,0,No,No,16,Yes,No,DSL,No,Yes,No,No,No,Yes,Month-to-month,Yes,Bank transfer (automatic),53.16,836.9,No
CUST11044,Male,0,No,No,21,Yes,Yes,DSL,Yes,No,No,No,Yes,No,One year,Yes,Electronic check,56.89,1177.63,No
CUST11045,Male,0,No,No,8,Yes,No,DSL,No,No,No,No,Yes,No,Month-to-month,No,Electronic check,42.65,336.35,No
CUST11046,Female,0,Yes,No,14,Yes,No,DSL,No,No,No,No,No,No,Month-to-month,Yes,Mailed check,50.12,700.21,No
CUST11047,Female,0,No,No,5,Yes,No,Fiber optic,No,Yes,No,No,Yes,Yes,Month-to-month,No,Electronic check,87.78,419.63,No
CUST11048,Female,0,No,No,2,Yes,Yes,DSL,Yes,Yes,No,Yes,Yes,No,Two year,Yes,Electronic check,68.53,135.77,No
CUST11049,Female,1,Yes,Yes,5,Yes,No,DSL,Yes,Yes,No,No,No,Yes,Two year,Yes,Bank transfer (automatic),53.52,255.32,No
CUST11050,Female,0,Yes,No,49,Yes,No,No,No internet service,No internet service,No internet service,No internet service,No internet service,No internet service,Month-to-month,No,Mailed check,18.0,868.87,No
CUST11051,Female,0,Yes,No,32,Yes,Yes,No,No internet service,No internet service,No internet service,No internet service,No internet service,No internet service,One year,Yes,Mailed check,18.21,575.57,No
CUST11052,Male,0,No,Yes,3,Yes,No,DSL,Yes,Yes,Yes,No,No,No,One year,No,Bank transfer (automatic),62.53,182.0,No
CUST11053,Male,0,Yes,No,0,Yes,No,No,No internet service,No internet service,No internet service,No internet service,No internet service,No internet service,Two year,Yes,Mailed check,30.72,30.29,No
CUST11054,Female,0,No,No,1,Yes,Yes,Fiber optic,No,No,Yes,No,Yes,Yes,Two year,No,Mailed check,82.31,79.03,No
CUST11055,Male,1,Yes,No,6,Yes,Yes,DSL,No,Yes,No,No,No,No,One year,No,Bank transfer (automatic),53.66,306.39,No
CUST11056,Female,0,No,Yes,33,Yes,Yes,Fiber optic,No,No,No,No,No,No,Month-to-month,Yes,Mailed check,63.56,2011.26,Yes
CUST11057,Male,0,No,No,7,Yes,Yes,No,No internet service,No internet service,No internet service,No internet service,No internet service,No internet service,Month-to-month,No,Credit card (automatic),18.0,120.57,Yes
CUST11058,Male,0,Yes,No,4,Yes,Yes,Fiber optic,No,Yes,No,No,No,Yes,One year,Yes,Bank transfer (automatic),90.51,359.14,No
CUST11059,Male,0,Yes,No,10,Yes,Yes,DSL,Yes,No,No,No,No,Yes,Two year,Yes,Mailed check,51.36,494.89,No
CUST11060,Female,0,Yes,Yes,2,Yes,No,DSL,Yes,No,No,No,No,Yes,Month-to-month,Yes,Credit card (automatic),53.82,106.15,Yes
CUST11061,Male,0,Yes,No,12,Yes,No,DSL,No,No,Yes,No,Yes,Yes,Two year,Yes,Mailed check,45.69,543.66,No
CUST11062,Female,0,No,No,22,Yes,No,DSL,No,No,Yes,Yes,No,No,One year,Yes,Credit card (automatic),51.7,1134.84,No
CUST11063,Male,0,Yes,No,9,Yes,No,DSL,No,No,No,No,No,No,Month-to-month,Yes,Credit card (automatic),46.03,410.65,Yes
CUST11064,Male,0,No,Yes,3,Yes,No,Fiber optic,Yes,No,No,No,No,Yes,One year,Yes,Electronic check,72.88,216.93,No
CUST11065,Male,0,Yes,No,12,Yes,No,Fiber optic,No,No,No,No,Yes,Yes,Month-to-month,No,Electronic check,80.6,935.47,No
CUST11066,Male,0,Yes,No,28,No,No phone service,Fiber optic,Yes,No,No,Yes,Yes,Yes,One year,Yes,Electronic check,89.04,2404.6,No
CUST11067,Male,0,No,Yes,1,Yes,Yes,Fiber optic,No,No,Yes,Yes,Yes,Yes,One year,No,Mailed check,94.99,92.24,No
CUST11068,Female,0,No,Yes,1,Yes,No,DSL,No,No,Yes,No,No,Yes,Two year,Yes,Credit card (automatic),59.48,58.52,No
CUST11069,Female,1,Yes,Yes,7,Yes,No,Fiber optic,No,No,Yes,No,Yes,No,Two year,Yes,Electronic check,86.17,582.36,No
CUST11070,Male,0,No,Yes,10,Yes,No,No,No internet service,No internet service,No internet service,No internet service,No internet service,No internet service,Month-to-month,No,Credit card (automatic),24.18,230.07,No
CUST11071,Male,1,Yes,No,4,Yes,No,Fiber optic,No,Yes,Yes,No,No,Yes,Month-to-month,Yes,Credit card (automatic),80.33,314.01,No
CUST11072,Male,1,No,No,0,Yes,Yes,Fiber optic,Yes,No,No,Yes,Yes,Yes,Two year,Yes,Mailed check,91.72,87.29,No
CUST11073,Male,1,Yes,Yes,4,Yes,Yes,DSL,Yes,No,No,Yes,No,No,One year,Yes,Electronic check,53.11,210.12,No
CUST11074,Female,0,Yes,No,11,Yes,No,DSL,No,Yes,No,Yes,No,No,Two year,No,Bank transfer (automatic),60.17,632.8,Yes
CUST11075,Male,0,No,No,1,Yes,Yes,Fiber optic,No,No,No,Yes,Yes,No,Month-to-month,Yes,Mailed check,79.13,78.79,Yes
CUST11076,Female,0,Yes,Yes,25,No,No phone service,Fiber optic,No,No,Yes,No,Yes,Yes,Two year,No,Electronic check,85.93,2099.33,No
CUST11077,Male,0,Yes,No,16,Yes,No,DSL,No,Yes,Yes,No,No,Yes,Month-to-month,No,Electronic check,60.76,954.65,Yes
CUST11078,Female,0,Yes,Yes,11,Yes,Yes,DSL,No,No,Yes,No,Yes,No,Month-to-month,Yes,Credit card (automatic),59.45,633.37,No
CUST11079,Male,0,No,No,14,Yes,Yes,Fiber optic,No,No,No,No,Yes,Yes,Month-to-month,No,Credit card (automatic),71.73,986.67,No
CUST11080,Male,0,No,Yes,21,Yes,Yes,DSL,No,Yes,No,No,Yes,Yes,Two year,Yes,Electronic check,60.44,1221.88,No
CUST11081,Female,0,No,No,72,No,No phone service,No,No internet service,No internet service,No internet service,No internet service,No internet service,No internet service,Month-to-month,No,Electronic check,22.4,1597.7,Yes
CUST11082,Male,1,No,Yes,29,No,No phone service,DSL,No,No,No,No,No,Yes,Two year,No,Mailed check,48.85,1368.56,No
CUST11083,Male,1,No,No,15,No,No phone service,No,No internet service,No internet service,No internet service,No internet service,No internet service,No internet service,One year,No,Electronic check,18.0,265.1,No
CUST11084,Male,1,Yes,No,29,Yes,No,Fiber optic,No,Yes,No,No,No,No,Month-to-month,No,Mailed check,77.01,2202.19,No
CUST11085,Female,0,Yes,No,12,Yes,Yes,Fiber optic,No,No,Yes,No,Yes,No,One year,Yes,Bank transfer (automatic),86.64,1004.16,No
CUST11086,Male,1,No,No,7,Yes,No,Fiber optic,No,No,No,Yes,Yes,No,Month-to-month,No,Mailed check,82.1,564.33,No
CUST11087,Male,0,Yes,Yes,6,Yes,No,Fiber optic,No,Yes,Yes,No,No,No,One year,Yes,Bank transfer (automatic),80.59,468.42,No
CUST11088,Female,0,Yes,No,10,No,No phone service,Fiber optic,Yes,No,Yes,No,Yes,No,Month-to-month,No,Mailed check,78.27,764.8,Yes
CUST11089,Female,0,No,No,0,Yes,No,DSL,No,No,No,Yes,Yes,Yes,One year,No,Mailed check,69.94,69.19,No
CUST11090,Female,1,No,No,3,Yes,Yes,DSL,No,No,Yes,Yes,Yes,Yes,Month-to-month,No,Credit card (automatic),68.41,202.46,No
CUST11091,Male,1,Yes,Yes,2,Yes,Yes,Fiber optic,No,No,No,No,Yes,Yes,Month-to-month,Yes,Mailed check,83.67,160.95,Yes
CUST11092,Male,0,Yes,Yes,64,Yes,Yes,DSL,No,No,No,No,No,Yes,Month-to-month,Yes,Electronic check,50.7,3196.84,No
CUST11093,Male,0,No,No,1,Yes,Yes,DSL,No,Yes,No,Yes,Yes,No,Month-to-month,No,Credit card (automatic),62.75,62.16,Yes
CUST11094,Female,0,No,Yes,13,Yes,No,No,No internet service,No internet service,No internet service,No internet service,No internet service,No internet service,Two year,Yes,Credit card (automatic),28.11,349.78,No
CUST11095,Male,0,Yes,No,50,Yes,Yes,No,No internet service,No internet service,No internet service,No internet service,No internet service,No internet service,Month-to-month,No,Mailed check,18.0,856.89,No
CUST11096,Male,1,Yes,Yes,18,Yes,Yes,No,No internet service,No internet service,No internet service,No internet service,No internet service,No internet service,One year,Yes,Electronic check,28.62,500.9,No
CUST11097,Female,1,No,No,13,Yes,No,Fiber optic,No,Yes,Yes,No,Yes,No,Month-to-month,No,Electronic check,91.03,1138.84,No
CUST11098,Female,0,Yes,No,27,Yes,Yes,DSL,No,No,Yes,No,No,No,Month-to-month,Yes,Mailed check,53.75,1385.86,Yes
CUST11099,Female,0,No,Yes,8,Yes,No,DSL,No,No,No,No,Yes,Yes,One year,No,Electronic check,52.33,416.19,No
CUST11100,Female,0,Yes,No,4,Yes,No,No,No internet service,No internet service,No internet service,No internet service,No internet service,No internet service,One year,Yes,Electronic check,25.83,98.33,No
CUST11101,Female,0,Yes,No,37,Yes,Yes,No,No internet service,No internet service,No internet service,No internet service,No internet service,No internet service,Month-to-month,Yes,Bank transfer (automatic),18.0,643.81,No
CUST11102,Male,0,Yes,No,1,No,No phone service,Fiber optic,No,No,No,No,No,Yes,Month-to-month,No,Electronic check,78.8,77.9,Yes
CUST11103,Female,0,No,No,32,Yes,No,Fiber optic,Yes,Yes,Yes,Yes,No,Yes,Two year,No,Mailed check,88.19,2686.66,No
CUST11104,Male,0,No,Yes,2,Yes,No,No,No internet service,No internet service,No internet service,No internet service,No internet service,No internet service,Month-to-month,Yes,Mailed check,18.0,34.6,No
CUST11105,Male,0,Yes,Yes,19,No,No phone service,Fiber optic,No,No,Yes,Yes,No,No,Month-to-month,No,Mailed check,80.12,1493.68,No
CUST11106,Female,0,No,No,12,Yes,No,No,No internet service,No internet service,No internet service,No internet service,No internet service,No internet service,Month-to-month,Yes,Mailed check,21.98,256.73,Yes
CUST11107,Female,0,Yes,No,72,Yes,No,DSL,No,No,No,Yes,No,No,Month-to-month,Yes,Mailed check,40.64,2792.61,Yes
CUST11108,Female,0,No,No,9,Yes,Yes,Fiber optic,No,No,Yes,Yes,Yes,No,Two year,Yes,Mailed check,74.72,652.36,No
CUST11109,Male,0,Yes,Yes,63,Yes,Yes,Fiber optic,Yes,Yes,Yes,No,Yes,Yes,One year,Yes,Electronic check,88.49,5381.48,No
CUST11110,Female,0,No,No,10,Yes,No,Fiber optic,Yes,No,No,No,No,Yes,Month-to-month,Yes,Electronic check,84.79,835.14,No
CUST11111,Female,1,Yes,No,22,Yes,Yes,No,No internet service,No internet service,No internet service,No internet service,No internet service,No internet service,Two year,Yes,Electronic check,24.94,536.58,No
CUST11112,Female,0,No,Yes,20,No,No phone service,No,No internet service,No internet service,No internet service,No internet service,No internet service,No internet service,Two year,Yes,Electronic check,18.0,351.51,No
CUST11113,Female,1,No,No,1,Yes,No,DSL,No,Yes,Yes,No,No,Yes,Month-to-month,No,Credit card (automatic),55.04,54.38,Yes
CUST11114,Female,1,Yes,No,27,No,No phone service,DSL,Yes,No,No,Yes,No,No,Two year,No,Credit card (automatic),49.56,1285.36,No
CUST11115,Male,0,Yes,No,4,Yes,No,Fiber optic,No,Yes,No,No,Yes,No,Month-to-month,Yes,Bank transfer (automatic),73.85,289.79,Yes
CUST11116,Male,0,Yes,No,9,Yes,No,DSL,Yes,Yes,No,No,No,No,Two year,Yes,Electronic check,52.05,449.47,No
CUST11117,Male,0,No,No,30,Yes,No,DSL,No,No,Yes,Yes,Yes,Yes,Month-to-month,Yes,Bank transfer (automatic),65.43,1913.64,No
CUST11118,Female,1,Yes,Yes,57,No,No phone service,Fiber optic,Yes,No,No,No,Yes,No,One year,Yes,Bank transfer (automatic),89.16,5010.05,No
CUST11119,Female,1,No,No,16,Yes,No,Fiber optic,No,No,Yes,No,No,Yes,Month-to-month,No,Mailed check,78.49,1237.08,No
CUST11120,Female,0,No,Yes,14,Yes,No,No,No internet service,No internet service,No internet service,No internet service,No internet service,No internet service,Two year,Yes,Electronic check,22.0,299.6,No
CUST11121,Male,0,Yes,No,14,Yes,Yes,DSL,No,No,No,Yes,Yes,No,Month-to-month,Yes,Mailed check,63.55,856.82,No
CUST11122,Female,0,Yes,No,33,Yes,No,DSL,Yes,Yes,No,No,No,No,Month-to-month,No,Bank transfer (automatic),52.85,1658.71,No
CUST11123,Female,0,No,No,72,Yes,No,DSL,No,No,No,Yes,Yes,Yes,One year,No,Mailed check,59.25,4135.53,No
CUST11124,Female,0,No,No,20,Yes,No,Fiber optic,Yes,No,No,No,No,No,One year,No,Bank transfer (automatic),75.44,1478.31,Yes
CUST11125,Male,0,No,No,9,Yes,Yes,Fiber optic,No,No,Yes,Yes,No,No,One year,No,Electronic check,82.49,716.13,No
CUST11126,Female,0,Yes,Yes,4,Yes,No,DSL,No,No,No,Yes,No,No,One year,Yes,Bank transfer (automatic),51.15,202.65,No
CUST11127,Male,0,Yes,Yes,4,No,No phone service,DSL,No,Yes,No,No,Yes,No,Two year,No,Electronic check,55.44,220.03,No
CUST11128,Female,0,No,No,38,Yes,Yes,DSL,Yes,No,Yes,No,No,No,Month-to-month,No,Bank transfer (automatic),63.88,2357.06,No
CUST11129,Male,0,No,No,72,Yes,No,Fiber optic,Yes,No,Yes,No,No,No,Month-to-month,No,Mailed check,81.36,5698.2,No
CUST11130,Male,1,No,No,23,Yes,Yes,DSL,No,No,No,Yes,Yes,No,Month-to-month,Yes,Bank transfer (automatic),50.69,1118.01,No
CUST11131,Male,0,Yes,No,62,Yes,No,DSL,No,No,No,No,No,No,Two year,No,Mailed check,44.42,2637.96,No
CUST11132,Female,0,Yes,No,8,Yes,No,DSL,Yes,No,No,No,Yes,Yes,Month-to-month,No,Electronic check,48.93,376.39,Yes
CUST11133,Female,0,Yes,Yes,19,Yes,No,No,No internet service,No internet service,No internet service,No internet service,No internet service,No internet service,Month-to-month,No,Credit card (automatic),20.13,371.2,No
CUST11134,Male,0,No,No,14,Yes,No,DSL,No,No,No,No,No,Yes,One year,Yes,Electronic check,49.45,691.32,No
CUST11135,Male,0,Yes,No,13,Yes,No,DSL,No,No,Yes,Yes,Yes,No,Month-to-month,Yes,Mailed check,61.09,779.27,No
CUST11136,Female,0,No,No,20,Yes,Yes,DSL,Yes,No,No,No,Yes,Yes,Month-to-month,Yes,Bank transfer (automatic),69.21,1344.26,Yes
CUST11137,Female,0,No,No,7,Yes,Yes,Fiber optic,No,Yes,No,No,Yes,Yes,One year,Yes,Mailed check,81.06,545.24,No
CUST11138,Male,1,Yes,Yes,20,Yes,No,Fiber optic,No,No,No,Yes,Yes,No,Month-to-month,No,Bank transfer (automatic),84.36,1668.55,No
CUST11139,Female,0,Yes,No,22,Yes,No,Fiber optic,No,No,No,No,No,No,One year,Yes,Mailed check,70.29,1518.6,Yes
CUST11140,Female,1,No,No,36,Yes,No,Fiber optic,No,Yes,No,No,No,No,Month-to-month,Yes,Bank transfer (automatic),64.35,2247.88,No
CUST11141,Female,0,Yes,Yes,26,Yes,Yes,No,No internet service,No internet service,No internet service,No internet service,No internet service,No internet service,Month-to-month,Yes,Mailed check,18.0,458.87,Yes
CUST11142,Female,0,Yes,No,7,Yes,No,Fiber optic,Yes,Yes,Yes,Yes,No,No,Two year,Yes,Credit card (automatic),89.32,612.04,No
CUST11143,Male,0,Yes,No,11,Yes,No,Fiber optic,Yes,No,No,Yes,No,Yes,Month-to-month,Yes,Electronic check,80.56,867.57,No
CUST11144,Female,0,No,No,2,Yes,No,DSL,Yes,No,No,Yes,No,No,Month-to-month,No,Credit card (automatic),59.22,112.94,Yes
CUST11145,Female,0,No,No,5,Yes,No,Fiber optic,No,No,No,No,Yes,Yes,Two year,No,Mailed check,79.07,393.4,No
CUST11146,Male,0,No,No,14,Yes,No,Fiber optic,No,No,No,Yes,No,Yes,Month-to-month,No,Electronic check,73.15,1016.54,No
CUST11147,Male,0,No,Yes,2,Yes,No,No,No internet service,No internet service,No internet service,No internet service,No internet service,No internet service,Month-to-month,Yes,Credit card (automatic),18.0,34.35,Yes
CUST11148,Female,0,No,Yes,16,Yes,Yes,No,No internet service,No internet service,No internet service,No internet service,No internet service,No internet service,Month-to-month,No,Credit card (automatic),18.0,282.76,No
CUST11149,Female,0,No,No,9,Yes,Yes,Fiber optic,Yes,No,Yes,No,Yes,No,One year,No,Electronic check,86.17,756.02,No
CUST11150,Female,0,No,Yes,0,Yes,No,DSL,No,Yes,Yes,Yes,Yes,No,Month-to-month,Yes,Mailed check,68.21,67.33,Yes
CUST11151,Female,1,Yes,No,11,Yes,No,DSL,No,Yes,No,No,Yes,Yes,One year,No,Credit card (automatic),52.62,561.48,No
CUST11152,Male,1,Yes,No,6,Yes,No,No,No internet service,No internet service,No internet service,No internet service,No internet service,No internet service,Month-to-month,No,Mailed check,18.0,107.88,No
CUST11153,Male,0,No,No,1,Yes,Yes,Fiber optic,No,Yes,No,No,No,Yes,Month-to-month,Yes,Credit card (automatic),79.26,79.07,Yes
CUST11154,Male,1,No,No,6,Yes,No,Fiber optic,No,No,Yes,Yes,No,Yes,One year,Yes,Bank transfer (automatic),94.28,540.11,No
CUST11155,Female,0,Yes,Yes,6,Yes,Yes,Fiber optic,Yes,No,Yes,No,No,No,Month-to-month,Yes,Credit card (automatic),83.48,483.49,Yes
CUST11156,Female,0,No,No,8,Yes,Yes,Fiber optic,No,No,No,No,No,Yes,Month-to-month,Yes,Mailed check,73.81,567.07,No
CUST11157,Female,0,Yes,No,9,Yes,Yes,Fiber optic,Yes,Yes,No,No,Yes,Yes,One year,Yes,Electronic check,86.13,748.75,No
CUST11158,Female,1,Yes,No,11,Yes,No,DSL,No,No,Yes,No,Yes,No,Two year,No,Electronic check,54.51,583.94,No
CUST11159,Male,0,No,No,1,Yes,No,Fiber optic,No,No,No,No,No,No,Month-to-month,Yes,Electronic check,59.94,57.29,Yes
CUST11160,Male,0,Yes,Yes,0,Yes,Yes,DSL,No,No,No,Yes,Yes,Yes,Month-to-month,No,Credit card (automatic),59.9,59.03,Yes
CUST11161,Female,0,No,No,26,Yes,No,Fiber optic,No,No,No,No,Yes,No,Month-to-month,Yes,Credit card (automatic),78.79,2004.92,No
CUST11162,Male,0,Yes,No,8,Yes,No,DSL,No,No,No,No,No,No,Two year,Yes,Electronic check,41.29,316.23,No
CUST11163,Female,0,Yes,No,19,No,No phone service,Fiber optic,No,No,No,No,No,Yes,Two year,Yes,Electronic check,73.51,1374.17,No
CUST11164,Female,0,No,No,7,Yes,Yes,No,No internet service,No internet service,No internet service,No internet service,No internet service,No internet service,Two year,No,Bank transfer (automatic),24.8,170.51,No
CUST11165,Male,0,No,Yes,72,Yes,No,Fiber optic,No,No,No,No,Yes,Yes,Month-to-month,Yes,Mailed check,73.08,5231.0,No
CUST11166,Female,0,Yes,No,7,Yes,Yes,DSL,No,No,Yes,No,No,Yes,Month-to-month,No,Credit card (automatic),52.39,352.27,No
CUST11167,Female,0,No,Yes,18,No,No phone service,DSL,No,No,Yes,Yes,Yes,No,Month-to-month,No,Electronic check,58.36,1029.95,No
CUST11168,Male,0,No,No,4,Yes,Yes,DSL,No,No,No,No,No,No,Month-to-month,Yes,Mailed check,47.49,188.78,No
CUST11169,Female,0,Yes,No,14,Yes,No,No,No internet service,No internet service,No internet service,No internet service,No internet service,No internet service,One year,No,Credit card (automatic),21.2,285.87,No
CUST11170,Female,0,Yes,No,17,Yes,No,Fiber optic,No,No,No,Yes,No,No,Month-to-month,Yes,Mailed check,76.27,1246.79,No
CUST11171,Male,1,No,Yes,4,Yes,No,Fiber optic,Yes,No,Yes,Yes,No,Yes,One year,Yes,Bank transfer (automatic),93.41,360.1,No
CUST11172,Female,0,No,No,2,Yes,No,DSL,No,No,No,Yes,No,Yes,Two year,Yes,Bank transfer (automatic),56.17,111.01,No
CUST11173,Male,0,Yes,No,72,Yes,No,Fiber optic,No,Yes,No,No,No,No,Month-to-month,Yes,Mailed check,74.01,5277.91,Yes
CUST11174,Female,0,Yes,No,44,Yes,No,Fiber optic,Yes,No,No,Yes,Yes,No,One year,No,Bank transfer (automatic),88.12,3690.1,No
CUST11175,Male,1,Yes,Yes,21,Yes,Yes,DSL,No,No,Yes,No,Yes,Yes,Month-to-month,Yes,Mailed check,62.41,1265.67,No
CUST11176,Male,1,Yes,No,39,Yes,No,DSL,No,Yes,No,Yes,No,Yes,Month-to-month,Yes,Bank transfer (automatic),59.73,2227.76,No
CUST11177,Male,0,No,Yes,2,Yes,No,DSL,No,Yes,No,No,Yes,No,Month-to-month,Yes,Mailed check,49.08,94.01,Yes
CUST11178,Female,0,No,No,26,Yes,No,DSL,No,No,Yes,No,No,No,Month-to-month,Yes,Electronic check,57.63,1484.59,Yes
CUST11179,Male,0,Yes,No,6,Yes,No,Fiber optic,No,No,Yes,No,Yes,Yes,Month-to-month,No,Bank transfer (automatic),85.92,514.59,No
CUST11180,Male,0,No,No,15,Yes,Yes,DSL,No,No,No,Yes,No,No,One year,Yes,Mailed check,44.22,643.85,No
CUST11181,Male,0,No,Yes,28,Yes,No,DSL,No,No,Yes,Yes,Yes,Yes,Two year,Yes,Bank transfer (automatic),58.43,1633.59,No
CUST11182,Male,0,No,No,0,Yes,No,Fiber optic,Yes,No,No,No,No,Yes,Month-to-month,No,Credit card (automatic),81.63,79.09,Yes
CUST11183,Male,0,No,Yes,23,Yes,No,Fiber optic,No,No,Yes,No,Yes,No,Two year,No,Credit card (automatic),82.62,1873.29,No
CUST11184,Female,0,No,No,11,Yes,No,DSL,Yes,Yes,No,No,Yes,Yes,Two year,No,Bank transfer (automatic),60.66,645.87,No
CUST11185,Female,0,No,No,11,Yes,No,Fiber optic,No,No,No,No,No,Yes,One year,Yes,Electronic check,76.59,813.84,No
CUST11186,Female,0,Yes,No,47,Yes,No,DSL,Yes,No,Yes,No,Yes,No,Month-to-month,Yes,Mailed check,60.98,2806.95,No
CUST11187,Female,0,No,Yes,39,Yes,No,Fiber optic,No,No,Yes,No,Yes,No,Month-to-month,Yes,Mailed check,77.09,2986.9,No
CUST11188,Female,0,No,Yes,1,Yes,No,No,No internet service,No internet service,No internet service,No internet service,No internet service,No internet service,One year,No,Bank transfer (automatic),21.76,21.32,No
CUST11189,Female,0,Yes,No,19,Yes,Yes,No,No internet service,No internet service,No internet service,No internet service,No internet service,No internet service,Two year,No,Bank transfer (automatic),20.05,372.76,No
CUST11190,Female,0,Yes,No,11,Yes,No,Fiber optic,No,No,Yes,No,Yes,Yes,Month-to-month,No,Bank transfer (automatic),86.12,923.85,Yes
CUST11191,Male,0,Yes,No,2,Yes,Yes,Fiber optic,No,Yes,No,Yes,Yes,No,One year,Yes,Electronic check,90.64,180.81,No
CUST11192,Female,0,No,Yes,38,Yes,No,Fiber optic,No,Yes,Yes,Yes,Yes,No,Month-to-month,No,Mailed check,84.13,3167.32,No
CUST11193,Male,0,No,Yes,1,Yes,No,No,No internet service,No internet service,No internet service,No internet service,No internet service,No internet service,One year,Yes,Mailed check,19.36,18.79,No
CUST11194,Male,0,No,No,0,Yes,No,No,No internet service,No internet service,No internet service,No internet service,No internet service,No internet service,Month-to-month,No,Electronic check,18.64,18.48,Yes
CUST11195,Female,0,Yes,No,4,Yes,Yes,Fiber optic,No,No,No,No,No,No,One year,No,Mailed check,70.56,269.66,No
CUST11196,Male,0,No,No,7,Yes,Yes,Fiber optic,No,No,No,Yes,Yes,Yes,One year,Yes,Electronic check,78.67,535.14,No
CUST11197,Male,0,Yes,No,1,Yes,No,DSL,No,Yes,No,No,Yes,No,Month-to-month,Yes,Mailed check,57.18,54.64,Yes
CUST11198,Male,0,No,No,20,Yes,No,Fiber optic,No,No,No,No,No,No,Month-to-month,Yes,Bank transfer (automatic),65.08,1301.41,No
CUST11199,Male,0,Yes,No,11,Yes,No,Fiber optic,No,Yes,No,No,Yes,No,Two year,Yes,Credit card (automatic),74.79,783.49,No
CUST11200,Female,0,No,Yes,10,Yes,No,No,No internet service,No internet service,No internet service,No internet service,No internet service,No internet service,Month-to-month,No,Mailed check,26.04,259.2,No
CUST11201,Female,0,No,No,3,Yes,No,No,No internet service,No internet service,No internet service,No internet service,No internet service,No internet service,One year,No,Mailed check,23.97,71.66,No
CUST11202,Female,0,No,No,11,Yes,No,Fiber optic,Yes,No,No,Yes,No,No,One year,Yes,Credit card (automatic),84.01,891.43,No
CUST11203,Female,1,No,No,9,Yes,No,No,No internet service,No internet service,No internet service,No internet service,No internet service,No internet service,Two year,No,Mailed check,18.0,161.59,No
CUST11204,Female,0,No,No,9,Yes,No,No,No internet service,No internet service,No internet service,No internet service,No internet service,No internet service,Month-to-month,No,Mailed check,18.0,157.95,No
CUST11205,Female,0,Yes,No,4,Yes,Yes,No,No internet service,No internet service,No internet service,No internet service,No internet service,No internet service,Two year,Yes,Bank transfer (automatic),18.0,71.78,No
CUST11206,Female,0,No,No,1,Yes,Yes,Fiber optic,No,Yes,Yes,No,No,No,Month-to-month,Yes,Electronic check,76.74,74.77,Yes
CUST11207,Female,0,No,No,6,Yes,No,Fiber optic,Yes,No,No,No,No,Yes,Month-to-month,Yes,Electronic check,83.0,484.81,No
CUST11208,Female,0,Yes,No,22,Yes,Yes,Fiber optic,No,Yes,No,No,No,Yes,One year,Yes,Electronic check,84.79,1842.38,No
CUST11209,Female,0,No,No,1,Yes,No,DSL,No,Yes,No,No,No,No,Two year,No,Electronic check,43.07,41.42,No
CUST11210,Male,1,No,No,9,Yes,No,DSL,No,No,No,Yes,Yes,No,Month-to-month,Yes,Credit card (automatic),47.73,427.51,No
CUST11211,Female,0,No,Yes,14,Yes,No,DSL,Yes,No,Yes,No,No,No,Month-to-month,Yes,Electronic check,65.01,903.24,No
CUST11212,Male,0,No,Yes,66,Yes,No,No,No internet service,No internet service,No internet service,No internet service,No internet service,No internet service,Month-to-month,Yes,Bank transfer (automatic),19.26,1216.19,Yes
CUST11213,Male,1,No,No,37,Yes,No,Fiber optic,No,No,No,Yes,Yes,No,Month-to-month,No,Electronic check,79.55,2800.5,No
CUST11214,Male,0,No,No,49,Yes,Yes,No,No internet service,No internet service,No internet service,No internet service,No internet service,No internet service,Two year,No,Electronic check,22.82,1102.0,No
CUST11215,Male,0,No,No,34,Yes,Yes,Fiber optic,No,No,No,Yes,No,No,One year,No,Credit card (automatic),65.91,2168.3,No
CUST11216,Female,0,No,No,17,Yes,Yes,DSL,Yes,No,No,No,No,Yes,Two year,Yes,Credit card (automatic),47.97,778.88,No
CUST11217,Male,0,No,No,39,Yes,Yes,DSL,No,Yes,No,No,No,Yes,Month-to-month,No,Electronic check,60.77,2357.64,Yes
CUST11218,Female,0,Yes,Yes,16,Yes,No,DSL,No,No,Yes,Yes,Yes,No,Month-to-month,No,Mailed check,55.7,890.94,No
CUST11219,Female,0,Yes,No,8,Yes,No,No,No internet service,No internet service,No internet service,No internet service,No internet service,No internet service,One year,Yes,Electronic check,27.33,211.19,No
CUST11220,Male,0,Yes,Yes,9,Yes,Yes,Fiber optic,No,Yes,Yes,No,Yes,Yes,Month-to-month,No,Mailed check,92.84,801.52,No
CUST11221,Female,0,No,No,16,Yes,No,Fiber optic,No,No,Yes,Yes,No,Yes,One year,Yes,Bank transfer (automatic),87.37,1387.9,No
CUST11222,Male,1,No,No,33,Yes,No,Fiber optic,No,No,No,No,Yes,No,Month-to-month,No,Credit card (automatic),77.6,2500.57,No
CUST11223,Male,0,No,No,2,Yes,No,No,No internet service,No internet service,No internet service,No internet service,No internet service,No internet service,Month-to-month,Yes,Mailed check,28.26,56.48,Yes
CUST11224,Female,0,No,Yes,0,No,No phone service,DSL,Yes,Yes,No,No,No,No,Two year,Yes,Electronic check,57.24,56.2,No
CUST11225,Female,0,Yes,No,31,Yes,No,No,No internet service,No internet service,No internet service,No internet service,No internet service,No internet service,One year,Yes,Bank transfer (automatic),20.47,620.81,Yes
CUST11226,Male,0,Yes,No,20,Yes,No,Fiber optic,Yes,Yes,Yes,No,Yes,No,Month-to-month,Yes,Credit card (automatic),94.67,1886.57,No
CUST11227,Female,1,No,No,34,Yes,No,No,No internet service,No internet service,No internet service,No internet service,No internet service,No internet service,Two year,No,Electronic check,20.35,685.03,No
CUST11228,Female,0,Yes,Yes,72,Yes,Yes,Fiber optic,No,No,No,No,No,No,One year,No,Electronic check,78.05,5453.08,No
CUST11229,Female,0,Yes,No,5,No,No phone service,DSL,No,No,No,Yes,No,Yes,One year,Yes,Bank transfer (automatic),53.61,254.79,No
CUST11230,Male,0,No,No,4,No,No phone service,Fiber optic,No,Yes,No,Yes,Yes,No,Month-to-month,No,Electronic check,76.85,303.59,No
CUST11231,Male,1,Yes,No,8,Yes,No,DSL,No,Yes,No,Yes,No,Yes,Month-to-month,Yes,Bank transfer (automatic),56.39,448.08,No
CUST11232,Female,0,No,Yes,42,Yes,Yes,No,No internet service,No internet service,No internet service,No internet service,No internet service,No internet service,Two year,No,Mailed check,20.92,840.42,No
CUST11233,Female,0,Yes,Yes,0,Yes,Yes,Fiber optic,Yes,No,Yes,No,No,No,Month-to-month,No,Credit card (automatic),83.92,83.48,Yes
CUST11234,Female,0,No,No,0,Yes,No,DSL,No,Yes,No,Yes,Yes,Yes,Month-to-month,Yes,Credit card (automatic),72.27,71.79,No
CUST11235,Female,1,Yes,No,4,Yes,No,DSL,No,No,No,Yes,Yes,No,Month-to-month,Yes,Credit card (automatic),59.69,227.03,No
CUST11236,Female,0,Yes,No,9,Yes,Yes,No,No internet service,No internet service,No internet service,No internet service,No internet service,No internet service,Month-to-month,No,Credit card (automatic),20.39,181.02,No
CUST11237,Male,0,No,No,7,Yes,Yes,No,No internet service,No internet service,No internet service,No internet service,No internet service,No internet service,One year,No,Bank transfer (automatic),21.59,146.47,No
CUST11238,Female,0,No,Yes,34,Yes,No,Fiber optic,No,No,No,No,Yes,No,Month-to-month,Yes,Electronic check,80.19,2597.07,Yes
CUST11239,Male,0,No,Yes,23,Yes,No,Fiber optic,No,Yes,No,Yes,No,No,Month-to-month,Yes,Credit card (automatic),78.51,1745.31,No
CUST11240,Female,0,Yes,Yes,36,Yes,Yes,No,No internet service,No internet service,No internet service,No internet service,No internet service,No internet service,Two year,Yes,Credit card (automatic),28.42,1002.91,No
CUST11241,Male,1,Yes,No,9,Yes,No,DSL,No,Yes,Yes,No,Yes,No,Month-to-month,No,Electronic check,53.6,465.67,No
CUST11242,Female,1,No,No,18,Yes,Yes,DSL,No,No,Yes,No,No,Yes,Month-to-month,Yes,Bank transfer (automatic),62.52,1113.41,No
CUST11243,Male,1,Yes,Yes,14,Yes,Yes,Fiber optic,No,No,No,No,No,Yes,Month-to-month,Yes,Mailed check,71.91,981.32,No
CUST11244,Female,0,Yes,Yes,12,Yes,No,No,No internet service,No internet service,No internet service,No internet service,No internet service,No internet service,Month-to-month,Yes,Electronic check,22.07,252.07,No
CUST11245,Male,0,No,No,6,Yes,No,Fiber optic,No,No,No,No,No,No,Month-to-month,Yes,Bank transfer (automatic),71.81,421.39,No
CUST11246,Male,1,Yes,No,24,No,No phone service,DSL,Yes,Yes,Yes,No,No,No,One year,Yes,Electronic check,62.95,1468.33,No
CUST11247,Male,0,Yes,No,14,Yes,No,Fiber optic,No,No,No,Yes,Yes,No,One year,Yes,Electronic check,77.53,1036.29,No
CUST11248,Male,0,Yes,No,1,No,No phone service,Fiber optic,No,Yes,No,Yes,No,No,Two year,No,Electronic check,88.31,85.85,No
CUST11249,Male,0,No,No,0,Yes,Yes,Fiber optic,No,Yes,Yes,Yes,Yes,No,Two year,Yes,Mailed check,82.54,81.7,No
CUST11250,Male,1,Yes,Yes,0,Yes,No,No,No internet service,No internet service,No internet service,No internet service,No internet service,No internet service,Two year,Yes,Electronic check,20.73,19.8,No
CUST11251,Female,0,No,Yes,1,Yes,Yes,Fiber optic,No,No,Yes,No,No,No,Two year,Yes,Mailed check,71.8,69.1,No
CUST11252,Male,1,Yes,Yes,9,Yes,No,DSL,No,No,No,No,Yes,Yes,One year,No,Bank transfer (automatic),52.24,469.85,No
CUST11253,Female,0,No,Yes,7,No,No phone service,No,No internet service,No internet service,No internet service,No internet service,No internet service,No internet service,Two year,No,Bank transfer (automatic),24.13,163.97,No
CUST11254,Female,0,Yes,No,3,Yes,No,DSL,No,No,No,No,Yes,No,One year,Yes,Electronic check,56.55,168.21,No
CUST11255,Female,0,No,No,14,Yes,Yes,No,No internet service,No internet service,No internet service,No internet service,No internet service,No internet service,Month-to-month,No,Mailed check,19.22,262.41,Yes
CUST11256,Female,0,No,Yes,70,Yes,Yes,Fiber optic,No,Yes,Yes,No,No,Yes,Month-to-month,Yes,Bank transfer (automatic),87.45,5886.43,No
CUST11257,Female,0,No,No,3,Yes,No,Fiber optic,No,No,No,No,No,Yes,Month-to-month,No,Electronic check,73.83,211.37,Yes
CUST11258,Male,1,No,No,5,Yes,Yes,No,No internet service,No internet service,No internet service,No internet service,No internet service,No internet service,Two year,Yes,Bank transfer (automatic),19.57,96.61,No
CUST11259,Male,0,No,No,12,Yes,Yes,Fiber optic,No,No,No,No,Yes,No,One year,No,Mailed check,68.96,806.21,No
CUST11260,Male,0,Yes,No,20,Yes,Yes,Fiber optic,No,Yes,No,No,No,Yes,Two year,No,Bank transfer (automatic),77.62,1550.8,No
CUST11261,Female,0,No,No,18,Yes,No,No,No internet service,No internet service,No internet service,No internet service,No internet service,No internet service,Month-to-month,No,Credit card (automatic),31.13,557.61,Yes
CUST11262,Male,0,No,Yes,14,Yes,No,DSL,Yes,Yes,No,No,No,No,Month-to-month,Yes,Mailed check,63.94,857.3,No
CUST11263,Male,0,No,No,26,Yes,Yes,DSL,No,Yes,No,No,Yes,Yes,Month-to-month,Yes,Mailed check,54.29,1387.34,Yes
CUST11264,Male,0,Yes,No,37,Yes,No,Fiber optic,No,No,No,No,No,Yes,Two year,No,Mailed check,76.6,2718.47,No
CUST11265,Male,1,No,No,72,Yes,Yes,DSL,Yes,Yes,No,No,No,No,Two year,Yes,Credit card (automatic),58.83,4101.26,No
CUST11266,Male,0,Yes,No,12,Yes,No,DSL,No,No,No,No,Yes,No,Two year,Yes,Electronic check,56.9,660.03,No
CUST11267,Female,0,No,No,72,Yes,Yes,No,No internet service,No internet service,No internet service,No internet service,No internet service,No internet service,Month-to-month,Yes,Bank transfer (automatic),23.5,1650.97,No
CUST11268,Male,0,Yes,No,26,Yes,No,Fiber optic,No,No,Yes,No,No,Yes,Month-to-month,Yes,Bank transfer (automatic),78.76,2030.8,No
CUST11269,Female,0,Yes,No,21,Yes,No,No,No internet service,No internet service,No internet service,No internet service,No internet service,No internet service,Month-to-month,No,Bank transfer (automatic),19.75,412.36,No
CUST11270,Female,1,No,No,20,No,No phone service,No,No internet service,No internet service,No internet service,No internet service,No internet service,No internet service,Month-to-month,Yes,Bank transfer (automatic),19.18,377.52,No
CUST11271,Female,0,No,No,48,Yes,Yes,DSL,No,No,Yes,No,Yes,Yes,Two year,No,Electronic check,61.86,2914.38,No
CUST11272,Female,1,No,No,59,Yes,No,No,No internet service,No internet service,No internet service,No internet service,No internet service,No internet service,Month-to-month,Yes,Credit card (automatic),22.39,1315.92,No
CUST11273,Female,0,No,No,3,Yes,No,No,No internet service,No internet service,No internet service,No internet service,No internet service,No internet service,Month-to-month,Yes,Credit card (automatic),27.17,77.85,No
CUST11274,Male,0,No,Yes,13,Yes,No,DSL,Yes,Yes,No,No,Yes,No,One year,No,Electronic check,64.63,814.66,No
CUST11275,Male,1,No,No,56,Yes,No,No,No internet service,No internet service,No internet service,No internet service,No internet service,No internet service,Month-to-month,Yes,Mailed check,22.83,1228.49,No
CUST11276,Male,0,No,No,9,No,No phone service,Fiber optic,No,No,No,No,Yes,No,Month-to-month,Yes,Electronic check,72.35,623.04,No
CUST11277,Female,0,No,Yes,5,Yes,Yes,No,No internet service,No internet service,No internet service,No internet service,No internet service,No internet service,Two year,Yes,Credit card (automatic),19.96,98.16,No
CUST11278,Male,0,Yes,No,2,Yes,Yes,No,No internet service,No internet service,No internet service,No internet service,No internet service,No internet service,Month-to-month,No,Credit card (automatic),24.08,46.21,Yes
CUST11279,Male,0,Yes,No,18,Yes,No,Fiber optic,No,No,Yes,No,Yes,No,One year,Yes,Mailed check,81.49,1463.91,No
CUST11280,Female,0,No,No,24,No,No phone service,Fiber optic,Yes,No,No,No,Yes,Yes,Month-to-month,No,Electronic check,87.18,2042.92,Yes
CUST11281,Female,0,No,Yes,4,Yes,Yes,DSL,No,No,Yes,No,Yes,No,Two year,No,Bank transfer (automatic),51.59,200.91,No
CUST11282,Female,0,Yes,No,22,Yes,No,Fiber optic,Yes,No,No,No,No,Yes,Month-to-month,No,Electronic check,78.83,1678.56,No
CUST11283,Female,0,Yes,Yes,45,No,No phone service,DSL,No,Yes,Yes,No,Yes,No,One year,Yes,Mailed check,59.54,2582.01,No
CUST11284,Male,1,No,No,5,Yes,No,No,No internet service,No internet service,No internet service,No internet service,No internet service,No internet service,Month-to-month,Yes,Bank transfer (automatic),24.5,121.96,No
CUST11285,Female,0,Yes,No,2,Yes,No,Fiber optic,Yes,No,Yes,No,No,No,Month-to-month,No,Electronic check,73.56,144.29,Yes
CUST11286,Female,0,No,No,36,Yes,No,No,No internet service,No internet service,No internet service,No internet service,No internet service,No internet service,Month-to-month,No,Mailed check,21.29,737.18,No
CUST11287,Male,1,No,No,49,Yes,Yes,Fiber optic,No,No,No,No,No,Yes,Two year,Yes,Bank transfer (automatic),77.8,3751.85,No
CUST11288,Male,0,Yes,Yes,4,Yes,Yes,DSL,No,No,No,Yes,Yes,Yes,Month-to-month,No,Credit card (automatic),51.06,196.45,No
CUST11289,Female,0,No,No,25,Yes,No,Fiber optic,No,No,No,No,No,Yes,One year,Yes,Electronic check,79.39,1961.99,No
CUST11290,Male,0,No,No,17,Yes,No,DSL,No,No,No,No,Yes,No,One year,No,Electronic check,51.37,853.78,No
CUST11291,Female,0,No,Yes,5,Yes,Yes,DSL,No,No,No,Yes,No,Yes,Month-to-month,No,Electronic check,47.59,231.31,No
CUST11292,Female,0,Yes,No,34,Yes,No,Fiber optic,No,Yes,No,No,No,No,Month-to-month,Yes,Electronic check,84.91,2837.1,No
CUST11293,Male,0,Yes,No,12,Yes,No,No,No internet service,No internet service,No internet service,No internet service,No internet service,No internet service,Month-to-month,Yes,Electronic check,19.13,228.08,Yes
CUST11294,Male,0,No,No,24,Yes,Yes,Fiber optic,No,Yes,No,No,No,Yes,One year,Yes,Mailed check,68.13,1586.33,No
CUST11295,Female,0,Yes,Yes,7,Yes,No,DSL,No,No,No,No,No,No,Month-to-month,No,Electronic check,50.31,346.68,No
CUST11296,Female,0,Yes,No,33,Yes,No,No,No internet service,No internet service,No internet service,No internet service,No internet service,No internet service,Two year,No,Electronic check,21.97,701.92,No
CUST11297,Female,0,Yes,No,6,Yes,No,DSL,No,No,Yes,No,Yes,No,One year,No,Electronic check,57.32,332.93,Yes
CUST11298,Male,0,Yes,Yes,9,Yes,Yes,DSL,No,No,No,No,No,No,Two year,No,Bank transfer (automatic),43.16,385.31,No
CUST11299,Female,1,Yes,Yes,9,Yes,Yes,No,No internet service,No internet service,No internet service,No internet service,No internet service,No internet service,Month-to-month,Yes,Bank transfer (automatic),18.0,158.34,No
CUST11300,Female,0,Yes,Yes,4,No,No phone service,DSL,No,Yes,No,No,Yes,Yes,One year,No,Credit card (automatic),58.78,228.12,No
CUST11301,Female,0,No,No,41,Yes,No,DSL,Yes,Yes,No,No,No,Yes,Month-to-month,No,Electronic check,63.61,2503.88,No
CUST11302,Female,0,No,No,2,No,No phone service,Fiber optic,Yes,No,Yes,No,No,No,Month-to-month,Yes,Electronic check,78.25,154.9,Yes
CUST11303,Female,1,Yes,No,16,Yes,No,DSL,No,No,Yes,No,Yes,Yes,One year,No,Electronic check,60.59,951.51,No
CUST11304,Male,1,No,Yes,33,Yes,Yes,DSL,No,Yes,No,No,No,No,Two year,Yes,Mailed check,54.44,1771.38,No
CUST11305,Female,0,Yes,No,17,Yes,No,Fiber optic,Yes,No,Yes,Yes,Yes,No,Month-to-month,Yes,Bank transfer (automatic),93.94,1551.94,No
CUST11306,Female,0,No,No,7,Yes,No,No,No internet service,No internet service,No internet service,No internet service,No internet service,No internet service,Two year,Yes,Electronic check,21.3,143.94,No
CUST11307,Female,0,Yes,Yes,30,Yes,Yes,Fiber optic,No,No,Yes,No,No,No,Month-to-month,Yes,Bank transfer (automatic),72.84,2155.09,No
CUST11308,Female,0,Yes,No,13,Yes,No,DSL,Yes,No,No,No,Yes,Yes,Two year,Yes,Electronic check,52.73,654.17,No
CUST11309,Male,0,No,Yes,3,Yes,Yes,No,No internet service,No internet service,No internet service,No internet service,No internet service,No internet service,Month-to-month,Yes,Electronic check,26.78,78.97,No
CUST11310,Male,0,Yes,No,7,Yes,Yes,No,No internet service,No internet service,No internet service,No internet service,No internet service,No internet service,Month-to-month,Yes,Bank transfer (automatic),19.64,137.32,Yes
CUST11311,Male,0,No,No,17,Yes,No,DSL,No,Yes,No,No,Yes,No,Two year,Yes,Credit card (automatic),55.04,927.0,No
CUST11312,Female,0,Yes,No,21,Yes,No,Fiber optic,No,No,No,Yes,Yes,No,One year,Yes,Credit card (automatic),73.92,1531.53,No
CUST11313,Female,0,Yes,No,15,Yes,No,Fiber optic,No,No,Yes,No,No,No,One year,Yes,Electronic check,73.74,1075.18,No
CUST11314,Male,0,No,No,6,Yes,No,Fiber optic,No,No,No,Yes,No,Yes,One year,Yes,Credit card (automatic),78.29,446.64,No
CUST11315,Male,1,No,Yes,18,Yes,Yes,No,No internet service,No internet service,No internet service,No internet service,No internet service,No internet service,Two year,No,Mailed check,21.36,384.19,No
CUST11316,Male,0,Yes,No,8,Yes,Yes,No,No internet service,No internet service,No internet service,No internet service,No internet service,No internet service,One year,Yes,Mailed check,22.81,181.76,No
CUST11317,Female,0,Yes,No,5,Yes,Yes,Fiber optic,No,No,No,No,Yes,No,One year,No,Mailed check,70.47,343.51,No
CUST11318,Female,0,Yes,No,58,Yes,No,DSL,Yes,Yes,No,Yes,No,No,One year,Yes,Credit card (automatic),61.52,3512.38,No
CUST11319,Male,0,No,Yes,7,Yes,No,DSL,Yes,Yes,No,Yes,No,No,Two year,No,Bank transfer (automatic),61.04,417.87,Yes
CUST11320,Male,0,No,Yes,8,Yes,No,Fiber optic,No,No,Yes,No,Yes,Yes,Month-to-month,Yes,Credit card (automatic),90.48,712.62,Yes
CUST11321,Male,0,Yes,No,45,No,No phone service,Fiber optic,Yes,No,No,Yes,No,No,One year,Yes,Electronic check,85.13,3649.6,No
CUST11322,Female,0,No,Yes,3,Yes,No,No,No internet service,No internet service,No internet service,No internet service,No internet service,No internet service,One year,Yes,Bank transfer (automatic),18.0,54.0,No
CUST11323,Female,1,Yes,Yes,17,Yes,Yes,DSL,Yes,No,No,No,No,No,Month-to-month,No,Mailed check,52.8,887.75,Yes
CUST11324,Female,0,Yes,No,30,Yes,Yes,Fiber optic,No,Yes,No,No,Yes,Yes,Month-to-month,No,Bank transfer (automatic),90.52,2615.92,No
CUST11325,Male,1,Yes,No,6,Yes,Yes,DSL,No,No,No,Yes,Yes,No,Month-to-month,Yes,Mailed check,57.66,338.04,No
CUST11326,Male,0,No,No,37,Yes,No,No,No internet service,No internet service,No internet service,No internet service,No internet service,No internet service,Month-to-month,No,Electronic check,18.0,648.46,Yes
CUST11327,Female,1,Yes,No,29,Yes,Yes,No,No internet service,No internet service,No internet service,No internet service,No internet service,No internet service,Two year,No,Bank transfer (automatic),18.0,505.15,No
CUST11328,Male,0,No,No,13,Yes,No,No,No internet service,No internet service,No internet service,No internet service,No internet service,No internet service,Month-to-month,No,Bank transfer (automatic),18.0,227.43,No
CUST11329,Female,0,No,Yes,2,Yes,No,DSL,No,No,No,No,Yes,No,One year,Yes,Credit card (automatic),53.09,103.89,No
CUST11330,Male,0,Yes,No,70,Yes,Yes,DSL,No,No,Yes,No,Yes,No,Month-to-month,Yes,Credit card (automatic),45.59,3113.33,No
CUST11331,Male,0,Yes,No,19,No,No phone service,Fiber optic,Yes,No,Yes,Yes,No,No,One year,Yes,Electronic check,94.42,1779.46,No
CUST11332,Male,0,Yes,No,14,No,No phone service,Fiber optic,No,Yes,Yes,No,Yes,No,Month-to-month,No,Electronic check,88.15,1179.75,No
CUST11333,Male,0,No,No,43,Yes,Yes,DSL,Yes,No,No,Yes,Yes,Yes,Month-to-month,Yes,Bank transfer (automatic),66.57,2727.38,No
CUST11334,Female,0,No,Yes,10,Yes,No,No,No internet service,No internet service,No internet service,No internet service,No internet service,No internet service,Two year,No,Credit card (automatic),18.0,175.55,No
CUST11335,Male,0,Yes,Yes,16,Yes,Yes,No,No internet service,No internet service,No internet service,No internet service,No internet service,No internet service,Month-to-month,Yes,Electronic check,18.0,280.33,Yes
CUST11336,Female,0,Yes,No,39,Yes,Yes,DSL,No,No,No,No,Yes,No,Month-to-month,Yes,Electronic check,53.87,2063.68,No
CUST11337,Female,1,Yes,No,9,Yes,Yes,Fiber optic,Yes,Yes,Yes,Yes,No,No,Month-to-month,No,Credit card (automatic),86.03,746.79,Yes
CUST11338,Female,0,Yes,Yes,29,Yes,No,Fiber optic,No,Yes,No,No,No,Yes,Month-to-month,Yes,Credit card (automatic),62.7,1735.53,Yes
CUST11339,Male,0,No,Yes,5,Yes,No,DSL,Yes,Yes,No,No,No,No,Month-to-month,No,Mailed check,52.79,261.37,No
CUST11340,Female,0,Yes,No,24,Yes,No,DSL,No,No,No,No,No,No,Month-to-month,Yes,Credit card (automatic),35.22,821.63,No
CUST11341,Female,0,Yes,No,14,Yes,Yes,Fiber optic,No,No,No,Yes,No,Yes,Month-to-month,Yes,Bank transfer (automatic),79.77,1068.53,No
CUST11342,Female,0,No,No,3,Yes,No,No,No internet service,No internet service,No internet service,No internet service,No internet service,No internet service,Two year,Yes,Electronic check,23.38,69.98,No
CUST11343,Male,0,Yes,Yes,2,Yes,No,No,No internet service,No internet service,No internet service,No internet service,No internet service,No internet service,One year,No,Electronic check,18.0,35.9,No
CUST11344,Male,0,No,No,12,Yes,Yes,DSL,Yes,No,No,Yes,No,Yes,One year,Yes,Electronic check,67.06,771.02,No
CUST11345,Female,0,Yes,No,24,Yes,Yes,No,No internet service,No internet service,No internet service,No internet service,No internet service,No internet service,Month-to-month,Yes,Mailed check,24.15,574.0,Yes
CUST11346,Male,1,No,No,18,Yes,Yes,Fiber optic,No,No,No,No,No,No,Two year,No,Mailed check,65.62,1154.01,Yes
CUST11347,Female,0,Yes,Yes,38,Yes,No,DSL,Yes,Yes,Yes,No,No,No,Month-to-month,No,Credit card (automatic),57.32,2101.75,No
CUST11348,Female,0,No,No,9,Yes,Yes,Fiber optic,Yes,No,No,Yes,Yes,No,Two year,Yes,Mailed check,87.66,765.01,No
CUST11349,Male,0,Yes,No,37,Yes,No,No,No internet service,No internet service,No internet service,No internet service,No internet service,No internet service,Month-to-month,Yes,Electronic check,18.45,681.44,Yes
CUST11350,Female,0,No,Yes,0,Yes,Yes,DSL,No,No,Yes,No,Yes,No,Two year,No,Electronic check,52.5,50.75,No
CUST11351,Male,0,Yes,Yes,9,Yes,Yes,DSL,No,No,No,No,No,Yes,One year,No,Credit card (automatic),49.06,424.18,No
CUST11352,Male,0,No,No,1,Yes,Yes,Fiber optic,No,No,Yes,No,No,No,Month-to-month,No,Mailed check,64.67,62.95,Yes
CUST11353,Female,1,Yes,No,50,Yes,Yes,DSL,Yes,Yes,No,No,No,No,Two year,Yes,Credit card (automatic),54.39,2667.13,No
CUST11354,Male,0,No,No,12,Yes,Yes,No,No internet service,No internet service,No internet service,No internet service,No internet service,No internet service,Month-to-month,Yes,Credit card (automatic),29.77,344.46,No
CUST11355,Male,0,No,No,7,Yes,Yes,Fiber optic,Yes,No,No,No,Yes,Yes,One year,No,Credit card (automatic),83.94,580.94,No
CUST11356,Female,0,No,No,13,Yes,No,No,No internet service,No internet service,No internet service,No internet service,No internet service,No internet service,Two year,No,Credit card (automatic),27.77,353.89,No
CUST11357,Female,0,No,Yes,15,Yes,Yes,DSL,Yes,Yes,No,No,Yes,No,Month-to-month,Yes,Credit card (automatic),59.85,894.52,No
CUST11358,Male,0,Yes,No,37,Yes,Yes,No,No internet service,No internet service,No internet service,No internet service,No internet service,No internet service,Month-to-month,No,Bank transfer (automatic),23.31,833.17,No
CUST11359,Male,0,Yes,No,15,Yes,No,Fiber optic,No,No,No,No,No,Yes,One year,No,Credit card (automatic),72.37,1067.32,No
CUST11360,Female,0,No,No,11,Yes,Yes,DSL,No,No,No,No,No,Yes,One year,Yes,Credit card (automatic),56.67,619.82,No
CUST11361,Male,0,Yes,Yes,65,Yes,Yes,No,No internet service,No internet service,No internet service,No internet service,No internet service,No internet service,Two year,No,Bank transfer (automatic),21.1,1303.23,No
CUST11362,Male,0,Yes,Yes,69,Yes,Yes,Fiber optic,No,No,No,No,Yes,No,Two year,No,Credit card (automatic),65.82,4426.81,No
CUST11363,Male,0,Yes,No,0,Yes,No,DSL,No,Yes,No,No,No,No,Month-to-month,Yes,Credit card (automatic),53.99,52.79,Yes
CUST11364,Male,0,Yes,Yes,24,Yes,Yes,DSL,No,Yes,Yes,No,No,Yes,Two year,No,Mailed check,59.56,1394.27,No
CUST11365,Male,0,No,Yes,9,Yes,Yes,DSL,No,Yes,No,No,Yes,No,Two year,No,Electronic check,50.1,434.93,No
CUST11366,Male,1,No,Yes,22,Yes,Yes,No,No internet service,No internet service,No internet service,No internet service,No internet service,No internet service,Month-to-month,Yes,Electronic check,18.0,377.99,No
CUST11367,Male,0,No,Yes,20,Yes,Yes,No,No internet service,No internet service,No internet service,No internet service,No internet service,No internet service,Month-to-month,Yes,Credit card (automatic),25.2,500.6,Yes
CUST11368,Female,0,Yes,No,8,Yes,No,Fiber optic,Yes,No,Yes,Yes,No,No,Month-to-month,Yes,Electronic check,90.0,702.36,No
CUST11369,Female,0,No,No,72,No,No phone service,Fiber optic,No,No,No,Yes,Yes,Yes,Two year,Yes,Bank transfer (automatic),81.21,5575.96,No
CUST11370,Female,0,No,Yes,8,Yes,No,DSL,No,No,No,Yes,No,No,Month-to-month,No,Mailed check,48.14,373.77,No
CUST11371,Female,0,No,No,19,Yes,Yes,Fiber optic,Yes,No,No,Yes,Yes,No,Two year,Yes,Mailed check,78.75,1435.15,No
CUST11372,Female,0,No,No,33,Yes,No,DSL,Yes,Yes,Yes,No,No,Yes,Two year,Yes,Electronic check,57.44,1830.19,No
CUST11373,Male,0,No,No,3,Yes,No,DSL,No,No,No,No,No,No,Month-to-month,No,Electronic check,51.87,154.18,No
CUST11374,Male,1,Yes,No,7,Yes,Yes,Fiber optic,Yes,No,Yes,No,Yes,Yes,Month-to-month,Yes,Mailed check,97.46,665.84,No
CUST11375,Male,1,Yes,No,4,No,No phone service,No,No internet service,No internet service,No internet service,No internet service,No internet service,No internet service,Month-to-month,Yes,Bank transfer (automatic),20.73,79.75,No
CUST11376,Male,0,Yes,Yes,30,Yes,Yes,Fiber optic,Yes,No,No,Yes,No,No,Month-to-month,No,Electronic check,75.16,2233.42,No
CUST11377,Female,0,No,No,32,Yes,Yes,No,No internet service,No internet service,No internet service,No internet service,No internet service,No internet service,Month-to-month,No,Bank transfer (automatic),24.48,751.74,No
CUST11378,Male,0,No,No,5,No,No phone service,No,No internet service,No internet service,No internet service,No internet service,No internet service,No internet service,One year,No,Credit card (automatic),22.8,110.11,No
CUST11379,Male,0,No,No,0,Yes,Yes,Fiber optic,No,No,Yes,Yes,Yes,Yes,One year,No,Mailed check,89.13,84.82,No
CUST11380,Female,0,No,No,11,Yes,No,DSL,No,No,Yes,No,Yes,Yes,Two year,Yes,Credit card (automatic),60.7,666.27,No
CUST11381,Male,0,No,No,23,Yes,Yes,Fiber optic,Yes,No,Yes,No,Yes,Yes,Month-to-month,No,Electronic check,91.33,2039.51,No
CUST11382,Male,0,No,No,19,Yes,No,DSL,Yes,No,No,No,No,Yes,Month-to-month,Yes,Electronic check,55.04,1002.19,No
CUST11383,Female,0,No,No,11,Yes,Yes,DSL,No,No,No,No,Yes,Yes,Two year,Yes,Bank transfer (automatic),53.88,578.21,No
CUST11384,Male,0,Yes,No,7,Yes,Yes,Fiber optic,No,Yes,Yes,Yes,No,Yes,Month-to-month,No,Electronic check,93.25,623.57,No
CUST11385,Male,0,Yes,Yes,12,Yes,Yes,No,No internet service,No internet service,No internet service,No internet service,No internet service,No internet service,Month-to-month,Yes,Mailed check,18.0,214.92,No
CUST11386,Male,0,Yes,Yes,0,Yes,Yes,Fiber optic,No,Yes,No,No,No,Yes,One year,Yes,Mailed check,75.17,71.64,No
CUST11387,Male,0,Yes,No,1,Yes,No,Fiber optic,No,Yes,No,Yes,No,Yes,Two year,No,Bank transfer (automatic),77.71,76.24,No
CUST11388,Male,0,No,Yes,3,Yes,No,Fiber optic,No,No,No,No,Yes,Yes,Month-to-month,Yes,Electronic check,74.82,223.25,No
CUST11389,Female,0,Yes,No,19,Yes,No,Fiber optic,No,No,Yes,Yes,No,Yes,Month-to-month,Yes,Mailed check,88.71,1622.09,No
CUST11390,Female,0,No,No,4,Yes,No,Fiber optic,No,No,Yes,Yes,No,Yes,Two year,No,Credit card (automatic),89.77,342.89,No
CUST11391,Female,0,Yes,No,11,Yes,No,Fiber optic,No,Yes,Yes,Yes,No,No,Month-to-month,Yes,Electronic check,85.74,917.86,No
CUST11392,Female,0,Yes,No,19,Yes,No,Fiber optic,No,Yes,Yes,No,No,Yes,Month-to-month,No,Bank transfer (automatic),86.36,1607.27,No
CUST11393,Female,0,No,No,35,Yes,No,No,No internet service,No internet service,No internet service,No internet service,No internet service,No internet service,One year,No,Credit card (automatic),18.0,607.63,No
CUST11394,Female,0,No,Yes,15,No,No phone service,Fiber optic,No,No,No,No,Yes,Yes,Month-to-month,Yes,Bank transfer (automatic),76.65,1110.95,No
CUST11395,Male,0,Yes,No,3,Yes,No,DSL,Yes,No,No,Yes,No,No,One year,No,Bank transfer (automatic),49.55,145.96,No
CUST11396,Female,0,No,No,60,Yes,No,Fiber optic,No,No,No,No,No,Yes,Month-to-month,Yes,Credit card (automatic),72.12,4322.14,No
CUST11397,Female,0,Yes,No,1,Yes,No,Fiber optic,No,No,Yes,No,No,No,Two year,Yes,Electronic check,76.45,74.25,No
CUST11398,Male,0,No,No,9,No,No phone service,No,No internet service,No internet service,No internet service,No internet service,No internet service,No internet service,Two year,No,Electronic check,26.16,228.89,No
CUST11399,Male,0,No,No,50,Yes,No,DSL,No,No,No,No,No,No,Month-to-month,Yes,Mailed check,44.75,2223.01,No
CUST11400,Female,1,Yes,No,18,Yes,No,Fiber optic,No,Yes,No,No,No,No,Month-to-month,Yes,Bank transfer (automatic),66.89,1167.28,Yes
CUST11401,Male,0,No,No,21,Yes,No,Fiber optic,Yes,No,Yes,No,Yes,Yes,One year,No,Electronic check,89.87,1823.9,No
CUST11402,Female,0,No,No,7,Yes,No,Fiber optic,No,No,Yes,No,No,No,Month-to-month,No,Electronic check,80.05,545.38,No
CUST11403,Male,0,No,No,1,Yes,No,Fiber optic,No,No,No,No,Yes,Yes,One year,No,Electronic check,70.75,67.36,No
CUST11404,Female,0,No,Yes,9,Yes,Yes,Fiber optic,No,Yes,Yes,No,No,No,Month-to-month,No,Electronic check,82.77,741.6,No
CUST11405,Male,0,Yes,No,10,Yes,Yes,No,No internet service,No internet service,No internet service,No internet service,No internet service,No internet service,Month-to-month,No,Electronic check,18.0,171.88,No
CUST11406,Male,0,No,No,6,Yes,No,DSL,No,Yes,No,Yes,Yes,No,Month-to-month,Yes,Bank transfer (automatic),65.0,388.06,Yes
CUST11407,Female,0,No,No,4,Yes,No,DSL,No,Yes,No,No,No,No,Month-to-month,Yes,Bank transfer (automatic),46.62,185.86,No
CUST11408,Female,0,No,Yes,8,Yes,No,Fiber optic,No,No,No,Yes,No,Yes,Month-to-month,Yes,Mailed check,83.67,665.54,No
CUST11409,Female,0,Yes,No,20,Yes,Yes,Fiber optic,No,No,No,Yes,Yes,Yes,One year,Yes,Electronic check,87.12,1662.85,No
CUST11410,Female,0,No,No,59,Yes,No,Fiber optic,No,Yes,No,Yes,Yes,No,One year,Yes,Credit card (automatic),79.3,4572.51,No
CUST11411,Female,1,No,No,24,Yes,No,DSL,No,Yes,No,Yes,Yes,No,One year,No,Bank transfer (automatic),64.2,1491.07,No
CUST11412,Male,0,No,No,30,No,No phone service,DSL,Yes,No,Yes,No,Yes,Yes,Month-to-month,Yes,Electronic check,61.59,1771.16,No
CUST11413,Female,0,Yes,Yes,7,Yes,No,DSL,Yes,Yes,Yes,No,No,Yes,Month-to-month,No,Bank transfer (automatic),71.83,491.29,No
CUST11414,Female,0,Yes,No,2,Yes,Yes,No,No internet service,No internet service,No internet service,No internet service,No internet service,No internet service,Month-to-month,No,Electronic check,23.75,45.22,Yes
CUST11415,Male,0,Yes,No,6,Yes,Yes,No,No internet service,No internet service,No internet service,No internet service,No internet service,No internet service,Month-to-month,No,Mailed check,23.84,138.06,Yes
CUST11416,Male,1,Yes,No,10,Yes,No,No,No internet service,No internet service,No internet service,No internet service,No internet service,No internet service,One year,Yes,Credit card (automatic),25.56,249.5,No
CUST11417,Female,1,No,No,23,Yes,No,Fiber optic,Yes,No,Yes,No,Yes,No,One year,Yes,Mailed check,84.1,1932.45,No
CUST11418,Male,0,No,Yes,56,Yes,Yes,Fiber optic,No,Yes,No,No,No,Yes,Month-to-month,Yes,Electronic check,82.88,4529.29,No
CUST11419,Male,0,No,No,33,Yes,Yes,DSL,No,Yes,Yes,No,No,No,One year,Yes,Credit card (automatic),54.81,1746.45,No
CUST11420,Female,0,No,No,6,Yes,No,DSL,No,No,No,No,No,No,Month-to-month,No,Electronic check,45.26,265.48,No
CUST11421,Male,0,Yes,Yes,34,Yes,No,No,No internet service,No internet service,No internet service,No internet service,No internet service,No internet service,Two year,Yes,Mailed check,18.0,582.89,No
CUST11422,Male,0,Yes,No,10,Yes,No,Fiber optic,No,No,No,No,Yes,Yes,Two year,Yes,Mailed check,73.63,729.55,No
CUST11423,Female,1,No,No,3,Yes,No,No,No internet service,No internet service,No internet service,No internet service,No internet service,No internet service,Month-to-month,Yes,Bank transfer (automatic),19.26,57.5,No
CUST11424,Female,1,No,No,12,Yes,No,Fiber optic,No,No,No,No,No,Yes,Month-to-month,No,Credit card (automatic),73.36,838.04,No
CUST11425,Male,1,No,No,16,Yes,No,Fiber optic,Yes,No,No,No,No,No,One year,Yes,Mailed check,81.37,1250.28,No
CUST11426,Male,0,Yes,No,28,Yes,No,DSL,No,No,No,No,No,No,Month-to-month,Yes,Bank transfer (automatic),42.78,1140.07,No
CUST11427,Female,0,No,No,8,Yes,No,No,No internet service,No internet service,No internet service,No internet service,No internet service,No internet service,Two year,No,Mailed check,18.0,143.29,No
CUST11428,Male,0,Yes,No,3,Yes,Yes,Fiber optic,No,No,No,No,No,No,One year,Yes,Electronic check,70.65,201.55,No
CUST11429,Male,0,No,Yes,1,No,No phone service,DSL,No,Yes,Yes,Yes,No,Yes,One year,No,Credit card (automatic),59.52,56.61,No
CUST11430,Male,0,No,No,2,Yes,Yes,DSL,No,No,No,Yes,Yes,No,Month-to-month,Yes,Mailed check,47.68,93.33,Yes
CUST11431,Female,0,No,No,59,No,No phone service,Fiber optic,Yes,Yes,No,No,Yes,No,Month-to-month,Yes,Bank transfer (automatic),84.18,4764.62,No
CUST11432,Male,0,Yes,Yes,60,Yes,No,DSL,Yes,Yes,Yes,No,No,No,Month-to-month,No,Electronic check,60.21,3599.06,No
CUST11433,Male,0,No,No,69,Yes,Yes,DSL,Yes,No,No,No,No,Yes,Month-to-month,No,Credit card (automatic),55.63,3802.53,Yes
CUST11434,Female,1,Yes,No,7,Yes,Yes,Fiber optic,No,No,No,Yes,No,No,Month-to-month,No,Bank transfer (automatic),69.7,468.73,No
CUST11435,Male,1,Yes,No,4,Yes,No,DSL,No,No,No,Yes,No,Yes,Two year,No,Mailed check,47.75,185.67,No
CUST11436,Male,1,No,Yes,72,Yes,No,Fiber optic,No,Yes,No,No,Yes,No,Month-to-month,No,Mailed check,80.57,5755.38,No
CUST11437,Female,0,Yes,No,72,Yes,No,DSL,No,No,Yes,Yes,Yes,Yes,Two year,No,Electronic check,68.22,4670.51,No
CUST11438,Female,0,No,No,1,Yes,No,Fiber optic,No,No,Yes,No,Yes,Yes,Two year,Yes,Bank transfer (automatic),85.65,83.4,No
CUST11439,Female,0,Yes,No,27,Yes,Yes,Fiber optic,No,No,No,Yes,No,Yes,Two year,No,Credit card (automatic),79.17,2079.76,No
CUST11440,Female,0,No,No,6,Yes,No,DSL,No,Yes,No,No,No,No,Month-to-month,No,Mailed check,51.67,309.02,No
CUST11441,Male,1,No,No,48,Yes,Yes,Fiber optic,No,No,No,No,No,Yes,Month-to-month,Yes,Credit card (automatic),79.21,3677.21,No
CUST11442,Male,1,Yes,Yes,1,Yes,Yes,Fiber optic,No,No,Yes,No,No,No,Month-to-month,Yes,Credit card (automatic),74.67,71.73,Yes
CUST11443,Female,0,No,No,43,Yes,Yes,No,No internet service,No internet service,No internet service,No internet service,No internet service,No internet service,Two year,No,Mailed check,19.27,800.5,No
CUST11444,Female,0,No,Yes,0,No,No phone service,Fiber optic,Yes,No,No,No,No,Yes,Two year,Yes,Electronic check,75.46,72.79,No
CUST11445,Male,0,No,No,14,Yes,No,No,No internet service,No internet service,No internet service,No internet service,No internet service,No internet service,Month-to-month,Yes,Credit card (automatic),24.27,336.66,No
CUST11446,Female,0,No,Yes,8,No,No phone service,Fiber optic,No,No,No,No,No,No,Month-to-month,No,Electronic check,61.41,483.53,No
CUST11447,Male,1,No,No,11,Yes,Yes,DSL,No,No,No,No,Yes,Yes,Month-to-month,Yes,Mailed check,52.59,562.24,No
CUST11448,Female,0,Yes,No,11,Yes,No,Fiber optic,No,No,Yes,No,Yes,No,Month-to-month,No,Bank transfer (automatic),79.46,867.75,No
CUST11449,Male,0,Yes,No,21,Yes,Yes,Fiber optic,Yes,No,No,No,Yes,No,Two year,No,Electronic check,75.33,1549.64,Yes
CUST11450,Female,0,Yes,No,0,Yes,No,No,No internet service,No internet service,No internet service,No internet service,No internet service,No internet service,Two year,Yes,Bank transfer (automatic),18.0,17.21,No
CUST11451,Female,0,No,Yes,23,No,No phone service,DSL,No,No,No,No,No,No,One year,Yes,Credit card (automatic),49.36,1117.08,No
CUST11452,Male,0,No,No,0,Yes,Yes,DSL,Yes,No,No,No,No,No,One year,No,Electronic check,47.8,46.04,No
CUST11453,Female,1,No,No,4,Yes,Yes,No,No internet service,No internet service,No internet service,No internet service,No internet service,No internet service,Month-to-month,No,Electronic check,18.4,72.44,Yes
CUST11454,Male,0,No,No,18,No,No phone service,Fiber optic,No,No,Yes,Yes,Yes,No,Month-to-month,Yes,Electronic check,79.59,1397.94,Yes
CUST11455,Male,0,No,Yes,1,Yes,No,Fiber optic,No,No,No,No,No,No,Two year,No,Mailed check,73.61,72.7,No
CUST11456,Male,0,Yes,Yes,72,No,No phone service,Fiber optic,No,Yes,Yes,No,Yes,No,Two year,No,Electronic check,78.89,5533.32,No
CUST11457,Male,0,Yes,No,30,Yes,No,DSL,Yes,No,No,Yes,No,Yes,Month-to-month,Yes,Electronic check,58.73,1751.61,No
CUST11458,Male,0,No,No,24,Yes,No,Fiber optic,Yes,No,Yes,No,No,Yes,Month-to-month,Yes,Electronic check,92.6,2151.77,No
CUST11459,Female,0,Yes,No,6,Yes,Yes,No,No internet service,No internet service,No internet service,No internet service,No internet service,No internet service,Month-to-month,No,Mailed check,27.08,156.77,No
CUST11460,Female,0,No,Yes,0,Yes,No,No,No internet service,No internet service,No internet service,No internet service,No internet service,No internet service,Two year,No,Bank transfer (automatic),18.0,17.3,Yes
CUST11461,Male,0,Yes,No,72,Yes,Yes,DSL,No,No,No,No,No,Yes,Month-to-month,No,Bank transfer (automatic),56.56,3978.92,No
CUST11462,Female,0,Yes,No,3,Yes,No,Fiber optic,No,Yes,No,No,No,No,One year,No,Electronic check,73.58,212.91,No
CUST11463,Male,0,No,Yes,35,Yes,No,DSL,Yes,No,No,No,No,Yes,Month-to-month,Yes,Electronic check,48.45,1671.96,No
CUST11464,Female,0,Yes,No,4,Yes,No,No,No internet service,No internet service,No internet service,No internet service,No internet service,No internet service,Two year,Yes,Bank transfer (automatic),18.31,70.47,No
CUST11465,Female,0,No,No,9,Yes,No,Fiber optic,No,Yes,No,Yes,No,No,Month-to-month,No,Bank transfer (automatic),77.2,677.95,No
CUST11466,Female,0,Yes,No,23,Yes,Yes,Fiber optic,No,No,No,No,No,No,Month-to-month,Yes,Bank transfer (automatic),78.37,1768.25,Yes
CUST11467,Female,0,No,Yes,58,Yes,Yes,Fiber optic,No,No,Yes,No,No,Yes,Month-to-month,Yes,Electronic check,71.64,4047.27,No
CUST11468,Male,0,No,No,0,Yes,No,No,No internet service,No internet service,No internet service,No internet service,No internet service,No internet service,Month-to-month,Yes,Electronic check,18.0,17.14,Yes
CUST11469,Male,0,No,Yes,6,Yes,No,No,No internet service,No internet service,No internet service,No internet service,No internet service,No internet service,Two year,No,Mailed check,20.98,121.7,No
CUST11470,Female,1,No,No,28,Yes,No,DSL,No,Yes,No,No,No,Yes,One year,Yes,Mailed check,63.4,1761.27,No
CUST11471,Female,0,Yes,No,3,Yes,Yes,Fiber optic,Yes,No,No,No,No,Yes,Month-to-month,Yes,Credit card (automatic),87.56,258.81,No
CUST11472,Male,0,Yes,No,2,Yes,Yes,Fiber optic,No,No,No,Yes,No,Yes,Month-to-month,Yes,Electronic check,77.24,154.39,Yes
CUST11473,Female,1,Yes,Yes,0,Yes,Yes,DSL,Yes,Yes,Yes,Yes,No,No,Month-to-month,Yes,Credit card (automatic),64.32,62.04,Yes
CUST11474,Male,0,No,No,13,Yes,No,No,No internet service,No internet service,No internet service,No internet service,No internet service,No internet service,Two year,No,Credit card (automatic),18.0,233.19,No
CUST11475,Male,0,No,Yes,29,Yes,No,Fiber optic,No,No,No,No,Yes,Yes,Month-to-month,Yes,Credit card (automatic),85.11,2397.44,No
CUST11476,Male,0,Yes,No,65,Yes,Yes,DSL,No,No,No,No,Yes,No,Two year,No,Credit card (automatic),55.38,3432.97,No
CUST11477,Female,0,No,Yes,6,Yes,Yes,DSL,Yes,No,No,No,Yes,No,One year,No,Electronic check,54.62,317.22,No
CUST11478,Male,0,Yes,No,2,Yes,No,Fiber optic,Yes,No,Yes,No,No,No,One year,No,Credit card (automatic),81.1,155.73,No
CUST11479,Female,0,Yes,No,10,Yes,No,No,No internet service,No internet service,No internet service,No internet service,No internet service,No internet service,Month-to-month,No,Bank transfer (automatic),18.0,173.56,No
CUST11480,Male,0,No,Yes,1,Yes,No,Fiber optic,No,No,No,No,No,No,Month-to-month,Yes,Bank transfer (automatic),69.13,66.83,Yes
CUST11481,Female,1,Yes,No,8,Yes,Yes,DSL,Yes,No,No,No,No,Yes,One year,Yes,Mailed check,56.35,435.28,No
CUST11482,Female,0,Yes,No,20,Yes,No,DSL,No,No,No,No,Yes,No,Month-to-month,Yes,Credit card (automatic),56.89,1082.82,No
CUST11483,Female,0,No,No,3,Yes,Yes,No,No internet service,No internet service,No internet service,No internet service,No internet service,No internet service,Month-to-month,Yes,Mailed check,18.0,52.1,No
CUST11484,Male,0,No,Yes,19,Yes,Yes,DSL,Yes,No,Yes,No,Yes,No,Two year,Yes,Bank transfer (automatic),48.69,906.25,No
CUST11485,Male,0,Yes,No,71,No,No phone service,No,No internet service,No internet service,No internet service,No internet service,No internet service,No internet service,Month-to-month,No,Electronic check,21.06,1478.56,No
CUST11486,Female,0,No,Yes,39,Yes,No,No,No internet service,No internet service,No internet service,No internet service,No internet service,No internet service,Month-to-month,Yes,Mailed check,20.68,766.44,No
CUST11487,Female,0,No,No,8,Yes,Yes,Fiber optic,No,No,Yes,No,Yes,Yes,Two year,Yes,Electronic check,80.15,612.34,No
CUST11488,Female,0,Yes,No,10,Yes,No,No,No internet service,No internet service,No internet service,No internet service,No internet service,No internet service,Two year,Yes,Electronic check,18.0,176.61,No
CUST11489,Male,0,No,No,10,Yes,No,DSL,No,No,No,No,No,No,Month-to-month,No,Mailed check,48.21,459.88,No
CUST11490,Male,1,Yes,No,39,Yes,Yes,No,No internet service,No internet service,No internet service,No internet service,No internet service,No internet service,Two year,No,Credit card (automatic),18.0,667.47,No
CUST11491,Male,0,Yes,No,72,Yes,No,DSL,No,Yes,No,No,Yes,No,One year,Yes,Credit card (automatic),61.1,4248.6,No
CUST11492,Male,0,Yes,Yes,34,Yes,No,Fiber optic,No,Yes,No,No,No,Yes,Two year,Yes,Credit card (automatic),78.25,2619.62,No
CUST11493,Female,0,No,No,16,Yes,Yes,Fiber optic,Yes,No,Yes,No,No,No,Month-to-month,Yes,Credit card (automatic),80.5,1278.51,No
CUST11494,Female,0,Yes,No,2,No,No phone service,Fiber optic,No,No,No,No,No,Yes,Two year,No,Credit card (automatic),77.96,152.26,No
CUST11495,Male,0,Yes,No,61,Yes,Yes,DSL,No,No,No,Yes,Yes,Yes,Month-to-month,Yes,Bank transfer (automatic),60.96,3621.11,No
CUST11496,Male,0,Yes,Yes,39,No,No phone service,No,No internet service,No internet service,No internet service,No internet service,No internet service,No internet service,Month-to-month,No,Electronic check,18.0,685.34,No
CUST11497,Female,0,Yes,No,36,Yes,No,Fiber optic,Yes,Yes,No,No,No,Yes,Month-to-month,No,Bank transfer (automatic),90.23,3158.49,No
CUST11498,Male,0,No,No,9,Yes,No,No,No internet service,No internet service,No internet service,No internet service,No internet service,No internet service,Month-to-month,Yes,Bank transfer (automatic),20.49,182.4,No
CUST11499,Male,0,Yes,No,11,Yes,Yes,Fiber optic,No,No,No,No,Yes,No,One year,No,Electronic check,70.07,756.08,No
CUST11500,Male,0,No,No,2,Yes,No,Fiber optic,No,No,Yes,No,No,Yes,One year,No,Bank transfer (automatic),85.09,162.91,No
CUST11501,Male,0,No,No,55,Yes,No,No,No internet service,No internet service,No internet service,No internet service,No internet service,No internet service,Month-to-month,Yes,Mailed check,18.0,986.92,No
CUST11502,Male,0,No,No,57,Yes,No,No,No internet service,No internet service,No internet service,No internet service,No internet service,No internet service,Month-to-month,No,Electronic check,20.62,1127.64,No
CUST11503,Male,0,No,No,5,Yes,No,Fiber optic,Yes,No,Yes,Yes,No,No,Month-to-month,Yes,Credit card (automatic),90.48,433.69,No
CUST11504,Female,0,Yes,No,23,Yes,No,No,No internet service,No internet service,No internet service,No internet service,No internet service,No internet service,Month-to-month,Yes,Electronic check,22.38,498.44,Yes
CUST11505,Male,0,Yes,Yes,4,Yes,No,Fiber optic,Yes,No,No,Yes,No,No,Month-to-month,Yes,Electronic check,82.21,318.54,No
CUST11506,Male,0,No,No,9,Yes,Yes,Fiber optic,Yes,No,No,Yes,No,No,Month-to-month,Yes,Electronic check,75.98,652.4,No
CUST11507,Female,0,Yes,No,7,Yes,No,No,No internet service,No internet service,No internet service,No internet service,No internet service,No internet service,Month-to-month,No,Bank transfer (automatic),18.0,120.32,Yes
CUST11508,Female,0,No,No,9,Yes,No,Fiber optic,Yes,No,No,No,No,Yes,Month-to-month,Yes,Bank transfer (automatic),81.47,732.22,Yes
CUST11509,Female,0,Yes,No,7,Yes,No,DSL,No,No,No,No,Yes,No,Two year,No,Electronic check,53.21,356.06,No
CUST11510,Male,0,Yes,Yes,8,Yes,No,DSL,No,Yes,Yes,No,Yes,No,Month-to-month,Yes,Mailed check,67.42,538.27,No
CUST11511,Female,0,Yes,No,31,Yes,No,Fiber optic,Yes,Yes,No,No,Yes,No,Month-to-month,No,Bank transfer (automatic),83.28,2541.77,No
CUST11512,Male,1,Yes,No,7,Yes,Yes,No,No internet service,No internet service,No internet service,No internet service,No internet service,No internet service,Month-to-month,Yes,Bank transfer (automatic),25.49,171.45,No
CUST11513,Male,1,No,No,33,Yes,No,DSL,No,No,Yes,No,No,Yes,Month-to-month,Yes,Bank transfer (automatic),48.92,1566.91,Yes
CUST11514,Male,0,Yes,No,16,Yes,No,Fiber optic,No,Yes,Yes,Yes,Yes,No,One year,Yes,Mailed check,94.06,1447.1,Yes
CUST11515,Female,0,No,Yes,30,Yes,No,Fiber optic,No,No,No,Yes,No,Yes,Two year,Yes,Mailed check,82.69,2385.7,No
CUST11516,Female,0,No,Yes,50,Yes,Yes,DSL,No,No,No,Yes,No,No,Two year,Yes,Credit card (automatic),43.51,2137.2,No
CUST11517,Female,0,No,No,2,Yes,No,DSL,No,No,Yes,No,No,No,One year,Yes,Credit card (automatic),51.69,99.95,No
CUST11518,Female,0,Yes,Yes,8,Yes,Yes,No,No internet service,No internet service,No internet service,No internet service,No internet service,No internet service,Month-to-month,Yes,Electronic check,18.21,144.57,Yes
CUST11519,Female,0,No,Yes,1,Yes,Yes,DSL,No,Yes,No,No,No,No,Month-to-month,Yes,Credit card (automatic),51.94,50.71,Yes
CUST11520,Male,1,Yes,No,10,Yes,Yes,DSL,No,No,No,No,No,No,Month-to-month,Yes,Electronic check,40.63,391.3,No
CUST11521,Male,1,No,No,5,Yes,Yes,DSL,Yes,No,No,No,No,Yes,Two year,Yes,Bank transfer (automatic),54.56,259.63,No
CUST11522,Male,0,Yes,Yes,16,Yes,No,DSL,No,Yes,Yes,No,Yes,No,Two year,No,Electronic check,58.05,909.9,No
CUST11523,Male,0,Yes,Yes,30,Yes,No,DSL,No,No,No,No,No,No,Month-to-month,No,Bank transfer (automatic),42.84,1281.17,No
CUST11524,Female,0,No,No,13,Yes,No,Fiber optic,No,No,No,Yes,No,No,Month-to-month,Yes,Mailed check,70.41,892.73,Yes
CUST11525,Female,0,No,Yes,8,Yes,No,Fiber optic,Yes,Yes,No,No,Yes,No,Month-to-month,No,Credit card (automatic),88.6,692.56,No
CUST11526,Male,0,Yes,No,3,Yes,No,Fiber optic,No,Yes,No,No,No,Yes,Month-to-month,Yes,Mailed check,90.14,260.55,No
CUST11527,Female,0,Yes,No,0,Yes,Yes,DSL,No,No,Yes,Yes,No,Yes,Two year,Yes,Bank transfer (automatic),60.7,59.66,No
CUST11528,Female,0,No,No,22,Yes,No,Fiber optic,No,No,No,No,No,No,Month-to-month,Yes,Bank transfer (automatic),79.97,1716.02,No
CUST11529,Male,0,No,No,0,Yes,Yes,DSL,Yes,No,Yes,No,Yes,Yes,Month-to-month,Yes,Bank transfer (automatic),68.1,67.13,Yes
CUST11530,Male,0,Yes,Yes,50,No,No phone service,No,No internet service,No internet service,No internet service,No internet service,No internet service,No internet service,Two year,No,Bank transfer (automatic),18.0,860.43,No
CUST11531,Female,1,No,Yes,18,Yes,No,DSL,Yes,Yes,No,No,No,Yes,Month-to-month,Yes,Bank transfer (automatic),62.86,1087.95,Yes
CUST11532,Female,0,No,No,8,Yes,Yes,No,No internet service,No internet service,No internet service,No internet service,No internet service,No internet service,Month-to-month,Yes,Bank transfer (automatic),19.57,155.19,No
CUST11533,Male,0,No,No,0,Yes,Yes,Fiber optic,No,Yes,No,No,Yes,Yes,Month-to-month,Yes,Mailed check,88.85,88.7,Yes
CUST11534,Male,0,No,No,10,Yes,No,Fiber optic,No,No,No,No,No,Yes,Month-to-month,No,Electronic check,72.76,720.98,No
CUST11535,Male,0,Yes,Yes,40,Yes,Yes,Fiber optic,No,No,No,No,No,No,Month-to-month,Yes,Credit card (automatic),74.79,2908.76,Yes
CUST11536,Female,0,No,No,70,Yes,No,Fiber optic,Yes,No,Yes,No,Yes,No,Month-to-month,No,Electronic check,79.44,5302.85,No
CUST11537,Male,0,Yes,No,1,Yes,No,Fiber optic,No,No,No,No,No,No,Two year,No,Electronic check,70.95,70.51,No
CUST11538,Male,1,Yes,No,30,Yes,Yes,Fiber optic,No,No,Yes,No,Yes,No,One year,Yes,Mailed check,78.59,2335.12,No
CUST11539,Female,0,No,Yes,5,Yes,Yes,No,No internet service,No internet service,No internet service,No internet service,No internet service,No internet service,Month-to-month,Yes,Bank transfer (automatic),22.85,114.02,Yes
CUST11540,Female,0,Yes,No,9,Yes,No,Fiber optic,Yes,Yes,Yes,No,Yes,No,Two year,Yes,Electronic check,88.11,769.58,No
CUST11541,Female,0,No,Yes,15,Yes,Yes,DSL,Yes,No,Yes,No,No,Yes,Month-to-month,Yes,Bank transfer (automatic),51.74,764.1,No
CUST11542,Female,1,Yes,No,72,Yes,Yes,No,No internet service,No internet service,No internet service,No internet service,No internet service,No internet service,Two year,No,Mailed check,18.0,1241.49,No
CUST11543,Female,0,Yes,No,4,Yes,No,Fiber optic,No,No,Yes,No,No,Yes,Month-to-month,Yes,Electronic check,78.23,311.63,No
CUST11544,Male,0,No,No,2,Yes,No,Fiber optic,Yes,No,No,No,No,Yes,Month-to-month,Yes,Bank transfer (automatic),75.74,149.2,Yes
CUST11545,Male,0,Yes,No,18,Yes,No,No,No internet service,No internet service,No internet service,No internet service,No internet service,No internet service,Month-to-month,Yes,Bank transfer (automatic),23.01,408.42,Yes
CUST11546,Female,0,Yes,No,38,Yes,Yes,No,No internet service,No internet service,No internet service,No internet service,No internet service,No internet service,Month-to-month,No,Electronic check,20.63,771.15,No
CUST11547,Female,0,No,Yes,20,No,No phone service,DSL,Yes,No,Yes,No,No,No,Two year,No,Credit card (automatic),48.56,957.62,Yes
CUST11548,Female,0,Yes,Yes,8,Yes,No,DSL,No,No,Yes,Yes,Yes,No,Month-to-month,Yes,Electronic check,59.63,456.81,No
CUST11549,Female,0,Yes,Yes,72,Yes,No,DSL,No,No,Yes,No,Yes,No,Month-to-month,Yes,Credit card (automatic),50.79,3597.74,Yes
CUST11550,Female,0,No,Yes,72,Yes,Yes,Fiber optic,No,Yes,No,Yes,No,No,Month-to-month,No,Mailed check,80.41,5613.82,No
CUST11551,Male,0,Yes,Yes,29,Yes,No,Fiber optic,No,No,No,No,No,Yes,Month-to-month,No,Electronic check,76.35,2140.55,Yes
CUST11552,Male,0,No,No,32,Yes,No,Fiber optic,Yes,No,No,Yes,No,No,Two year,No,Bank transfer (automatic),83.73,2580.14,No
CUST11553,Male,0,Yes,No,28,Yes,Yes,Fiber optic,No,Yes,No,No,No,Yes,Two year,Yes,Mailed check,81.41,2264.03,No
CUST11554,Male,0,Yes,Yes,5,No,No phone service,DSL,No,No,No,No,Yes,No,Month-to-month,No,Credit card (automatic),53.01,261.59,No
CUST11555,Female,0,Yes,Yes,3,Yes,Yes,DSL,No,No,Yes,No,No,Yes,Month-to-month,Yes,Bank transfer (automatic),44.98,130.19,No
CUST11556,Male,0,Yes,No,16,No,No phone service,No,No internet service,No internet service,No internet service,No internet service,No internet service,No internet service,Month-to-month,Yes,Credit card (automatic),18.0,275.17,Yes
CUST11557,Female,1,Yes,No,61,Yes,No,No,No internet service,No internet service,No internet service,No internet service,No internet service,No internet service,Month-to-month,Yes,Electronic check,18.0,1066.45,Yes
CUST11558,Female,1,Yes,Yes,42,Yes,No,DSL,No,No,No,No,No,No,Month-to-month,No,Mailed check,43.97,1811.28,No
CUST11559,Female,0,Yes,No,2,Yes,No,DSL,No,Yes,Yes,No,No,Yes,Month-to-month,No,Electronic check,64.84,123.26,Yes
CUST11560,Male,0,Yes,No,1,Yes,No,Fiber optic,No,No,No,No,No,No,One year,No,Electronic check,69.52,67.86,No
CUST11561,Female,0,No,No,41,Yes,No,DSL,No,Yes,No,No,No,Yes,Month-to-month,Yes,Credit card (automatic),54.5,2134.35,Yes
CUST11562,Male,1,No,No,18,Yes,No,DSL,No,No,No,No,Yes,No,Month-to-month,Yes,Bank transfer (automatic),51.61,920.55,No
CUST11563,Male,0,Yes,No,7,Yes,No,Fiber optic,Yes,No,No,No,No,No,Month-to-month,Yes,Electronic check,72.46,498.88,No
CUST11564,Female,0,No,Yes,16,No,No phone service,DSL,No,Yes,No,No,No,Yes,One year,Yes,Mailed check,59.07,915.82,No
CUST11565,Female,0,No,Yes,5,Yes,No,Fiber optic,No,Yes,Yes,No,Yes,No,Month-to-month,Yes,Mailed check,88.26,424.16,No
CUST11566,Female,1,No,No,58,Yes,No,No,No internet service,No internet service,No internet service,No internet service,No internet service,No internet service,Month-to-month,Yes,Electronic check,18.0,1011.81,No
CUST11567,Male,0,No,No,35,Yes,No,No,No internet service,No internet service,No internet service,No internet service,No internet service,No internet service,Month-to-month,Yes,Bank transfer (automatic),18.0,626.69,No
CUST11568,Female,0,No,No,65,Yes,Yes,Fiber optic,No,No,No,No,No,Yes,Month-to-month,Yes,Credit card (automatic),67.94,4210.2,Yes
CUST11569,Male,0,Yes,Yes,4,Yes,No,Fiber optic,No,No,No,No,Yes,No,Month-to-month,Yes,Bank transfer (automatic),81.36,324.12,Yes
CUST11570,Female,0,No,No,37,Yes,No,Fiber optic,Yes,Yes,No,Yes,Yes,No,Two year,No,Mailed check,96.26,3396.86,No
CUST11571,Female,0,No,No,16,Yes,Yes,DSL,No,No,Yes,No,Yes,Yes,Two year,Yes,Electronic check,61.02,929.3,No
CUST11572,Male,0,Yes,No,7,Yes,Yes,Fiber optic,No,No,No,No,Yes,Yes,One year,Yes,Electronic check,80.68,542.15,No
CUST11573,Male,0,Yes,No,13,Yes,Yes,Fiber optic,No,Yes,Yes,No,No,No,Two year,Yes,Mailed check,75.36,937.86,No
CUST11574,Male,1,No,No,57,Yes,Yes,DSL,No,No,Yes,Yes,No,Yes,One year,No,Credit card (automatic),64.91,3687.27,No
CUST11575,Male,0,No,No,23,Yes,Yes,Fiber optic,No,No,No,Yes,No,No,Two year,Yes,Mailed check,75.25,1665.38,No
CUST11576,Male,0,Yes,No,8,Yes,No,DSL,No,No,Yes,Yes,No,No,Month-to-month,No,Credit card (automatic),46.51,368.82,No
CUST11577,Male,0,Yes,No,72,Yes,Yes,No,No internet service,No internet service,No internet service,No internet service,No internet service,No internet service,Month-to-month,Yes,Bank transfer (automatic),22.38,1556.6,No
CUST11578,Female,0,No,Yes,8,Yes,Yes,No,No internet service,No internet service,No internet service,No internet service,No internet service,No internet service,Month-to-month,Yes,Bank transfer (automatic),18.0,137.87,No
CUST11579,Female,0,Yes,No,33,Yes,Yes,DSL,No,No,No,Yes,Yes,Yes,Month-to-month,No,Credit card (automatic),56.33,1805.06,No
CUST11580,Male,0,No,Yes,30,Yes,Yes,DSL,No,Yes,No,No,Yes,Yes,Month-to-month,Yes,Electronic check,55.68,1595.05,No
CUST11581,Female,0,Yes,No,25,No,No phone service,DSL,No,Yes,Yes,No,No,No,One year,Yes,Mailed check,51.56,1263.42,No
CUST11582,Male,1,Yes,No,22,Yes,Yes,No,No internet service,No internet service,No internet service,No internet service,No internet service,No internet service,Month-to-month,No,Electronic check,22.73,479.07,No
CUST11583,Female,1,Yes,Yes,2,Yes,No,DSL,Yes,Yes,No,No,No,Yes,One year,Yes,Credit card (automatic),57.97,113.39,No
CUST11584,Female,1,Yes,Yes,72,Yes,Yes,Fiber optic,No,No,Yes,No,No,No,One year,Yes,Credit card (automatic),75.45,5224.9,No
CUST11585,Male,0,Yes,No,3,Yes,No,DSL,No,No,Yes,No,Yes,No,Month-to-month,No,Bank transfer (automatic),60.42,180.51,No
CUST11586,Male,0,No,No,18,Yes,No,Fiber optic,No,Yes,No,No,No,No,Month-to-month,Yes,Credit card (automatic),75.05,1298.07,No
CUST11587,Male,0,No,Yes,5,Yes,No,No,No internet service,No internet service,No internet service,No internet service,No internet service,No internet service,Month-to-month,Yes,Credit card (automatic),24.32,118.36,No
CUST11588,Female,0,Yes,Yes,3,Yes,Yes,Fiber optic,No,Yes,No,No,No,Yes,Month-to-month,No,Mailed check,87.17,248.66,No
CUST11589,Male,0,No,No,16,No,No phone service,Fiber optic,No,Yes,No,No,No,No,Month-to-month,Yes,Bank transfer (automatic),67.87,1038.19,No
CUST11590,Female,0,No,No,36,Yes,No,Fiber optic,No,No,No,No,No,No,One year,No,Bank transfer (automatic),74.32,2563.37,No
CUST11591,Male,0,Yes,No,9,Yes,No,Fiber optic,Yes,No,No,No,No,No,Month-to-month,Yes,Electronic check,83.33,743.51,Yes
CUST11592,Female,0,Yes,No,1,Yes,Yes,Fiber optic,No,No,No,No,No,No,Two year,No,Electronic check,72.63,71.26,No
CUST11593,Female,0,Yes,No,19,Yes,Yes,No,No internet service,No internet service,No internet service,No internet service,No internet service,No internet service,Two year,Yes,Credit card (automatic),18.85,340.96,No
CUST11594,Male,0,No,Yes,29,Yes,Yes,No,No internet service,No internet service,No internet service,No internet service,No internet service,No internet service,Month-to-month,Yes,Electronic check,24.35,677.22,No
CUST11595,Female,0,No,No,7,Yes,Yes,Fiber optic,Yes,No,No,No,No,No,One year,No,Electronic check,73.66,512.23,No
CUST11596,Female,0,Yes,No,23,Yes,No,Fiber optic,No,Yes,No,Yes,Yes,No,Month-to-month,Yes,Bank transfer (automatic),100.86,2239.36,No
CUST11597,Male,0,No,Yes,1,Yes,No,DSL,No,Yes,Yes,Yes,Yes,Yes,One year,Yes,Mailed check,71.83,68.99,No
CUST11598,Female,0,Yes,No,8,No,No phone service,No,No internet service,No internet service,No internet service,No internet service,No internet service,No internet service,Month-to-month,Yes,Electronic check,18.0,142.53,No
CUST11599,Male,1,Yes,No,12,Yes,Yes,DSL,No,No,No,Yes,Yes,No,One year,Yes,Credit card (automatic),50.44,587.02,No
CUST11600,Male,0,Yes,No,30,Yes,No,Fiber optic,No,No,Yes,No,Yes,Yes,Month-to-month,Yes,Mailed check,88.6,2589.4,No
CUST11601,Male,1,No,No,8,No,No phone service,Fiber optic,No,No,Yes,Yes,No,No,Two year,Yes,Credit card (automatic),75.63,596.12,No
CUST11602,Male,0,Yes,No,12,Yes,No,DSL,No,No,Yes,No,No,Yes,Month-to-month,Yes,Mailed check,50.21,599.75,No
CUST11603,Female,0,No,No,19,Yes,No,Fiber optic,No,No,No,Yes,No,Yes,Month-to-month,No,Bank transfer (automatic),80.39,1504.39,No
CUST11604,Female,0,Yes,No,19,Yes,No,DSL,No,No,No,No,No,No,Month-to-month,Yes,Bank transfer (automatic),45.95,846.59,No
CUST11605,Female,0,Yes,No,14,Yes,No,No,No internet service,No internet service,No internet service,No internet service,No internet service,No internet service,Two year,Yes,Electronic check,18.63,260.35,No
CUST11606,Male,0,No,No,7,No,No phone service,No,No internet service,No internet service,No internet service,No internet service,No internet service,No internet service,One year,No,Electronic check,20.8,142.31,No
CUST11607,Female,0,No,No,22,Yes,No,Fiber optic,No,No,No,Yes,No,No,Two year,No,Electronic check,88.25,1932.02,No
CUST11608,Female,0,No,No,36,Yes,No,Fiber optic,Yes,Yes,No,Yes,No,No,Two year,No,Electronic check,81.49,2917.16,No
CUST11609,Male,0,No,Yes,3,Yes,Yes,DSL,No,No,No,Yes,Yes,No,Month-to-month,No,Bank transfer (automatic),49.75,145.6,No
CUST11610,Male,0,No,Yes,8,Yes,No,No,No internet service,No internet service,No internet service,No internet service,No internet service,No internet service,Month-to-month,No,Electronic check,18.0,138.3,Yes
CUST11611,Female,0,Yes,No,22,Yes,No,Fiber optic,No,Yes,Yes,No,Yes,Yes,Month-to-month,Yes,Electronic check,94.19,2007.11,No
CUST11612,Male,0,Yes,No,28,Yes,No,DSL,No,No,No,No,No,Yes,Two year,Yes,Electronic check,52.52,1409.92,No
CUST11613,Male,0,No,Yes,30,Yes,No,No,No internet service,No internet service,No internet service,No internet service,No internet service,No internet service,Two year,Yes,Bank transfer (automatic),18.0,517.28,No
CUST11614,Male,0,No,Yes,21,Yes,No,Fiber optic,No,No,No,Yes,No,No,Month-to-month,No,Bank transfer (automatic),71.84,1500.71,No
CUST11615,Male,0,No,No,13,Yes,Yes,DSL,No,No,No,No,No,No,One year,No,Mailed check,47.62,592.47,No
CUST11616,Female,0,Yes,No,20,Yes,Yes,No,No internet service,No internet service,No internet service,No internet service,No internet service,No internet service,One year,No,Credit card (automatic),18.0,359.55,No
CUST11617,Male,0,Yes,No,2,Yes,No,Fiber optic,Yes,No,No,Yes,No,No,One year,Yes,Electronic check,83.0,160.01,Yes
CUST11618,Male,1,No,Yes,4,Yes,No,Fiber optic,Yes,Yes,Yes,No,No,No,Two year,No,Credit card (automatic),87.83,341.81,No
CUST11619,Male,0,Yes,No,52,Yes,Yes,DSL,Yes,No,No,No,No,Yes,Month-to-month,No,Bank transfer (automatic),57.98,2892.18,No
CUST11620,Male,0,Yes,No,51,Yes,No,Fiber optic,No,No,Yes,No,No,No,Two year,No,Credit card (automatic),73.67,3639.44,No
CUST11621,Male,0,Yes,Yes,25,Yes,Yes,Fiber optic,No,No,No,Yes,No,Yes,Month-to-month,Yes,Electronic check,80.74,1978.04,No
CUST11622,Male,0,Yes,No,7,Yes,Yes,DSL,Yes,No,Yes,No,Yes,No,Month-to-month,Yes,Credit card (automatic),62.52,435.8,No
CUST11623,Male,0,No,No,20,Yes,No,DSL,No,No,No,Yes,Yes,No,Month-to-month,No,Bank transfer (automatic),54.54,1087.66,No
CUST11624,Male,0,No,Yes,23,Yes,Yes,Fiber optic,No,No,Yes,Yes,No,No,Month-to-month,No,Bank transfer (automatic),71.74,1571.91,No
CUST11625,Female,0,Yes,No,14,Yes,Yes,Fiber optic,No,Yes,No,Yes,No,Yes,One year,No,Electronic check,94.39,1290.53,No
CUST11626,Male,0,Yes,No,27,Yes,No,No,No internet service,No internet service,No internet service,No internet service,No internet service,No internet service,One year,Yes,Electronic check,20.04,517.71,No
CUST11627,Female,0,No,Yes,0,Yes,Yes,No,No internet service,No internet service,No internet service,No internet service,No internet service,No internet service,Month-to-month,No,Electronic check,22.86,21.88,Yes
CUST11628,Male,0,Yes,Yes,5,Yes,No,No,No internet service,No internet service,No internet service,No internet service,No internet service,No internet service,One year,Yes,Mailed check,21.52,106.64,No
CUST11629,Male,0,No,Yes,31,No,No phone service,Fiber optic,No,Yes,No,No,No,No,Month-to-month,Yes,Electronic check,87.49,2620.81,Yes
CUST11630,Male,0,No,No,55,Yes,No,No,No internet service,No internet service,No internet service,No internet service,No internet service,No internet service,Two year,Yes,Credit card (automatic),18.0,989.24,No
CUST11631,Male,1,No,Yes,41,Yes,No,DSL,No,Yes,No,No,Yes,No,Month-to-month,Yes,Bank transfer (automatic),60.91,2472.07,No
CUST11632,Female,0,No,No,25,Yes,Yes,DSL,No,No,No,Yes,Yes,Yes,Month-to-month,No,Credit card (automatic),59.52,1454.3,No
CUST11633,Male,0,Yes,No,3,Yes,No,Fiber optic,No,No,Yes,No,No,No,Month-to-month,No,Mailed check,69.02,197.08,Yes
CUST11634,Male,0,No,No,9,Yes,No,Fiber optic,No,No,No,No,Yes,No,Month-to-month,No,Bank transfer (automatic),73.77,633.13,No
CUST11635,Female,1,Yes,No,1,Yes,No,Fiber optic,No,No,No,Yes,No,No,Month-to-month,Yes,Credit card (automatic),83.6,81.95,Yes
CUST11636,Female,0,Yes,No,20,Yes,No,Fiber optic,No,No,No,No,Yes,No,Two year,No,Credit card (automatic),72.79,1444.16,No
CUST11637,Male,0,Yes,No,11,Yes,No,DSL,No,No,Yes,Yes,No,No,Month-to-month,Yes,Bank transfer (automatic),53.12,570.2,No
CUST11638,Female,0,Yes,No,17,Yes,Yes,DSL,No,No,No,No,No,No,Month-to-month,No,Credit card (automatic),37.44,632.42,Yes
CUST11639,Female,0,Yes,No,72,Yes,No,No,No internet service,No internet service,No internet service,No internet service,No internet service,No internet service,Two year,Yes,Electronic check,24.71,1725.9,No
CUST11640,Female,0,Yes,No,10,Yes,No,DSL,Yes,No,No,Yes,Yes,Yes,Month-to-month,Yes,Bank transfer (automatic),68.07,677.99,No
CUST11641,Male,0,No,No,7,Yes,No,Fiber optic,Yes,No,No,No,Yes,Yes,Two year,No,Bank transfer (automatic),83.5,581.3,No
CUST11642,Male,1,No,No,3,Yes,Yes,No,No internet service,No internet service,No internet service,No internet service,No internet service,No internet service,Two year,No,Bank transfer (automatic),18.0,53.0,No
CUST11643,Male,0,Yes,No,3,Yes,Yes,DSL,No,No,No,No,No,No,One year,No,Credit card (automatic),43.97,131.24,Yes
CUST11644,Female,0,No,No,14,Yes,No,DSL,Yes,Yes,Yes,Yes,No,Yes,Month-to-month,No,Mailed check,66.7,912.2,No
CUST11645,Male,0,Yes,No,27,Yes,Yes,Fiber optic,No,No,No,No,Yes,No,Month-to-month,No,Credit card (automatic),77.24,1991.95,No
CUST11646,Female,0,No,No,16,Yes,No,DSL,Yes,No,No,No,Yes,Yes,Month-to-month,No,Electronic check,65.55,1035.16,No
CUST11647,Male,1,Yes,Yes,41,Yes,Yes,Fiber optic,No,No,Yes,No,Yes,Yes,Month-to-month,Yes,Mailed check,90.51,3644.68,No
CUST11648,Male,0,No,No,7,No,No phone service,Fiber optic,No,No,No,No,No,No,Month-to-month,Yes,Electronic check,79.1,544.83,No
CUST11649,Female,0,Yes,Yes,18,Yes,Yes,Fiber optic,No,No,No,Yes,Yes,Yes,Two year,No,Bank transfer (automatic),93.76,1606.79,No
CUST11650,Male,0,No,Yes,21,Yes,No,No,No internet service,No internet service,No internet service,No internet service,No internet service,No internet service,Month-to-month,Yes,Bank transfer (automatic),18.0,361.02,No
CUST11651,Female,0,Yes,No,6,Yes,Yes,No,No internet service,No internet service,No internet service,No internet service,No internet service,No internet service,Month-to-month,No,Mailed check,18.0,107.99,No
CUST11652,Female,0,Yes,No,10,Yes,Yes,No,No internet service,No internet service,No internet service,No internet service,No internet service,No internet service,Month-to-month,No,Credit card (automatic),20.74,204.99,No
CUST11653,Male,1,Yes,No,17,Yes,Yes,Fiber optic,No,No,No,Yes,No,No,Month-to-month,Yes,Electronic check,69.89,1156.53,No
CUST11654,Female,1,Yes,No,0,Yes,No,Fiber optic,No,No,No,No,No,No,Month-to-month,Yes,Mailed check,66.4,65.31,Yes
CUST11655,Male,0,No,Yes,43,Yes,Yes,Fiber optic,Yes,Yes,No,Yes,Yes,No,Two year,No,Bank transfer (automatic),92.05,3925.1,No
CUST11656,Male,0,No,No,2,Yes,Yes,DSL,No,Yes,No,No,No,No,Month-to-month,Yes,Electronic check,52.61,104.74,Yes
CUST11657,Female,0,Yes,No,0,Yes,No,Fiber optic,Yes,Yes,Yes,No,No,No,Two year,No,Credit card (automatic),83.47,82.88,No
CUST11658,Male,1,No,Yes,4,Yes,Yes,DSL,Yes,No,No,Yes,No,Yes,One year,Yes,Mailed check,63.06,246.49,No
CUST11659,Female,0,Yes,No,13,Yes,No,DSL,Yes,No,No,No,Yes,No,Two year,Yes,Mailed check,61.08,790.49,No
CUST11660,Male,0,No,No,7,Yes,No,Fiber optic,Yes,No,Yes,No,No,No,Month-to-month,No,Mailed check,84.2,583.19,Yes
CUST11661,Male,0,Yes,No,11,Yes,No,DSL,Yes,Yes,Yes,No,No,Yes,Month-to-month,Yes,Bank transfer (automatic),62.52,655.89,No
CUST11662,Male,0,No,No,1,Yes,No,No,No internet service,No internet service,No internet service,No internet service,No internet service,No internet service,Month-to-month,No,Credit card (automatic),20.58,19.66,Yes
CUST11663,Male,1,Yes,No,5,Yes,No,Fiber optic,Yes,Yes,Yes,No,Yes,No,Two year,No,Electronic check,89.55,441.77,No
CUST11664,Male,0,No,No,2,Yes,No,No,No internet service,No internet service,No internet service,No internet service,No internet service,No internet service,One year,Yes,Electronic check,18.0,35.73,No
CUST11665,Female,0,Yes,No,5,Yes,Yes,Fiber optic,Yes,Yes,No,No,Yes,Yes,One year,Yes,Credit card (automatic),96.2,467.6,No
CUST11666,Female,0,No,No,24,Yes,Yes,DSL,No,Yes,No,No,No,Yes,Month-to-month,No,Credit card (automatic),53.87,1277.65,No
CUST11667,Female,0,No,No,17,Yes,No,Fiber optic,No,Yes,Yes,No,No,Yes,Month-to-month,Yes,Electronic check,78.67,1320.43,No
CUST11668,Female,0,Yes,No,8,Yes,No,Fiber optic,No,No,No,No,No,No,Month-to-month,Yes,Electronic check,69.78,543.53,Yes
CUST11669,Female,0,No,Yes,6,No,No phone service,DSL,No,Yes,No,No,Yes,Yes,Month-to-month,Yes,Electronic check,54.5,317.26,No
CUST11670,Female,0,No,No,72,No,No phone service,DSL,No,Yes,Yes,No,No,Yes,Month-to-month,Yes,Electronic check,50.61,3475.31,No
CUST11671,Male,0,No,No,29,Yes,No,Fiber optic,No,No,No,No,No,No,Month-to-month,No,Mailed check,71.48,2070.86,No
CUST11672,Male,0,No,No,34,Yes,Yes,DSL,No,Yes,No,No,No,No,One year,Yes,Electronic check,42.16,1376.41,No
CUST11673,Female,0,No,No,0,No,No phone service,Fiber optic,Yes,No,No,No,No,Yes,Two year,No,Electronic check,84.65,81.05,No
CUST11674,Female,0,No,No,1,Yes,No,DSL,No,No,No,No,No,Yes,One year,No,Credit card (automatic),55.61,53.05,No
CUST11675,Male,0,No,No,24,Yes,No,No,No internet service,No internet service,No internet service,No internet service,No internet service,No internet service,One year,Yes,Electronic check,26.2,613.41,No
CUST11676,Male,0,Yes,No,4,Yes,No,Fiber optic,No,No,Yes,No,No,No,Two year,No,Credit card (automatic),77.28,294.71,No
CUST11677,Male,0,No,No,11,Yes,No,No,No internet service,No internet service,No internet service,No internet service,No internet service,No internet service,Month-to-month,Yes,Mailed check,18.0,196.79,No
CUST11678,Female,0,No,No,4,Yes,No,DSL,No,No,Yes,No,No,No,Month-to-month,Yes,Electronic check,48.35,185.68,No
CUST11679,Female,0,No,No,3,Yes,No,Fiber optic,No,Yes,No,No,No,Yes,One year,No,Mailed check,77.5,231.54,No
CUST11680,Female,1,Yes,No,2,No,No phone service,DSL,No,No,No,Yes,Yes,No,Month-to-month,No,Electronic check,45.9,91.15,Yes
CUST11681,Male,0,Yes,No,18,Yes,No,Fiber optic,No,No,Yes,No,No,No,Month-to-month,Yes,Bank transfer (automatic),83.34,1428.1,No
CUST11682,Male,0,No,No,26,Yes,No,DSL,Yes,No,No,Yes,No,No,Month-to-month,No,Electronic check,58.61,1491.54,No
CUST11683,Female,0,No,Yes,1,Yes,No,No,No internet service,No internet service,No internet service,No internet service,No internet service,No internet service,Month-to-month,Yes,Bank transfer (automatic),18.0,17.26,No
CUST11684,Female,0,Yes,Yes,6,Yes,Yes,Fiber optic,Yes,Yes,No,Yes,Yes,Yes,Month-to-month,No,Mailed check,94.48,542.4,No
CUST11685,Male,1,Yes,No,21,Yes,Yes,DSL,No,No,No,No,Yes,Yes,Month-to-month,No,Electronic check,54.84,1123.75,No
CUST11686,Male,0,Yes,No,9,No,No phone service,Fiber optic,No,Yes,No,Yes,Yes,Yes,Month-to-month,Yes,Credit card (automatic),91.13,786.99,No
CUST11687,Male,1,No,No,24,No,No phone service,Fiber optic,No,No,No,No,No,Yes,Month-to-month,No,Electronic check,74.44,1737.58,No
CUST11688,Male,0,Yes,No,28,Yes,Yes,DSL,No,Yes,No,Yes,Yes,No,Two year,Yes,Credit card (automatic),61.01,1627.37,No
CUST11689,Female,1,No,No,0,Yes,Yes,Fiber optic,No,No,Yes,No,No,No,Two year,No,Electronic check,69.83,67.98,No
CUST11690,Male,1,No,No,9,Yes,Yes,Fiber optic,No,No,Yes,No,Yes,Yes,Two year,Yes,Credit card (automatic),85.09,734.04,No
CUST11691,Male,1,No,Yes,26,Yes,Yes,DSL,No,Yes,Yes,Yes,Yes,Yes,Two year,Yes,Credit card (automatic),72.12,1792.23,No
CUST11692,Male,0,Yes,No,9,No,No phone service,Fiber optic,No,No,No,Yes,No,No,Month-to-month,Yes,Electronic check,79.85,685.72,No
CUST11693,Female,0,No,No,0,Yes,No,DSL,No,No,Yes,Yes,No,Yes,Two year,Yes,Electronic check,51.64,50.71,No
CUST11694,Female,0,No,No,8,Yes,No,Fiber optic,Yes,Yes,No,Yes,No,No,Month-to-month,No,Credit card (automatic),89.16,679.92,No
CUST11695,Male,0,Yes,No,41,Yes,No,Fiber optic,No,Yes,No,Yes,Yes,No,One year,Yes,Electronic check,81.33,3264.87,No
CUST11696,Male,1,No,Yes,60,Yes,No,DSL,No,Yes,No,No,No,No,Month-to-month,Yes,Electronic check,48.14,2755.35,No
CUST11697,Male,0,No,No,16,Yes,No,DSL,No,Yes,No,No,No,No,Two year,No,Bank transfer (automatic),54.58,851.11,No
CUST11698,Female,1,No,Yes,7,Yes,No,Fiber optic,No,No,No,No,Yes,Yes,Month-to-month,Yes,Electronic check,82.96,558.35,Yes
CUST11699,Female,0,No,No,12,Yes,No,Fiber optic,Yes,Yes,Yes,No,No,No,Month-to-month,Yes,Mailed check,87.41,1003.9,No
CUST11700,Female,0,Yes,No,5,Yes,No,DSL,Yes,No,No,No,Yes,No,Two year,Yes,Mailed check,57.86,288.73,No
CUST11701,Male,0,Yes,No,3,Yes,No,DSL,Yes,No,Yes,Yes,No,Yes,One year,No,Electronic check,64.41,186.93,No
CUST11702,Female,0,Yes,No,13,Yes,No,DSL,No,No,No,No,Yes,Yes,Month-to-month,No,Electronic check,52.84,663.71,Yes
CUST11703,Male,0,No,No,26,Yes,No,Fiber optic,Yes,No,Yes,No,No,No,One year,No,Bank transfer (automatic),89.47,2322.95,No
CUST11704,Male,0,No,Yes,5,Yes,Yes,DSL,Yes,No,Yes,No,No,No,Month-to-month,Yes,Mailed check,54.66,269.94,No
CUST11705,Male,1,Yes,No,48,Yes,Yes,Fiber optic,No,No,Yes,No,No,No,One year,Yes,Bank transfer (automatic),87.28,4104.85,No
CUST11706,Female,0,Yes,No,3,Yes,No,DSL,Yes,No,No,No,No,No,Month-to-month,Yes,Credit card (automatic),49.3,141.96,Yes
CUST11707,Male,0,No,Yes,16,Yes,No,Fiber optic,No,Yes,Yes,Yes,No,No,Two year,No,Electronic check,78.76,1236.5,No
CUST11708,Female,0,No,No,29,Yes,No,DSL,No,No,No,Yes,Yes,No,Month-to-month,Yes,Credit card (automatic),48.98,1405.76,No
CUST11709,Female,0,Yes,No,4,Yes,Yes,Fiber optic,Yes,No,No,Yes,No,No,Two year,No,Credit card (automatic),81.02,321.89,No
CUST11710,Male,0,No,No,7,Yes,No,Fiber optic,No,Yes,No,No,No,No,Month-to-month,No,Electronic check,76.11,529.2,Yes
CUST11711,Male,0,No,No,1,Yes,Yes,Fiber optic,No,Yes,No,Yes,Yes,No,Month-to-month,Yes,Credit card (automatic),89.5,85.44,No
CUST11712,Female,0,Yes,No,57,Yes,No,DSL,No,No,No,No,Yes,No,Month-to-month,Yes,Electronic check,57.4,3154.08,No
CUST11713,Male,0,Yes,Yes,13,Yes,Yes,No,No internet service,No internet service,No internet service,No internet service,No internet service,No internet service,Month-to-month,Yes,Credit card (automatic),19.06,241.35,No
CUST11714,Female,0,Yes,Yes,1,Yes,Yes,DSL,No,No,No,Yes,No,No,Month-to-month,No,Credit card (automatic),47.11,45.87,Yes
CUST11715,Male,1,Yes,No,35,Yes,No,DSL,No,No,Yes,No,No,No,Two year,Yes,Credit card (automatic),56.81,1937.31,No
CUST11716,Female,0,No,No,16,Yes,No,DSL,No,No,No,No,Yes,No,Month-to-month,No,Bank transfer (automatic),42.81,682.82,No
CUST11717,Female,0,Yes,Yes,1,Yes,No,No,No internet service,No internet service,No internet service,No internet service,No internet service,No internet service,Month-to-month,Yes,Mailed check,18.0,17.46,Yes
CUST11718,Female,0,Yes,Yes,11,Yes,Yes,DSL,Yes,Yes,No,Yes,No,Yes,Month-to-month,No,Electronic check,67.3,733.43,No
CUST11719,Female,0,No,No,11,Yes,Yes,Fiber optic,No,Yes,No,No,No,No,Month-to-month,Yes,Mailed check,71.42,765.06,No
CUST11720,Male,0,Yes,No,3,Yes,No,DSL,No,Yes,Yes,No,No,No,One year,Yes,Credit card (automatic),52.05,151.74,No
CUST11721,Male,0,No,No,10,Yes,No,Fiber optic,No,No,No,Yes,No,No,Two year,Yes,Electronic check,76.21,759.96,No
CUST11722,Female,0,Yes,Yes,6,Yes,Yes,Fiber optic,No,No,No,No,No,No,Month-to-month,Yes,Credit card (automatic),68.07,394.1,No
CUST11723,Female,0,No,No,24,Yes,Yes,Fiber optic,Yes,Yes,Yes,No,Yes,Yes,Month-to-month,Yes,Bank transfer (automatic),99.2,2297.51,No
CUST11724,Male,0,No,No,0,Yes,No,No,No internet service,No internet service,No internet service,No internet service,No internet service,No internet service,Month-to-month,Yes,Bank transfer (automatic),18.0,17.86,Yes
CUST11725,Male,0,Yes,No,2,Yes,No,Fiber optic,No,No,Yes,No,No,No,Two year,No,Bank transfer (automatic),67.58,131.42,No
CUST11726,Male,0,No,No,50,Yes,No,No,No internet service,No internet service,No internet service,No internet service,No internet service,No internet service,One year,No,Credit card (automatic),18.0,882.45,No
CUST11727,Male,0,Yes,Yes,11,Yes,Yes,Fiber optic,No,No,No,No,No,Yes,Two year,No,Bank transfer (automatic),74.73,783.68,No
CUST11728,Male,0,No,No,3,Yes,No,Fiber optic,Yes,No,Yes,No,No,No,Month-to-month,No,Mailed check,92.56,271.07,No
CUST11729,Male,0,No,No,31,Yes,No,DSL,Yes,No,No,No,Yes,No,Two year,Yes,Credit card (automatic),56.31,1705.83,No
CUST11730,Female,0,Yes,No,38,Yes,No,Fiber optic,Yes,No,No,No,No,No,Two year,No,Credit card (automatic),75.67,2821.74,No
CUST11731,Male,0,No,Yes,4,Yes,Yes,Fiber optic,Yes,No,No,Yes,No,No,Two year,Yes,Bank transfer (automatic),90.92,347.04,No
CUST11732,Male,0,Yes,No,25,Yes,No,Fiber optic,No,No,No,No,No,Yes,Month-to-month,No,Bank transfer (automatic),73.88,1834.28,No
CUST11733,Female,1,No,No,19,Yes,No,No,No internet service,No internet service,No internet service,No internet service,No internet service,No internet service,One year,Yes,Mailed check,19.37,357.36,No
CUST11734,Male,0,Yes,Yes,27,Yes,No,DSL,Yes,No,No,No,No,Yes,Month-to-month,No,Electronic check,52.38,1364.49,No
CUST11735,Male,0,No,No,31,Yes,Yes,Fiber optic,No,No,Yes,No,Yes,No,One year,Yes,Bank transfer (automatic),78.53,2382.81,No
CUST11736,Male,0,Yes,No,21,Yes,No,Fiber optic,No,No,No,Yes,No,No,Month-to-month,Yes,Mailed check,76.87,1577.41,Yes
CUST11737,Male,0,No,No,62,Yes,No,DSL,No,Yes,Yes,Yes,No,No,One year,Yes,Mailed check,72.1,4288.43,No
CUST11738,Male,0,No,Yes,39,Yes,No,Fiber optic,Yes,Yes,No,No,No,Yes,Two year,No,Mailed check,80.36,3025.17,No
CUST11739,Female,0,No,No,5,Yes,No,Fiber optic,No,Yes,No,Yes,No,No,One year,Yes,Electronic check,73.37,361.2,No
CUST11740,Male,0,Yes,Yes,48,Yes,No,No,No internet service,No internet service,No internet service,No internet service,No internet service,No internet service,One year,No,Credit card (automatic),21.13,974.23,No
CUST11741,Female,1,No,Yes,8,Yes,Yes,Fiber optic,No,No,No,No,No,No,One year,Yes,Electronic check,75.24,586.01,No
CUST11742,Female,0,Yes,No,25,Yes,Yes,No,No internet service,No internet service,No internet service,No internet service,No internet service,No internet service,One year,Yes,Mailed check,18.0,447.16,No
CUST11743,Male,0,Yes,No,37,Yes,No,Fiber optic,No,No,Yes,Yes,Yes,No,Month-to-month,No,Bank transfer (automatic),83.78,2948.81,No
CUST11744,Female,0,Yes,Yes,11,Yes,No,Fiber optic,No,No,Yes,No,No,Yes,Month-to-month,Yes,Mailed check,84.25,919.28,No
CUST11745,Male,0,Yes,No,1,Yes,No,Fiber optic,No,Yes,No,No,Yes,No,Two year,No,Electronic check,78.52,77.99,No
CUST11746,Female,0,No,Yes,59,Yes,Yes,DSL,Yes,Yes,No,No,No,Yes,Month-to-month,Yes,Mailed check,67.02,3898.91,No
CUST11747,Female,0,Yes,No,1,Yes,No,Fiber optic,No,No,Yes,No,Yes,Yes,One year,No,Bank transfer (automatic),78.57,77.01,No
CUST11748,Male,0,No,Yes,8,Yes,Yes,Fiber optic,Yes,No,No,No,Yes,No,Two year,No,Electronic check,83.01,646.22,No
CUST11749,Male,0,Yes,No,18,Yes,No,No,No internet service,No internet service,No internet service,No internet service,No internet service,No internet service,Month-to-month,Yes,Credit card (automatic),18.63,329.75,No
CUST11750,Male,0,Yes,No,2,Yes,No,Fiber optic,No,Yes,Yes,No,No,No,Two year,Yes,Mailed check,80.34,159.13,No
CUST11751,Male,0,No,No,36,Yes,No,Fiber optic,No,Yes,No,No,Yes,Yes,Month-to-month,No,Mailed check,84.12,2912.29,No
CUST11752,Male,1,Yes,No,4,Yes,Yes,DSL,Yes,No,No,No,Yes,No,Month-to-month,No,Mailed check,62.95,250.66,No
CUST11753,Female,0,Yes,No,72,Yes,No,Fiber optic,Yes,Yes,No,Yes,No,Yes,Month-to-month,Yes,Electronic check,92.79,6442.13,No
CUST11754,Female,0,Yes,No,49,Yes,Yes,No,No internet service,No internet service,No internet service,No internet service,No internet service,No internet service,Two year,No,Mailed check,22.94,1068.62,No
CUST11755,Female,0,No,Yes,18,Yes,No,DSL,No,No,Yes,No,No,No,Two year,No,Bank transfer (automatic),43.41,769.24,No
CUST11756,Female,0,No,Yes,21,No,No phone service,DSL,Yes,No,Yes,No,No,No,Month-to-month,Yes,Mailed check,60.21,1259.18,No
CUST11757,Female,0,Yes,No,15,Yes,No,Fiber optic,No,No,No,No,No,No,Month-to-month,Yes,Credit card (automatic),72.83,1085.21,No
CUST11758,Female,0,Yes,Yes,9,Yes,No,DSL,Yes,No,No,No,Yes,No,Month-to-month,No,Credit card (automatic),50.41,435.32,Yes
CUST11759,Female,0,No,No,8,Yes,Yes,Fiber optic,No,Yes,Yes,Yes,No,Yes,One year,Yes,Electronic check,88.32,704.88,No
CUST11760,Male,0,No,No,44,No,No phone service,Fiber optic,No,Yes,No,No,No,No,One year,Yes,Electronic check,64.91,2847.53,No
CUST11761,Male,0,Yes,No,17,Yes,Yes,Fiber optic,No,Yes,No,Yes,Yes,Yes,One year,Yes,Mailed check,94.42,1577.28,No
CUST11762,Female,0,No,No,34,No,No phone service,DSL,No,No,Yes,Yes,No,No,Two year,Yes,Bank transfer (automatic),53.27,1743.77,No
CUST11763,Female,0,Yes,Yes,14,Yes,Yes,No,No internet service,No internet service,No internet service,No internet service,No internet service,No internet service,One year,Yes,Credit card (automatic),26.0,353.42,No
CUST11764,Male,0,Yes,Yes,7,Yes,No,DSL,No,Yes,Yes,No,No,Yes,Month-to-month,Yes,Electronic check,63.22,432.26,No
CUST11765,Male,1,Yes,Yes,1,Yes,No,DSL,No,No,No,No,Yes,Yes,Month-to-month,No,Credit card (automatic),55.15,53.85,Yes
CUST11766,Male,0,No,Yes,7,Yes,No,Fiber optic,No,Yes,No,Yes,No,No,Two year,Yes,Electronic check,87.15,597.23,No
CUST11767,Male,1,Yes,No,42,Yes,No,DSL,No,No,No,No,Yes,Yes,One year,No,Mailed check,55.77,2255.21,No
CUST11768,Female,0,No,No,24,Yes,Yes,Fiber optic,No,No,Yes,Yes,No,Yes,Month-to-month,No,Bank transfer (automatic),81.08,1867.2,Yes
CUST11769,Male,0,Yes,No,30,No,No phone service,Fiber optic,No,No,No,Yes,No,No,Month-to-month,Yes,Credit card (automatic),79.21,2373.29,No
CUST11770,Female,0,Yes,No,29,Yes,Yes,DSL,No,No,Yes,No,No,No,Two year,Yes,Bank transfer (automatic),44.14,1223.92,No
CUST11771,Female,0,No,Yes,2,No,No phone service,Fiber optic,Yes,No,Yes,No,Yes,No,Month-to-month,No,Bank transfer (automatic),85.65,165.52,Yes
CUST11772,Female,0,Yes,Yes,3,Yes,Yes,DSL,No,Yes,No,Yes,Yes,No,One year,Yes,Electronic check,63.71,190.85,No
CUST11773,Male,0,Yes,No,7,Yes,Yes,Fiber optic,No,Yes,Yes,No,No,Yes,One year,Yes,Bank transfer (automatic),87.05,600.87,No
CUST11774,Male,0,Yes,Yes,7,Yes,No,Fiber optic,Yes,No,Yes,No,No,Yes,Month-to-month,Yes,Bank transfer (automatic),82.43,564.39,No
CUST11775,Female,1,Yes,No,1,Yes,No,DSL,No,No,No,Yes,No,No,One year,Yes,Bank transfer (automatic),43.53,41.38,No
CUST11776,Female,0,Yes,No,3,Yes,No,DSL,No,Yes,Yes,No,Yes,Yes,Month-to-month,Yes,Electronic check,67.28,200.54,No
CUST11777,Female,0,Yes,No,38,Yes,No,No,No internet service,No internet service,No internet service,No internet service,No internet service,No internet service,Month-to-month,Yes,Mailed check,22.69,852.03,No
CUST11778,Male,0,Yes,No,17,Yes,No,Fiber optic,No,No,No,No,Yes,No,Month-to-month,No,Electronic check,70.06,1137.48,No
CUST11779,Female,0,Yes,Yes,8,No,No phone service,No,No internet service,No internet service,No internet service,No internet service,No internet service,No internet service,One year,Yes,Credit card (automatic),25.28,200.32,No
CUST11780,Male,0,No,No,14,Yes,Yes,Fiber optic,Yes,No,No,No,No,Yes,Two year,Yes,Mailed check,68.39,922.13,No
CUST11781,Female,0,Yes,No,6,No,No phone service,Fiber optic,No,No,No,No,Yes,No,Month-to-month,No,Credit card (automatic),64.13,381.11,No
CUST11782,Female,0,Yes,Yes,17,Yes,Yes,Fiber optic,No,Yes,No,No,No,No,Two year,No,Electronic check,75.79,1278.3,No
CUST11783,Female,0,No,No,1,Yes,Yes,Fiber optic,No,No,Yes,Yes,No,No,Month-to-month,Yes,Bank transfer (automatic),82.39,80.06,Yes
CUST11784,Male,0,No,Yes,46,Yes,Yes,Fiber optic,Yes,No,No,No,No,Yes,Month-to-month,Yes,Electronic check,80.83,3547.15,Yes
CUST11785,Male,1,Yes,No,5,Yes,No,No,No internet service,No internet service,No internet service,No internet service,No internet service,No internet service,Month-to-month,No,Bank transfer (automatic),18.0,88.02,No
CUST11786,Female,0,Yes,No,34,Yes,Yes,DSL,No,No,No,No,No,No,One year,Yes,Bank transfer (automatic),46.67,1551.36,No
CUST11787,Male,0,No,Yes,21,Yes,Yes,Fiber optic,Yes,Yes,Yes,No,No,Yes,Month-to-month,Yes,Electronic check,92.92,1932.27,No
CUST11788,Female,0,Yes,Yes,14,Yes,Yes,Fiber optic,No,No,No,No,No,Yes,Month-to-month,Yes,Mailed check,79.2,1058.49,No
CUST11789,Male,1,No,Yes,53,Yes,Yes,Fiber optic,Yes,Yes,Yes,No,Yes,No,Month-to-month,Yes,Bank transfer (automatic),101.31,5288.7,No
CUST11790,Male,0,No,Yes,3,Yes,No,Fiber optic,Yes,No,No,No,No,No,Month-to-month,Yes,Mailed check,59.81,178.03,No
CUST11791,Male,1,No,Yes,2,Yes,No,No,No internet service,No internet service,No internet service,No internet service,No internet service,No internet service,Two year,No,Credit card (automatic),22.27,43.49,No
CUST11792,Female,1,Yes,Yes,7,Yes,No,No,No internet service,No internet service,No internet service,No internet service,No internet service,No internet service,Month-to-month,Yes,Electronic check,25.43,171.88,No
CUST11793,Male,1,No,Yes,35,Yes,Yes,DSL,Yes,No,No,No,Yes,No,Month-to-month,Yes,Credit card (automatic),49.9,1680.59,No
CUST11794,Male,0,No,No,0,Yes,No,Fiber optic,No,Yes,No,Yes,Yes,Yes,Month-to-month,Yes,Mailed check,89.32,86.26,Yes
CUST11795,Female,0,No,No,5,Yes,Yes,Fiber optic,No,No,No,No,Yes,No,One year,No,Credit card (automatic),77.47,385.32,No
CUST11796,Female,0,Yes,No,11,Yes,Yes,Fiber optic,No,No,No,Yes,No,Yes,Two year,No,Mailed check,80.67,873.94,No
CUST11797,Female,0,No,Yes,24,Yes,No,DSL,No,No,No,No,Yes,No,Month-to-month,Yes,Credit card (automatic),55.22,1303.07,No
CUST11798,Female,0,No,Yes,7,Yes,Yes,DSL,Yes,No,No,No,No,Yes,Month-to-month,No,Credit card (automatic),58.8,392.48,No
CUST11799,Male,0,No,No,11,Yes,Yes,No,No internet service,No internet service,No internet service,No internet service,No internet service,No internet service,Two year,Yes,Mailed check,18.8,202.8,No
CUST11800,Male,0,No,No,8,Yes,No,Fiber optic,No,No,No,No,No,Yes,Month-to-month,Yes,Bank transfer (automatic),81.85,650.2,Yes
CUST11801,Male,0,Yes,No,1,Yes,Yes,Fiber optic,Yes,Yes,No,No,Yes,Yes,One year,Yes,Bank transfer (automatic),92.74,88.99,No
CUST11802,Male,0,No,Yes,26,Yes,Yes,Fiber optic,No,Yes,Yes,No,No,No,Two year,No,Electronic check,76.96,1926.89,No
CUST11803,Male,0,Yes,No,12,Yes,Yes,DSL,No,No,Yes,No,Yes,No,Month-to-month,Yes,Bank transfer (automatic),47.75,572.29,No
CUST11804,Female,0,No,No,33,Yes,Yes,Fiber optic,No,No,No,No,Yes,Yes,Month-to-month,Yes,Bank transfer (automatic),74.03,2387.53,No
CUST11805,Male,0,Yes,No,23,Yes,No,Fiber optic,Yes,No,No,No,No,Yes,Month-to-month,Yes,Mailed check,83.21,1886.01,No
CUST11806,Male,0,Yes,No,1,No,No phone service,Fiber optic,Yes,Yes,No,Yes,Yes,Yes,Two year,Yes,Electronic check,86.44,83.58,No
CUST11807,Male,1,No,No,13,Yes,Yes,DSL,No,No,No,No,Yes,Yes,One year,Yes,Mailed check,46.76,585.69,No
CUST11808,Female,0,Yes,No,72,Yes,Yes,No,No internet service,No internet service,No internet service,No internet service,No internet service,No internet service,Month-to-month,Yes,Bank transfer (automatic),21.87,1500.07,No
CUST11809,Female,0,No,No,7,Yes,No,DSL,No,No,No,No,No,Yes,Month-to-month,No,Credit card (automatic),57.48,386.41,No
CUST11810,Male,0,No,Yes,13,Yes,No,DSL,No,No,No,Yes,No,No,One year,Yes,Mailed check,46.16,589.31,No
CUST11811,Female,0,Yes,Yes,21,Yes,Yes,Fiber optic,Yes,No,Yes,No,No,Yes,Month-to-month,No,Electronic check,86.8,1760.01,Yes
CUST11812,Female,0,Yes,No,4,Yes,No,Fiber optic,No,No,No,No,No,Yes,Month-to-month,No,Electronic check,82.94,317.7,No
CUST11813,Female,0,No,Yes,24,Yes,No,Fiber optic,No,No,No,No,No,No,Month-to-month,Yes,Mailed check,77.17,1767.67,No
CUST11814,Female,0,Yes,No,21,Yes,No,Fiber optic,No,Yes,Yes,No,No,No,One year,No,Electronic check,75.3,1570.41,No
CUST11815,Female,0,No,No,9,Yes,No,Fiber optic,No,No,Yes,No,Yes,No,Month-to-month,No,Electronic check,80.39,704.86,No
CUST11816,Female,0,No,No,6,Yes,No,DSL,No,No,Yes,Yes,Yes,Yes,Month-to-month,Yes,Mailed check,66.25,385.27,No
CUST11817,Female,0,No,No,50,Yes,No,No,No internet service,No internet service,No internet service,No internet service,No internet service,No internet service,Two year,No,Mailed check,27.63,1325.78,No
CUST11818,Male,0,No,No,2,Yes,Yes,DSL,No,Yes,No,No,No,Yes,Month-to-month,Yes,Bank transfer (automatic),60.88,118.6,Yes
CUST11819,Male,0,No,No,11,Yes,No,DSL,No,No,Yes,No,No,No,Month-to-month,No,Credit card (automatic),50.71,555.53,No
CUST11820,Female,0,No,No,29,Yes,No,DSL,No,No,No,Yes,No,No,One year,Yes,Electronic check,50.21,1411.94,No
CUST11821,Male,0,No,No,3,Yes,No,Fiber optic,No,No,No,No,No,Yes,Month-to-month,No,Electronic check,66.84,191.19,No
CUST11822,Male,0,No,No,54,Yes,Yes,DSL,No,Yes,No,No,Yes,Yes,One year,Yes,Mailed check,61.89,3302.2,No
CUST11823,Female,1,Yes,No,14,Yes,No,DSL,No,No,No,Yes,No,No,Month-to-month,No,Credit card (automatic),51.1,687.86,No
CUST11824,Male,0,Yes,No,14,Yes,No,Fiber optic,Yes,Yes,No,Yes,No,No,One year,No,Electronic check,87.12,1202.1,No
CUST11825,Female,0,No,No,11,Yes,Yes,DSL,Yes,No,No,Yes,No,No,One year,Yes,Credit card (automatic),57.72,626.74,No
CUST11826,Female,1,No,No,40,Yes,No,DSL,Yes,No,No,No,Yes,No,Two year,No,Mailed check,53.11,2103.77,No
CUST11827,Female,0,Yes,No,59,Yes,Yes,DSL,No,Yes,No,No,No,No,One year,Yes,Credit card (automatic),53.04,3006.91,No
CUST11828,Male,0,Yes,No,9,Yes,Yes,No,No internet service,No internet service,No internet service,No internet service,No internet service,No internet service,Month-to-month,No,Electronic check,21.85,188.33,No
CUST11829,Male,1,No,Yes,15,Yes,No,No,No internet service,No internet service,No internet service,No internet service,No internet service,No internet service,Month-to-month,Yes,Electronic check,19.79,286.82,Yes
CUST11830,Male,0,Yes,No,7,Yes,No,DSL,No,No,No,No,No,No,Month-to-month,Yes,Electronic check,36.16,249.13,No
CUST11831,Male,0,Yes,No,9,Yes,Yes,Fiber optic,No,No,Yes,No,Yes,No,Two year,No,Bank transfer (automatic),82.69,742.31,No
CUST11832,Female,0,Yes,No,0,Yes,No,No,No internet service,No internet service,No internet service,No internet service,No internet service,No internet service,Two year,Yes,Bank transfer (automatic),20.63,20.29,No
CUST11833,Female,0,No,No,30,Yes,Yes,DSL,No,Yes,No,No,No,No,Month-to-month,Yes,Electronic check,52.74,1580.7,No
CUST11834,Male,0,No,No,69,No,No phone service,No,No internet service,No internet service,No internet service,No internet service,No internet service,No internet service,Month-to-month,Yes,Electronic check,18.68,1264.61,Yes
CUST11835,Female,1,Yes,No,29,Yes,Yes,No,No internet service,No internet service,No internet service,No internet service,No internet service,No internet service,Month-to-month,Yes,Credit card (automatic),24.38,705.7,Yes
CUST11836,Female,0,Yes,No,14,No,No phone service,DSL,Yes,No,Yes,No,Yes,No,Two year,No,Bank transfer (automatic),53.62,740.32,No
CUST11837,Male,0,No,Yes,35,Yes,No,DSL,Yes,No,No,No,Yes,No,Month-to-month,Yes,Credit card (automatic),61.67,2087.43,No
CUST11838,Female,1,No,No,39,Yes,No,No,No internet service,No internet service,No internet service,No internet service,No internet service,No internet service,Month-to-month,No,Electronic check,20.11,771.76,No
CUST11839,Male,1,No,Yes,15,Yes,No,DSL,Yes,No,No,Yes,No,Yes,Month-to-month,Yes,Bank transfer (automatic),61.05,877.99,No
CUST11840,Female,0,Yes,No,55,Yes,No,DSL,No,Yes,No,Yes,No,No,Month-to-month,No,Credit card (automatic),49.82,2660.06,No
CUST11841,Male,0,Yes,Yes,0,Yes,No,Fiber optic,Yes,No,No,No,Yes,No,Month-to-month,Yes,Electronic check,85.51,82.72,Yes
CUST11842,Female,0,No,No,0,Yes,No,DSL,No,Yes,No,Yes,No,Yes,Month-to-month,Yes,Bank transfer (automatic),58.12,57.53,Yes
CUST11843,Female,0,Yes,Yes,1,Yes,Yes,No,No internet service,No internet service,No internet service,No internet service,No internet service,No internet service,Month-to-month,Yes,Bank transfer (automatic),27.41,27.22,Yes
CUST11844,Male,0,No,No,1,No,No phone service,DSL,No,No,Yes,No,No,No,Month-to-month,Yes,Electronic check,50.53,49.92,Yes
CUST11845,Male,1,Yes,No,11,Yes,No,DSL,Yes,Yes,No,No,No,No,Month-to-month,No,Bank transfer (automatic),59.58,650.12,Yes
CUST11846,Male,1,Yes,No,56,Yes,No,No,No internet service,No internet service,No internet service,No internet service,No internet service,No internet service,Month-to-month,Yes,Bank transfer (automatic),25.72,1373.88,Yes
CUST11847,Male,0,Yes,No,22,Yes,Yes,No,No internet service,No internet service,No internet service,No internet service,No internet service,No internet service,Two year,Yes,Electronic check,18.0,392.77,No
CUST11848,Female,0,No,No,21,Yes,No,No,No internet service,No internet service,No internet service,No internet service,No internet service,No internet service,One year,No,Electronic check,26.66,537.98,Yes
CUST11849,Female,0,Yes,Yes,9,Yes,No,Fiber optic,No,No,Yes,No,Yes,No,One year,Yes,Bank transfer (automatic),82.4,732.76,No
CUST11850,Male,0,Yes,Yes,15,Yes,No,No,No internet service,No internet service,No internet service,No internet service,No internet service,No internet service,Month-to-month,No,Electronic check,18.78,274.44,No
CUST11851,Female,0,Yes,Yes,7,Yes,Yes,Fiber optic,No,No,No,No,No,No,One year,No,Bank transfer (automatic),79.42,535.0,No
CUST11852,Male,0,Yes,No,14,Yes,No,No,No internet service,No internet service,No internet service,No internet service,No internet service,No internet service,Month-to-month,Yes,Electronic check,26.06,360.94,No
CUST11853,Male,0,Yes,Yes,27,Yes,No,Fiber optic,No,No,Yes,No,Yes,No,Month-to-month,Yes,Credit card (automatic),83.69,2149.5,Yes
CUST11854,Female,0,Yes,Yes,16,No,No phone service,No,No internet service,No internet service,No internet service,No internet service,No internet service,No internet service,Month-to-month,No,Bank transfer (automatic),18.0,287.86,No
CUST11855,Female,0,Yes,No,10,Yes,No,Fiber optic,No,Yes,No,No,Yes,No,Month-to-month,Yes,Bank transfer (automatic),85.91,838.22,No
CUST11856,Male,0,No,Yes,37,Yes,Yes,DSL,No,No,Yes,No,No,No,Month-to-month,Yes,Mailed check,52.67,1892.63,No
CUST11857,Male,0,No,Yes,6,Yes,No,DSL,No,No,No,No,No,Yes,Month-to-month,Yes,Electronic check,49.38,289.79,No
CUST11858,Male,0,Yes,No,13,Yes,Yes,No,No internet service,No internet service,No internet service,No internet service,No internet service,No internet service,Month-to-month,No,Credit card (automatic),24.78,320.28,No
CUST11859,Female,0,Yes,No,72,Yes,No,No,No internet service,No internet service,No internet service,No internet service,No internet service,No internet service,Month-to-month,Yes,Mailed check,18.0,1249.57,No
CUST11860,Female,0,No,No,68,No,No phone service,DSL,No,No,No,No,Yes,No,One year,No,Mailed check,47.92,3136.58,No
CUST11861,Female,0,Yes,Yes,0,No,No phone service,Fiber optic,No,Yes,Yes,Yes,No,No,Month-to-month,Yes,Bank transfer (automatic),78.96,77.89,Yes
CUST11862,Female,0,Yes,No,15,No,No phone service,No,No internet service,No internet service,No internet service,No internet service,No internet service,No internet service,Two year,Yes,Mailed check,25.59,372.98,No
CUST11863,Male,0,No,Yes,8,Yes,No,DSL,Yes,No,Yes,No,Yes,No,Month-to-month,Yes,Electronic check,52.19,407.01,Yes
CUST11864,Male,0,No,No,6,Yes,No,DSL,Yes,Yes,No,No,No,Yes,Month-to-month,No,Electronic check,60.86,355.8,No
CUST11865,Male,0,Yes,No,18,Yes,Yes,Fiber optic,No,No,No,Yes,Yes,Yes,Two year,No,Electronic check,86.66,1544.6,No
CUST11866,Male,0,Yes,No,11,Yes,No,DSL,Yes,Yes,No,No,Yes,No,Month-to-month,No,Electronic check,62.32,658.82,No
CUST11867,Male,0,No,No,26,Yes,No,Fiber optic,No,Yes,No,No,Yes,No,Two year,Yes,Credit card (automatic),76.36,1916.94,No
CUST11868,Male,1,Yes,No,0,Yes,No,DSL,No,No,Yes,No,Yes,No,Month-to-month,Yes,Electronic check,53.43,52.01,Yes
CUST11869,Female,0,No,No,52,Yes,Yes,Fiber optic,No,Yes,No,Yes,No,No,Month-to-month,Yes,Credit card (automatic),84.4,4193.26,No
CUST11870,Female,1,Yes,No,16,Yes,No,DSL,No,No,No,No,No,No,Month-to-month,No,Credit card (automatic),49.26,758.64,No
CUST11871,Male,0,Yes,No,23,Yes,Yes,DSL,Yes,Yes,Yes,No,No,Yes,Two year,No,Credit card (automatic),72.02,1639.24,No
CUST11872,Male,0,No,Yes,18,Yes,No,DSL,Yes,No,No,No,No,No,Month-to-month,No,Credit card (automatic),48.62,854.73,No
CUST11873,Female,0,No,No,72,No,No phone service,DSL,No,No,No,No,No,Yes,Month-to-month,No,Electronic check,47.05,3322.35,No
CUST11874,Female,0,No,Yes,72,Yes,Yes,DSL,No,No,Yes,No,No,Yes,One year,Yes,Credit card (automatic),64.66,4500.84,No
CUST11875,Female,0,Yes,No,18,Yes,Yes,DSL,No,No,No,No,Yes,No,Month-to-month,Yes,Mailed check,60.4,1065.5,No
CUST11876,Female,0,No,No,23,Yes,Yes,Fiber optic,No,No,Yes,No,Yes,Yes,Two year,Yes,Credit card (automatic),88.4,1967.98,No
CUST11877,Male,0,No,No,19,Yes,No,DSL,No,No,No,No,No,No,Month-to-month,Yes,Mailed check,36.23,663.38,No
CUST11878,Male,0,No,No,7,Yes,Yes,DSL,No,No,Yes,No,No,Yes,One year,No,Electronic check,56.49,382.71,No
CUST11879,Male,0,No,No,4,Yes,Yes,Fiber optic,No,No,No,No,No,No,Month-to-month,Yes,Credit card (automatic),65.54,261.19,No
CUST11880,Male,1,Yes,Yes,10,Yes,Yes,No,No internet service,No internet service,No internet service,No internet service,No internet service,No internet service,Month-to-month,Yes,Mailed check,20.45,200.21,No
CUST11881,Male,1,Yes,No,22,Yes,No,Fiber optic,Yes,No,Yes,Yes,No,No,One year,Yes,Credit card (automatic),85.83,1834.88,No
CUST11882,Female,0,No,No,1,Yes,Yes,Fiber optic,No,Yes,No,No,No,Yes,Month-to-month,Yes,Credit card (automatic),86.04,85.09,Yes
CUST11883,Male,0,No,No,14,Yes,Yes,No,No internet service,No internet service,No internet service,No internet service,No internet service,No internet service,Month-to-month,No,Bank transfer (automatic),18.0,240.74,No
CUST11884,Female,1,Yes,No,10,Yes,Yes,DSL,Yes,Yes,No,Yes,No,Yes,Two year,Yes,Bank transfer (automatic),74.71,730.61,No
CUST11885,Male,0,Yes,Yes,14,Yes,No,Fiber optic,No,No,No,No,No,Yes,Month-to-month,No,Bank transfer (automatic),72.58,980.57,No
CUST11886,Male,0,No,No,39,Yes,No,Fiber optic,Yes,No,No,No,Yes,No,Two year,Yes,Credit card (automatic),72.36,2730.68,No
CUST11887,Male,0,No,No,0,Yes,No,DSL,No,No,No,No,Yes,Yes,Two year,Yes,Bank transfer (automatic),44.74,43.72,No
CUST11888,Male,0,No,Yes,28,No,No phone service,Fiber optic,No,No,Yes,Yes,Yes,No,One year,No,Credit card (automatic),86.49,2387.67,No
CUST11889,Male,0,Yes,No,21,Yes,Yes,Fiber optic,No,Yes,Yes,No,Yes,No,Two year,Yes,Mailed check,83.74,1745.91,No
CUST11890,Female,1,No,No,4,No,No phone service,No,No internet service,No internet service,No internet service,No internet service,No internet service,No internet service,Month-to-month,Yes,Electronic check,19.04,76.15,No
CUST11891,Female,0,Yes,Yes,26,Yes,No,No,No internet service,No internet service,No internet service,No internet service,No internet service,No internet service,Two year,Yes,Bank transfer (automatic),23.91,600.55,No
CUST11892,Female,0,Yes,No,13,Yes,No,DSL,No,Yes,No,No,No,No,Month-to-month,Yes,Electronic check,44.56,559.86,No
CUST11893,Male,1,Yes,Yes,13,Yes,No,DSL,Yes,No,No,No,No,No,Two year,Yes,Mailed check,48.2,626.33,No
CUST11894,Male,1,No,Yes,13,Yes,Yes,DSL,No,No,No,No,Yes,Yes,Month-to-month,Yes,Mailed check,60.17,759.53,No
CUST11895,Female,0,No,No,59,Yes,Yes,DSL,No,No,No,No,No,No,Two year,Yes,Credit card (automatic),41.99,2421.24,No
CUST11896,Male,0,No,No,57,Yes,No,Fiber optic,Yes,Yes,No,No,No,Yes,Two year,Yes,Mailed check,91.9,5158.91,No
CUST11897,Male,0,Yes,Yes,48,Yes,No,DSL,Yes,No,No,Yes,No,No,One year,Yes,Credit card (automatic),52.98,2518.98,No
CUST11898,Female,0,No,No,43,Yes,Yes,No,No internet service,No internet service,No internet service,No internet service,No internet service,No internet service,Month-to-month,Yes,Electronic check,18.0,756.57,No
CUST11899,Male,0,No,Yes,0,Yes,Yes,DSL,Yes,No,Yes,No,Yes,No,Two year,Yes,Electronic check,64.61,62.19,No
CUST11900,Female,0,No,No,10,Yes,No,DSL,No,Yes,Yes,No,No,Yes,Month-to-month,Yes,Mailed check,60.13,574.62,No
CUST11901,Male,1,No,No,45,Yes,Yes,No,No internet service,No internet service,No internet service,No internet service,No internet service,No internet service,Month-to-month,Yes,Bank transfer (automatic),20.69,920.58,Yes
CUST11902,Female,0,Yes,No,28,No,No phone service,Fiber optic,No,No,No,No,Yes,No,Month-to-month,No,Bank transfer (automatic),71.11,1900.08,No
CUST11903,Male,0,No,Yes,12,Yes,No,Fiber optic,No,Yes,No,No,No,Yes,Month-to-month,No,Electronic check,78.34,902.01,No
CUST11904,Male,0,No,No,29,Yes,No,Fiber optic,No,Yes,Yes,No,No,Yes,Month-to-month,No,Mailed check,80.68,2246.88,No
CUST11905,Female,0,No,Yes,4,Yes,No,DSL,Yes,Yes,Yes,No,Yes,No,Month-to-month,Yes,Mailed check,62.78,239.0,No
CUST11906,Male,0,No,No,18,Yes,No,Fiber optic,Yes,No,No,No,Yes,Yes,Month-to-month,Yes,Bank transfer (automatic),81.14,1449.58,No
CUST11907,Male,1,Yes,No,15,Yes,No,Fiber optic,No,No,No,No,No,Yes,Month-to-month,No,Mailed check,79.32,1178.57,Yes
CUST11908,Female,0,No,Yes,17,Yes,No,DSL,No,No,No,Yes,Yes,No,Month-to-month,Yes,Bank transfer (automatic),48.46,793.75,No
CUST11909,Male,0,No,No,25,Yes,No,DSL,No,Yes,Yes,No,Yes,Yes,Month-to-month,Yes,Mailed check,59.41,1469.48,No
CUST11910,Female,0,Yes,Yes,59,No,No phone service,No,No internet service,No internet service,No internet service,No internet service,No internet service,No internet service,Month-to-month,Yes,Credit card (automatic),18.0,1028.8,No
CUST11911,Male,0,No,No,6,Yes,No,Fiber optic,No,No,Yes,No,Yes,No,One year,Yes,Credit card (automatic),85.84,491.48,No
CUST11912,Male,0,Yes,Yes,28,Yes,No,Fiber optic,No,Yes,No,No,Yes,No,Month-to-month,Yes,Bank transfer (automatic),81.76,2233.75,No
CUST11913,Male,0,Yes,No,20,No,No phone service,Fiber optic,No,No,No,Yes,No,Yes,Two year,Yes,Credit card (automatic),75.01,1445.42,Yes
CUST11914,Male,0,No,No,23,Yes,No,DSL,No,No,No,No,No,No,Month-to-month,No,Bank transfer (automatic),53.12,1166.91,Yes
CUST11915,Female,0,No,No,11,Yes,No,DSL,No,No,Yes,No,No,Yes,Month-to-month,No,Bank transfer (automatic),55.24,584.66,No
CUST11916,Male,0,Yes,Yes,57,Yes,No,No,No internet service,No internet service,No internet service,No internet service,No internet service,No internet service,Month-to-month,Yes,Mailed check,23.06,1266.16,No
CUST11917,Female,0,Yes,Yes,13,Yes,Yes,Fiber optic,No,No,No,No,No,No,One year,Yes,Mailed check,67.94,863.71,No
CUST11918,Male,0,Yes,Yes,2,Yes,Yes,DSL,No,Yes,No,No,Yes,No,Month-to-month,Yes,Mailed check,62.48,122.51,Yes
CUST11919,Male,0,Yes,Yes,22,Yes,Yes,Fiber optic,No,No,No,No,No,Yes,Two year,No,Electronic check,67.82,1428.56,No
CUST11920,Male,0,Yes,Yes,2,Yes,No,Fiber optic,No,No,Yes,No,Yes,Yes,Month-to-month,No,Credit card (automatic),76.24,150.8,Yes
CUST11921,Male,0,Yes,No,7,Yes,Yes,DSL,No,No,No,No,Yes,No,Month-to-month,Yes,Electronic check,50.64,353.33,No
CUST11922,Female,0,Yes,No,5,Yes,Yes,Fiber optic,Yes,Yes,No,No,No,No,Two year,No,Mailed check,76.08,365.76,No
CUST11923,Female,0,No,No,15,Yes,Yes,Fiber optic,No,Yes,No,No,No,No,Month-to-month,Yes,Bank transfer (automatic),74.04,1056.83,No
CUST11924,Female,0,No,No,8,Yes,No,DSL,No,No,No,No,No,No,Two year,No,Credit card (automatic),41.07,325.84,No
CUST11925,Female,1,No,No,3,No,No phone service,No,No internet service,No internet service,No internet service,No internet service,No internet service,No internet service,Two year,Yes,Mailed check,18.0,53.29,No
CUST11926,Male,0,No,No,31,Yes,Yes,No,No internet service,No internet service,No internet service,No internet service,No internet service,No internet service,Two year,Yes,Bank transfer (automatic),21.71,648.87,No
CUST11927,Female,0,Yes,No,12,Yes,Yes,DSL,Yes,Yes,No,No,Yes,No,Two year,Yes,Mailed check,47.05,550.89,No
CUST11928,Female,0,No,No,12,Yes,No,DSL,No,No,No,No,No,No,Month-to-month,Yes,Credit card (automatic),44.39,525.17,No
CUST11929,Male,1,No,No,43,Yes,No,Fiber optic,No,Yes,Yes,No,No,No,Month-to-month,No,Bank transfer (automatic),82.21,3396.68,No
CUST11930,Male,0,Yes,No,15,Yes,No,DSL,Yes,No,No,Yes,No,No,Month-to-month,No,Electronic check,54.99,795.19,No
CUST11931,Male,0,Yes,No,24,Yes,No,No,No internet service,No internet service,No internet service,No internet service,No internet service,No internet service,Two year,Yes,Bank transfer (automatic),22.01,519.16,No
CUST11932,Male,1,Yes,No,7,Yes,No,Fiber optic,No,No,Yes,No,No,No,Month-to-month,No,Bank transfer (automatic),72.41,492.75,No
CUST11933,Female,1,No,No,16,Yes,No,No,No internet service,No internet service,No internet service,No internet service,No internet service,No internet service,Month-to-month,Yes,Credit card (automatic),21.34,325.48,No
CUST11934,Female,0,Yes,No,25,No,No phone service,Fiber optic,No,Yes,No,Yes,No,No,Two year,Yes,Electronic check,76.89,1877.58,No
CUST11935,Male,0,No,No,7,Yes,Yes,DSL,No,No,Yes,No,No,No,Month-to-month,Yes,Bank transfer (automatic),51.45,357.72,No
CUST11936,Male,1,Yes,No,23,Yes,Yes,Fiber optic,No,No,Yes,Yes,No,No,One year,Yes,Mailed check,69.78,1552.01,No
CUST11937,Male,0,Yes,No,16,Yes,Yes,Fiber optic,No,Yes,Yes,Yes,No,Yes,Two year,No,Bank transfer (automatic),92.11,1423.2,No
CUST11938,Female,0,No,No,11,Yes,No,No,No internet service,No internet service,No internet service,No internet service,No internet service,No internet service,One year,Yes,Bank transfer (automatic),18.0,188.6,No
CUST11939,Female,0,No,Yes,24,Yes,Yes,No,No internet service,No internet service,No internet service,No internet service,No internet service,No internet service,One year,No,Electronic check,18.76,430.99,No
CUST11940,Male,0,Yes,No,7,Yes,No,Fiber optic,No,No,No,No,No,No,One year,Yes,Mailed check,72.61,485.27,No
CUST11941,Male,0,No,No,25,Yes,Yes,DSL,No,No,Yes,No,Yes,No,One year,No,Mailed check,64.27,1571.0,No
CUST11942,Female,0,Yes,Yes,16,Yes,No,Fiber optic,No,Yes,Yes,Yes,Yes,Yes,Month-to-month,Yes,Mailed check,96.49,1495.75,No
CUST11943,Male,1,No,No,5,Yes,No,DSL,Yes,No,No,No,No,No,Month-to-month,No,Mailed check,49.67,241.68,No
CUST11944,Male,0,No,No,22,Yes,Yes,DSL,No,No,No,No,Yes,No,Month-to-month,No,Credit card (automatic),50.38,1094.98,No
CUST11945,Female,0,No,No,43,Yes,No,DSL,No,Yes,No,No,Yes,Yes,One year,No,Electronic check,58.79,2527.77,No
CUST11946,Male,0,Yes,No,7,No,No phone service,DSL,Yes,Yes,Yes,No,Yes,No,One year,No,Mailed check,70.83,494.29,No
CUST11947,Female,1,Yes,No,33,Yes,No,No,No internet service,No internet service,No internet service,No internet service,No internet service,No internet service,Month-to-month,Yes,Bank transfer (automatic),19.58,619.1,Yes
CUST11948,Male,0,No,No,8,Yes,No,DSL,No,No,No,Yes,Yes,No,Month-to-month,Yes,Credit card (automatic),52.26,411.34,Yes
CUST11949,Male,0,Yes,No,34,No,No phone service,Fiber optic,Yes,No,Yes,No,No,Yes,Month-to-month,No,Bank transfer (automatic),87.21,2877.82,Yes
CUST11950,Female,0,No,No,1,Yes,No,Fiber optic,No,No,No,No,Yes,No,Month-to-month,Yes,Electronic check,82.19,78.38,Yes
CUST11951,Female,0,No,Yes,0,Yes,Yes,No,No internet service,No internet service,No internet service,No internet service,No internet service,No internet service,Month-to-month,Yes,Bank transfer (automatic),18.0,17.6,Yes
CUST11952,Male,1,Yes,No,2,Yes,No,Fiber optic,No,No,Yes,No,Yes,No,Two year,Yes,Electronic check,88.56,171.17,No
CUST11953,Female,0,No,No,41,No,No phone service,Fiber optic,Yes,Yes,No,No,No,No,One year,No,Bank transfer (automatic),76.0,3046.57,No
CUST11954,Male,0,Yes,No,15,Yes,Yes,Fiber optic,No,No,Yes,No,No,Yes,Month-to-month,Yes,Bank transfer (automatic),82.04,1197.8,Yes
CUST11955,Male,0,No,Yes,18,Yes,No,No,No internet service,No internet service,No internet service,No internet service,No internet service,No internet service,One year,Yes,Electronic check,23.34,405.28,No
CUST11956,Female,0,No,Yes,36,Yes,No,DSL,Yes,Yes,No,Yes,No,Yes,Month-to-month,No,Credit card (automatic),72.17,2517.14,No
CUST11957,Male,0,No,No,1,Yes,No,Fiber optic,Yes,Yes,Yes,Yes,No,No,Two year,Yes,Mailed check,90.99,90.17,No
CUST11958,Male,0,Yes,No,9,Yes,No,No,No internet service,No internet service,No internet service,No internet service,No internet service,No internet service,Month-to-month,Yes,Mailed check,18.76,167.83,No
CUST11959,Female,0,No,No,20,Yes,Yes,No,No internet service,No internet service,No internet service,No internet service,No internet service,No internet service,Two year,No,Electronic check,24.84,479.64,No
CUST11960,Female,0,No,No,10,Yes,No,DSL,No,No,No,No,Yes,No,Month-to-month,No,Credit card (automatic),51.65,506.69,No
CUST11961,Male,0,Yes,Yes,0,Yes,Yes,Fiber optic,No,No,No,No,Yes,Yes,Month-to-month,No,Electronic check,81.94,81.33,Yes
CUST11962,Female,0,Yes,No,21,Yes,Yes,DSL,No,Yes,No,No,No,No,One year,No,Credit card (automatic),46.85,973.55,No
CUST11963,Female,0,Yes,No,9,Yes,Yes,Fiber optic,No,Yes,No,No,Yes,No,Month-to-month,Yes,Mailed check,79.36,690.3,No
CUST11964,Female,0,No,No,0,No,No phone service,Fiber optic,No,Yes,No,No,No,No,One year,Yes,Mailed check,73.93,70.75,No
CUST11965,Female,0,No,No,3,Yes,Yes,DSL,Yes,Yes,Yes,No,No,No,Month-to-month,Yes,Mailed check,61.6,181.3,No
CUST11966,Male,0,No,No,4,Yes,Yes,No,No internet service,No internet service,No internet service,No internet service,No internet service,No internet service,Month-to-month,No,Credit card (automatic),21.87,83.4,No
CUST11967,Male,1,No,Yes,14,Yes,No,DSL,No,No,Yes,No,No,Yes,One year,Yes,Credit card (automatic),58.45,810.98,No
CUST11968,Male,0,Yes,No,4,Yes,No,No,No internet service,No internet service,No internet service,No internet service,No internet service,No internet service,Month-to-month,No,Bank transfer (automatic),18.0,70.07,No
CUST11969,Female,0,Yes,No,8,Yes,No,No,No internet service,No internet service,No internet service,No internet service,No internet service,No internet service,Month-to-month,Yes,Mailed check,18.65,147.1,Yes
CUST11970,Female,1,Yes,No,27,No,No phone service,DSL,Yes,Yes,No,Yes,No,No,Two year,Yes,Bank transfer (automatic),59.39,1537.58,No
CUST11971,Female,1,Yes,No,32,Yes,Yes,Fiber optic,Yes,No,Yes,No,No,Yes,Two year,Yes,Electronic check,76.25,2338.52,No
CUST11972,Female,1,No,No,31,Yes,Yes,DSL,Yes,No,No,No,No,No,One year,Yes,Mailed check,49.7,1479.68,No
CUST11973,Female,0,No,Yes,23,Yes,No,DSL,Yes,No,No,No,No,No,Two year,Yes,Electronic check,50.93,1158.09,No
CUST11974,Female,0,No,No,15,Yes,No,No,No internet service,No internet service,No internet service,No internet service,No internet service,No internet service,Two year,Yes,Electronic check,18.5,267.44,No
CUST11975,Female,0,Yes,No,15,Yes,Yes,DSL,Yes,No,No,Yes,Yes,Yes,One year,Yes,Bank transfer (automatic),66.25,991.05,No
CUST11976,Male,0,No,No,61,Yes,No,Fiber optic,Yes,No,Yes,No,No,Yes,Two year,No,Credit card (automatic),81.22,4724.3,No
CUST11977,Male,0,No,Yes,42,Yes,Yes,No,No internet service,No internet service,No internet service,No internet service,No internet service,No internet service,Month-to-month,Yes,Credit card (automatic),27.26,1124.27,No
CUST11978,Female,1,No,No,20,Yes,No,DSL,Yes,No,No,Yes,No,No,One year,Yes,Credit card (automatic),56.19,1112.4,No
CUST11979,Female,0,No,No,12,Yes,No,Fiber optic,No,No,No,Yes,No,No,Month-to-month,Yes,Electronic check,74.05,868.61,No
CUST11980,Female,0,Yes,Yes,26,Yes,Yes,Fiber optic,No,No,Yes,No,No,No,Two year,Yes,Electronic check,64.35,1590.15,No
CUST11981,Male,1,No,Yes,1,Yes,No,Fiber optic,No,Yes,No,Yes,No,Yes,Two year,Yes,Mailed check,89.26,88.95,No
CUST11982,Male,0,No,No,57,Yes,No,No,No internet service,No internet service,No internet service,No internet service,No internet service,No internet service,Month-to-month,No,Mailed check,18.0,1006.62,No
CUST11983,Female,0,No,No,15,Yes,No,Fiber optic,No,Yes,No,No,Yes,Yes,One year,No,Electronic check,84.2,1260.87,No
CUST11984,Female,0,Yes,No,13,Yes,No,Fiber optic,No,Yes,No,Yes,No,No,Two year,No,Electronic check,88.92,1112.07,No
CUST11985,Male,0,Yes,Yes,6,No,No phone service,No,No internet service,No internet service,No internet service,No internet service,No internet service,No internet service,Two year,Yes,Credit card (automatic),19.72,114.95,No
CUST11986,Male,0,Yes,No,0,Yes,Yes,No,No internet service,No internet service,No internet service,No internet service,No internet service,No internet service,Month-to-month,No,Electronic check,21.99,21.28,Yes
CUST11987,Male,1,No,No,1,Yes,Yes,Fiber optic,No,Yes,No,No,No,Yes,Two year,No,Credit card (automatic),81.94,81.01,No
CUST11988,Male,1,No,No,6,No,No phone service,Fiber optic,No,No,No,No,No,No,Month-to-month,No,Mailed check,71.05,415.37,No
CUST11989,Female,1,Yes,Yes,15,Yes,Yes,Fiber optic,Yes,No,Yes,Yes,Yes,No,One year,Yes,Credit card (automatic),91.04,1318.7,No
CUST11990,Male,0,No,No,1,Yes,No,No,No internet service,No internet service,No internet service,No internet service,No internet service,No internet service,Month-to-month,Yes,Electronic check,18.0,17.24,Yes
CUST11991,Male,1,Yes,Yes,71,Yes,Yes,Fiber optic,Yes,Yes,No,No,Yes,No,Month-to-month,No,Electronic check,79.17,5470.03,Yes
CUST11992,Female,0,Yes,Yes,10,No,No phone service,DSL,Yes,No,No,No,No,No,Month-to-month,Yes,Mailed check,48.33,481.49,Yes
CUST11993,Male,0,No,No,7,No,No phone service,Fiber optic,Yes,No,Yes,No,Yes,No,Month-to-month,No,Electronic check,81.89,559.72,No
CUST11994,Male,0,No,No,14,Yes,Yes,Fiber optic,Yes,Yes,Yes,Yes,No,Yes,One year,No,Electronic check,97.7,1304.25,No
CUST11995,Male,0,Yes,No,1,Yes,No,Fiber optic,Yes,Yes,No,No,No,No,Month-to-month,Yes,Mailed check,73.28,72.33,Yes
CUST11996,Female,0,Yes,Yes,38,Yes,No,Fiber optic,No,Yes,No,Yes,No,No,Two year,Yes,Bank transfer (automatic),81.86,3068.34,No
CUST11997,Male,0,No,No,12,Yes,No,Fiber optic,No,No,Yes,No,Yes,No,Two year,Yes,Bank transfer (automatic),70.04,800.05,No
CUST11998,Female,0,Yes,No,3,Yes,Yes,DSL,No,No,No,No,Yes,No,Two year,Yes,Bank transfer (automatic),54.28,159.75,No
CUST11999,Female,0,No,No,3,Yes,No,DSL,No,No,Yes,Yes,No,Yes,Month-to-month,Yes,Credit card (automatic),58.66,175.45,No
CUST12000,Male,0,No,Yes,8,Yes,Yes,Fiber optic,No,No,No,Yes,No,Yes,One year,Yes,Bank transfer (automatic),85.91,681.62,No
CUST12001,Male,0,Yes,Yes,17,Yes,Yes,DSL,Yes,No,No,No,Yes,No,Month-to-month,Yes,Electronic check,53.68,910.32,No
CUST12002,Male,0,Yes,Yes,10,Yes,No,No,No internet service,No internet service,No internet service,No internet service,No internet service,No internet service,Month-to-month,No,Mailed check,24.63,235.47,No
CUST12003,Male,0,No,No,18,Yes,No,DSL,No,Yes,No,No,Yes,Yes,Two year,Yes,Credit card (automatic),65.09,1125.4,No
CUST12004,Female,0,No,No,24,Yes,Yes,Fiber optic,No,Yes,Yes,No,No,No,Month-to-month,Yes,Bank transfer (automatic),79.94,1843.16,No
CUST12005,Male,0,No,No,27,Yes,No,DSL,No,No,No,No,Yes,Yes,Two year,Yes,Bank transfer (automatic),52.82,1419.98,No
CUST12006,Male,0,Yes,No,10,Yes,No,DSL,No,No,No,No,Yes,Yes,Month-to-month,Yes,Electronic check,54.53,527.41,No
CUST12007,Male,0,No,No,25,Yes,No,DSL,No,No,No,No,No,Yes,Month-to-month,Yes,Mailed check,51.37,1245.68,No
CUST12008,Female,1,Yes,No,3,Yes,Yes,Fiber optic,Yes,Yes,Yes,No,No,Yes,Month-to-month,Yes,Credit card (automatic),99.83,297.58,Yes
CUST12009,Male,0,No,No,14,Yes,Yes,Fiber optic,No,No,No,No,No,Yes,Two year,Yes,Electronic check,73.35,1007.95,No
CUST12010,Male,0,No,Yes,1,Yes,Yes,DSL,Yes,No,No,Yes,Yes,Yes,Month-to-month,No,Credit card (automatic),66.63,64.61,Yes
CUST12011,Female,0,Yes,No,5,Yes,No,Fiber optic,No,Yes,Yes,Yes,Yes,Yes,Month-to-month,No,Bank transfer (automatic),87.55,417.46,No
CUST12012,Female,0,No,No,17,Yes,No,Fiber optic,No,No,Yes,No,Yes,Yes,One year,No,Mailed check,81.15,1313.33,No
CUST12013,Male,0,Yes,No,26,No,No phone service,Fiber optic,No,No,Yes,No,Yes,No,Two year,Yes,Credit card (automatic),89.54,2247.99,No
CUST12014,Male,0,No,Yes,2,Yes,Yes,DSL,No,No,No,No,No,No,One year,No,Electronic check,47.34,91.33,No
CUST12015,Male,0,Yes,Yes,4,Yes,No,No,No internet service,No internet service,No internet service,No internet service,No internet service,No internet service,Month-to-month,No,Credit card (automatic),18.0,70.78,No
CUST12016,Male,1,No,No,72,Yes,No,DSL,No,No,No,No,No,Yes,Month-to-month,No,Credit card (automatic),53.46,3742.57,Yes
CUST12017,Male,0,Yes,Yes,8,Yes,No,No,No internet service,No internet service,No internet service,No internet service,No internet service,No internet service,Two year,No,Credit card (automatic),26.53,208.87,No
CUST12018,Female,0,No,No,6,Yes,No,DSL,No,Yes,Yes,No,Yes,No,One year,Yes,Mailed check,53.03,307.55,No
CUST12019,Female,0,No,Yes,1,Yes,Yes,Fiber optic,No,No,No,Yes,No,Yes,Two year,Yes,Mailed check,81.13,80.79,No
CUST12020,Male,0,No,Yes,23,Yes,No,Fiber optic,Yes,No,No,Yes,No,No,Month-to-month,Yes,Bank transfer (automatic),76.26,1674.63,No
CUST12021,Male,1,No,Yes,14,Yes,Yes,Fiber optic,Yes,No,No,No,No,No,Month-to-month,No,Electronic check,73.29,1000.38,Yes
CUST12022,Female,0,Yes,Yes,3,Yes,No,Fiber optic,No,Yes,No,Yes,No,Yes,Month-to-month,Yes,Electronic check,88.2,263.44,Yes
CUST12023,Male,0,Yes,Yes,20,Yes,No,DSL,No,No,No,Yes,Yes,Yes,One year,No,Mailed check,50.58,995.6,No
CUST12024,Male,0,Yes,No,14,Yes,Yes,Fiber optic,No,No,No,No,No,No,Month-to-month,No,Bank transfer (automatic),71.21,950.84,No
CUST12025,Male,0,No,No,16,Yes,Yes,DSL,No,Yes,No,No,Yes,Yes,Two year,Yes,Mailed check,68.0,1080.22,No
CUST12026,Male,1,Yes,No,72,Yes,No,Fiber optic,No,No,No,Yes,No,No,Month-to-month,Yes,Electronic check,72.55,5023.69,No
CUST12027,Male,0,Yes,Yes,0,Yes,Yes,No,No internet service,No internet service,No internet service,No internet service,No internet service,No internet service,Month-to-month,No,Electronic check,18.0,17.56,Yes
CUST12028,Female,1,Yes,No,49,Yes,Yes,Fiber optic,No,Yes,No,No,No,No,Month-to-month,No,Bank transfer (automatic),75.57,3573.47,No
CUST12029,Male,1,No,No,36,No,No phone service,Fiber optic,Yes,Yes,No,Yes,Yes,No,Month-to-month,Yes,Credit card (automatic),96.26,3364.07,No
CUST12030,Male,0,Yes,Yes,10,Yes,No,DSL,No,No,No,Yes,Yes,Yes,One year,Yes,Mailed check,57.61,574.57,No
CUST12031,Male,0,Yes,No,42,Yes,No,Fiber optic,No,No,Yes,No,No,No,One year,Yes,Electronic check,72.59,2918.09,No
CUST12032,Female,0,Yes,Yes,20,Yes,No,DSL,No,No,Yes,No,Yes,Yes,Month-to-month,Yes,Bank transfer (automatic),52.81,1016.66,Yes
CUST12033,Female,1,No,No,44,No,No phone service,DSL,No,Yes,No,No,No,No,Month-to-month,Yes,Mailed check,50.03,2128.0,No
CUST12034,Female,0,No,Yes,18,Yes,No,DSL,Yes,Yes,No,Yes,No,No,One year,Yes,Bank transfer (automatic),61.83,1094.27,Yes
CUST12035,Female,0,Yes,No,4,No,No phone service,No,No internet service,No internet service,No internet service,No internet service,No internet service,No internet service,Two year,No,Credit card (automatic),21.43,84.71,No
CUST12036,Male,0,No,No,17,Yes,No,No,No internet service,No internet service,No internet service,No internet service,No internet service,No internet service,Month-to-month,Yes,Mailed check,18.92,314.24,No
CUST12037,Female,0,Yes,No,3,No,No phone service,No,No internet service,No internet service,No internet service,No internet service,No internet service,No internet service,One year,No,Credit card (automatic),18.0,52.91,No
CUST12038,Male,0,Yes,No,3,Yes,No,No,No internet service,No internet service,No internet service,No internet service,No internet service,No internet service,Month-to-month,No,Mailed check,18.54,54.14,No
CUST12039,Male,0,Yes,No,21,Yes,Yes,Fiber optic,Yes,Yes,No,Yes,Yes,No,One year,Yes,Mailed check,90.88,1841.2,No
CUST12040,Female,1,No,No,58,Yes,No,DSL,Yes,Yes,No,No,No,No,One year,Yes,Bank transfer (automatic),60.83,3454.49,No
CUST12041,Female,0,No,No,17,Yes,No,Fiber optic,No,No,Yes,No,No,No,Month-to-month,No,Bank transfer (automatic),85.97,1412.1,No
CUST12042,Female,0,Yes,No,31,No,No phone service,Fiber optic,No,Yes,No,No,Yes,No,One year,No,Mailed check,70.92,2136.99,No
CUST12043,Female,0,No,No,3,Yes,Yes,Fiber optic,No,Yes,Yes,Yes,Yes,Yes,Month-to-month,Yes,Credit card (automatic),94.45,281.86,No
CUST12044,Female,0,Yes,No,21,Yes,Yes,Fiber optic,No,Yes,No,No,No,No,Month-to-month,No,Bank transfer (automatic),76.54,1600.67,No
CUST12045,Male,0,No,Yes,26,Yes,Yes,Fiber optic,Yes,Yes,Yes,Yes,Yes,No,Month-to-month,No,Mailed check,93.59,2347.36,No
CUST12046,Female,0,No,No,0,Yes,Yes,Fiber optic,Yes,No,No,Yes,No,Yes,Month-to-month,No,Bank transfer (automatic),79.36,77.04,Yes
CUST12047,Female,0,No,Yes,2,Yes,No,DSL,Yes,No,No,No,No,Yes,Two year,No,Electronic check,56.99,113.17,No
CUST12048,Female,1,No,No,30,Yes,Yes,Fiber optic,Yes,No,No,No,No,No,Month-to-month,No,Bank transfer (automatic),86.24,2579.18,No
CUST12049,Male,0,No,Yes,11,Yes,No,DSL,No,Yes,No,Yes,No,No,Two year,No,Bank transfer (automatic),53.25,585.73,No
CUST12050,Female,0,No,No,10,Yes,Yes,DSL,Yes,No,No,No,Yes,No,Month-to-month,Yes,Electronic check,53.83,522.37,No
CUST12051,Male,0,No,Yes,50,Yes,No,No,No internet service,No internet service,No internet service,No internet service,No internet service,No internet service,Month-to-month,No,Bank transfer (automatic),20.26,983.42,No
CUST12052,Female,0,Yes,Yes,72,No,No phone service,Fiber optic,Yes,Yes,Yes,Yes,No,No,Month-to-month,Yes,Electronic check,94.09,6625.17,No
CUST12053,Female,1,Yes,Yes,28,Yes,No,No,No internet service,No internet service,No internet service,No internet service,No internet service,No internet service,Month-to-month,No,Electronic check,20.88,560.12,Yes
CUST12054,Male,0,Yes,No,31,Yes,No,Fiber optic,No,No,Yes,Yes,No,Yes,Two year,No,Bank transfer (automatic),90.1,2750.94,No
CUST12055,Female,0,No,Yes,4,Yes,No,DSL,No,No,Yes,No,No,Yes,One year,No,Electronic check,64.78,256.53,Yes
CUST12056,Male,0,Yes,No,4,Yes,No,No,No internet service,No internet service,No internet service,No internet service,No internet service,No internet service,Month-to-month,No,Electronic check,20.74,82.23,No
CUST12057,Male,0,No,No,72,Yes,No,DSL,Yes,Yes,No,Yes,No,Yes,Two year,No,Credit card (automatic),73.12,5003.18,No
CUST12058,Male,0,No,No,23,Yes,No,No,No internet service,No internet service,No internet service,No internet service,No internet service,No internet service,Month-to-month,Yes,Credit card (automatic),18.0,413.58,No
CUST12059,Female,0,No,Yes,23,Yes,No,Fiber optic,No,No,Yes,Yes,No,No,Month-to-month,No,Electronic check,82.71,1862.92,No
CUST12060,Female,0,Yes,No,6,Yes,No,No,No internet service,No internet service,No internet service,No internet service,No internet service,No internet service,Month-to-month,No,Credit card (automatic),19.38,110.52,No
CUST12061,Female,0,No,No,43,Yes,No,No,No internet service,No internet service,No internet service,No internet service,No internet service,No internet service,Two year,Yes,Bank transfer (automatic),23.98,1013.93,No
CUST12062,Male,0,Yes,Yes,0,Yes,Yes,Fiber optic,No,No,No,No,Yes,Yes,One year,No,Mailed check,87.04,83.99,No
CUST12063,Female,0,No,No,6,Yes,Yes,No,No internet service,No internet service,No internet service,No internet service,No internet service,No internet service,One year,Yes,Mailed check,18.0,103.82,No
CUST12064,Male,0,No,No,3,Yes,Yes,Fiber optic,No,No,No,No,Yes,No,One year,No,Electronic check,67.6,202.74,No
CUST12065,Female,0,Yes,No,24,Yes,Yes,DSL,No,No,No,No,Yes,No,One year,Yes,Electronic check,52.49,1198.55,No
CUST12066,Male,0,No,Yes,25,Yes,No,No,No internet service,No internet service,No internet service,No internet service,No internet service,No internet service,One year,Yes,Electronic check,24.07,597.83,No
CUST12067,Male,0,Yes,No,15,Yes,Yes,No,No internet service,No internet service,No internet service,No internet service,No internet service,No internet service,Month-to-month,Yes,Electronic check,18.0,269.27,No
CUST12068,Male,0,No,No,0,Yes,No,DSL,Yes,Yes,No,Yes,No,Yes,Month-to-month,Yes,Bank transfer (automatic),57.92,56.08,Yes
CUST12069,Female,0,Yes,Yes,41,Yes,Yes,No,No internet service,No internet service,No internet service,No internet service,No internet service,No internet service,Month-to-month,No,Credit card (automatic),18.0,718.3,No
CUST12070,Male,0,No,No,62,Yes,Yes,Fiber optic,No,No,No,No,Yes,Yes,Two year,No,Mailed check,85.19,5186.65,No
CUST12071,Male,0,Yes,No,4,No,No phone service,DSL,No,No,Yes,No,Yes,No,One year,No,Mailed check,62.7,238.55,No
CUST12072,Male,0,No,No,36,Yes,Yes,Fiber optic,No,Yes,Yes,No,Yes,No,One year,Yes,Credit card (automatic),91.0,3219.32,No
CUST12073,Male,0,Yes,No,72,Yes,Yes,No,No internet service,No internet service,No internet service,No internet service,No internet service,No internet service,Month-to-month,No,Bank transfer (automatic),18.0,1238.58,Yes
CUST12074,Male,1,Yes,No,7,Yes,No,Fiber optic,No,No,No,No,No,Yes,Month-to-month,Yes,Electronic check,74.44,495.31,Yes
CUST12075,Male,0,No,No,4,Yes,No,Fiber optic,No,No,No,Yes,No,Yes,Two year,No,Mailed check,83.91,319.87,No
CUST12076,Female,0,Yes,No,72,No,No phone service,No,No internet service,No internet service,No internet service,No internet service,No internet service,No internet service,Month-to-month,Yes,Credit card (automatic),30.23,2091.52,No
CUST12077,Female,0,No,No,1,Yes,Yes,No,No internet service,No internet service,No internet service,No internet service,No internet service,No internet service,One year,No,Bank transfer (automatic),19.51,18.93,No
CUST12078,Male,0,Yes,No,6,Yes,Yes,DSL,No,No,Yes,No,No,Yes,Month-to-month,No,Mailed check,49.2,293.45,No
CUST12079,Female,0,Yes,No,27,Yes,No,Fiber optic,No,Yes,No,No,No,No,One year,No,Mailed check,68.22,1791.5,No
CUST12080,Female,0,No,No,19,Yes,No,DSL,No,Yes,Yes,No,Yes,Yes,One year,No,Credit card (automatic),56.58,1042.19,No
CUST12081,Male,0,No,No,23,Yes,Yes,Fiber optic,No,No,Yes,No,No,No,One year,Yes,Bank transfer (automatic),79.14,1747.97,No
CUST12082,Male,1,No,No,24,Yes,Yes,No,No internet service,No internet service,No internet service,No internet service,No internet service,No internet service,Month-to-month,Yes,Mailed check,24.98,599.48,No
CUST12083,Male,0,No,No,23,Yes,No,DSL,No,No,Yes,No,Yes,No,One year,Yes,Bank transfer (automatic),51.91,1174.03,No
CUST12084,Female,0,Yes,No,8,Yes,No,Fiber optic,No,Yes,Yes,Yes,Yes,Yes,Month-to-month,No,Bank transfer (automatic),100.18,779.5,No
CUST12085,Male,0,Yes,Yes,7,No,No phone service,No,No internet service,No internet service,No internet service,No internet service,No internet service,No internet service,Two year,Yes,Mailed check,18.0,121.73,No
CUST12086,Female,0,Yes,No,11,Yes,No,Fiber optic,No,No,No,No,No,No,Month-to-month,Yes,Bank transfer (automatic),74.83,801.5,No
CUST12087,Male,0,No,No,32,Yes,No,DSL,No,Yes,Yes,No,Yes,No,Month-to-month,Yes,Mailed check,52.73,1666.72,No
CUST12088,Female,0,No,No,55,Yes,No,Fiber optic,Yes,No,No,No,No,No,One year,Yes,Mailed check,76.64,4072.93,No
CUST12089,Male,0,Yes,Yes,12,Yes,No,No,No internet service,No internet service,No internet service,No internet service,No internet service,No internet service,Month-to-month,Yes,Electronic check,28.62,330.98,No
CUST12090,Male,0,Yes,No,1,Yes,Yes,Fiber optic,No,No,No,Yes,Yes,No,Two year,No,Electronic check,74.62,71.73,No
CUST12091,Female,0,Yes,No,55,Yes,Yes,Fiber optic,No,No,Yes,No,No,Yes,Month-to-month,No,Credit card (automatic),82.4,4391.43,Yes
CUST12092,Female,1,No,Yes,1,Yes,No,Fiber optic,No,No,Yes,Yes,No,No,Month-to-month,Yes,Electronic check,86.01,81.84,Yes
CUST12093,Female,0,No,No,3,Yes,No,Fiber optic,Yes,No,Yes,No,Yes,No,Two year,No,Electronic check,87.28,258.51,No
CUST12094,Female,1,Yes,No,40,Yes,No,Fiber optic,Yes,Yes,No,No,No,Yes,Two year,No,Mailed check,82.84,3306.0,No
CUST12095,Female,0,No,No,16,Yes,Yes,DSL,No,Yes,No,No,No,Yes,Month-to-month,Yes,Mailed check,51.42,818.82,No
CUST12096,Female,0,Yes,No,8,No,No phone service,Fiber optic,No,No,Yes,No,No,Yes,Month-to-month,Yes,Electronic check,82.9,655.46,No
CUST12097,Male,0,No,No,53,Yes,No,No,No internet service,No internet service,No internet service,No internet service,No internet service,No internet service,Month-to-month,Yes,Credit card (automatic),25.88,1350.9,Yes
CUST12098,Female,0,No,No,64,Yes,Yes,No,No internet service,No internet service,No internet service,No internet service,No internet service,No internet service,Month-to-month,Yes,Electronic check,18.0,1111.63,No
CUST12099,Male,1,Yes,No,8,Yes,Yes,Fiber optic,No,Yes,No,No,Yes,No,Month-to-month,Yes,Bank transfer (automatic),75.9,580.13,Yes
CUST12100,Male,0,No,Yes,40,Yes,Yes,Fiber optic,No,No,No,No,No,No,Month-to-month,Yes,Bank transfer (automatic),68.82,2676.05,Yes
CUST12101,Female,1,No,Yes,22,Yes,No,DSL,No,No,No,No,No,No,Two year,Yes,Bank transfer (automatic),48.91,1067.62,No
CUST12102,Male,0,Yes,No,6,Yes,No,DSL,Yes,Yes,No,Yes,No,No,Month-to-month,Yes,Credit card (automatic),61.35,359.67,No
CUST12103,Female,0,No,No,56,Yes,Yes,No,No internet service,No internet service,No internet service,No internet service,No internet service,No internet service,One year,Yes,Credit card (automatic),18.0,993.45,No
CUST12104,Female,0,Yes,No,1,Yes,Yes,DSL,No,Yes,No,Yes,No,Yes,One year,Yes,Electronic check,67.63,67.36,No
CUST12105,Male,0,No,No,7,Yes,No,DSL,Yes,Yes,No,No,Yes,Yes,One year,No,Credit card (automatic),61.76,425.43,No
CUST12106,Male,0,Yes,Yes,10,Yes,No,Fiber optic,Yes,No,No,Yes,No,No,Month-to-month,Yes,Mailed check,78.3,746.52,No
CUST12107,Female,0,Yes,No,23,Yes,No,Fiber optic,No,No,No,Yes,Yes,No,One year,No,Bank transfer (automatic),76.59,1681.69,No
CUST12108,Female,0,No,Yes,0,Yes,No,Fiber optic,No,No,No,No,No,No,Two year,Yes,Electronic check,76.62,73.1,No
CUST12109,Male,0,No,No,44,Yes,No,Fiber optic,No,No,No,Yes,Yes,No,Two year,Yes,Bank transfer (automatic),70.49,3001.95,No
CUST12110,Male,1,Yes,Yes,21,Yes,Yes,Fiber optic,No,No,No,No,Yes,Yes,Month-to-month,No,Credit card (automatic),77.2,1563.45,No
CUST12111,Male,0,No,No,6,Yes,Yes,DSL,No,No,No,Yes,No,Yes,Month-to-month,No,Electronic check,50.05,286.93,No
CUST12112,Male,1,Yes,Yes,21,No,No phone service,No,No internet service,No internet service,No internet service,No internet service,No internet service,No internet service,Two year,Yes,Electronic check,18.0,366.5,No
CUST12113,Female,0,Yes,No,15,Yes,No,No,No internet service,No internet service,No internet service,No internet service,No internet service,No internet service,One year,No,Mailed check,22.91,329.8,No
CUST12114,Female,0,No,No,8,Yes,No,Fiber optic,No,No,No,No,No,Yes,Two year,Yes,Bank transfer (automatic),67.88,526.36,No
CUST12115,Female,1,Yes,Yes,0,Yes,Yes,Fiber optic,No,No,Yes,No,Yes,No,Month-to-month,Yes,Mailed check,72.12,70.12,Yes
CUST12116,Female,0,Yes,Yes,16,Yes,Yes,Fiber optic,Yes,Yes,No,No,No,Yes,Month-to-month,No,Bank transfer (automatic),86.83,1320.16,No
CUST12117,Male,1,No,Yes,1,Yes,No,Fiber optic,Yes,No,No,No,Yes,Yes,Month-to-month,Yes,Mailed check,83.56,82.29,Yes
CUST12118,Male,0,Yes,No,33,Yes,Yes,Fiber optic,No,Yes,No,No,No,Yes,Month-to-month,Yes,Credit card (automatic),67.98,2172.87,No
CUST12119,Female,0,No,No,1,No,No phone service,DSL,No,No,No,No,No,Yes,Month-to-month,No,Mailed check,51.57,51.0,Yes
CUST12120,Female,0,Yes,No,11,Yes,No,Fiber optic,No,No,No,No,No,No,Two year,Yes,Mailed check,66.73,701.53,No
CUST12121,Female,0,No,Yes,11,Yes,Yes,Fiber optic,Yes,Yes,No,No,Yes,Yes,One year,No,Mailed check,88.44,938.33,No
CUST12122,Female,0,Yes,No,16,Yes,No,No,No internet service,No internet service,No internet service,No internet service,No internet service,No internet service,Month-to-month,Yes,Bank transfer (automatic),25.27,389.55,No
CUST12123,Female,0,Yes,No,0,Yes,Yes,DSL,No,Yes,No,No,Yes,No,One year,Yes,Credit card (automatic),56.0,53.23,No
CUST12124,Female,0,No,No,4,Yes,No,Fiber optic,No,Yes,No,No,Yes,No,One year,Yes,Credit card (automatic),82.86,322.82,No
CUST12125,Female,1,No,No,4,Yes,No,Fiber optic,No,No,No,No,No,No,One year,Yes,Electronic check,61.4,245.15,Yes
CUST12126,Female,0,No,Yes,18,Yes,Yes,DSL,Yes,No,Yes,No,Yes,No,One year,Yes,Credit card (automatic),53.97,923.56,No
CUST12127,Female,0,Yes,No,6,No,No phone service,Fiber optic,No,Yes,No,No,Yes,No,One year,Yes,Electronic check,86.67,510.18,No
CUST12128,Male,0,No,No,3,Yes,No,Fiber optic,No,No,No,No,Yes,No,Month-to-month,No,Credit card (automatic),69.6,207.3,No
CUST12129,Female,0,Yes,No,0,Yes,Yes,Fiber optic,No,No,No,No,No,Yes,One year,No,Credit card (automatic),73.61,72.85,No
CUST12130,Male,1,No,Yes,36,Yes,Yes,Fiber optic,No,No,Yes,No,No,No,One year,No,Mailed check,75.34,2615.61,No
CUST12131,Male,0,No,No,71,Yes,No,No,No internet service,No internet service,No internet service,No internet service,No internet service,No internet service,Month-to-month,Yes,Credit card (automatic),25.09,1707.91,No
CUST12132,Female,0,Yes,No,24,Yes,No,Fiber optic,No,No,Yes,Yes,Yes,Yes,Month-to-month,Yes,Bank transfer (automatic),86.12,1985.68,No
CUST12133,Female,0,No,No,10,Yes,No,No,No internet service,No internet service,No internet service,No internet service,No internet service,No internet service,Month-to-month,Yes,Electronic check,26.58,257.11,No
CUST12134,Male,0,Yes,No,2,Yes,No,DSL,No,Yes,No,No,Yes,Yes,Month-to-month,Yes,Electronic check,55.05,105.16,Yes
CUST12135,Male,1,No,No,12,Yes,Yes,No,No internet service,No internet service,No internet service,No internet service,No internet service,No internet service,Two year,Yes,Electronic check,19.79,228.85,No
CUST12136,Female,0,No,No,12,No,No phone service,Fiber optic,No,No,Yes,No,Yes,No,Month-to-month,Yes,Credit card (automatic),82.97,957.25,Yes
CUST12137,Male,1,Yes,Yes,10,Yes,Yes,DSL,No,No,No,No,Yes,No,Month-to-month,Yes,Bank transfer (automatic),46.16,460.95,No
CUST12138,Female,0,No,No,9,Yes,Yes,DSL,No,Yes,Yes,No,No,No,Month-to-month,No,Mailed check,53.13,470.29,No
CUST12139,Female,1,Yes,Yes,13,Yes,No,Fiber optic,No,No,Yes,Yes,No,No,Month-to-month,Yes,Electronic check,83.16,1060.9,No
CUST12140,Female,0,No,Yes,1,Yes,Yes,DSL,No,Yes,No,No,Yes,No,One year,Yes,Credit card (automatic),52.31,52.01,No
CUST12141,Male,1,Yes,No,0,Yes,No,DSL,Yes,No,Yes,Yes,No,No,One year,Yes,Electronic check,58.51,56.1,No
CUST12142,Male,1,No,No,1,No,No phone service,Fiber optic,No,Yes,Yes,Yes,No,No,Month-to-month,No,Mailed check,89.63,85.47,Yes
CUST12143,Female,1,Yes,No,4,Yes,No,Fiber optic,No,No,No,No,No,Yes,Two year,No,Electronic check,74.04,294.36,No
CUST12144,Male,0,Yes,Yes,6,No,No phone service,Fiber optic,Yes,No,No,Yes,Yes,No,Month-to-month,Yes,Bank transfer (automatic),87.36,507.18,No
CUST12145,Male,0,No,No,3,Yes,No,Fiber optic,Yes,Yes,Yes,No,No,No,One year,Yes,Electronic check,82.17,238.93,No
CUST12146,Male,0,Yes,Yes,5,Yes,Yes,No,No internet service,No internet service,No internet service,No internet service,No internet service,No internet service,Two year,No,Bank transfer (automatic),18.0,85.64,No
CUST12147,Male,0,Yes,No,4,Yes,Yes,No,No internet service,No internet service,No internet service,No internet service,No internet service,No internet service,Month-to-month,No,Bank transfer (automatic),18.0,68.45,Yes
CUST12148,Male,0,No,No,3,Yes,No,DSL,Yes,No,No,No,No,No,Two year,No,Credit card (automatic),51.57,152.38,No
CUST12149,Male,0,No,No,6,Yes,Yes,No,No internet service,No internet service,No internet service,No internet service,No internet service,No internet service,Two year,Yes,Bank transfer (automatic),19.62,115.63,No
CUST12150,Male,0,No,No,10,Yes,No,DSL,Yes,No,No,No,Yes,No,Two year,No,Mailed check,56.57,545.42,No
CUST12151,Female,0,Yes,No,27,Yes,No,Fiber optic,Yes,No,No,No,No,Yes,Month-to-month,No,Mailed check,71.05,1842.94,No
CUST12152,Male,0,No,No,62,Yes,Yes,No,No internet service,No internet service,No internet service,No internet service,No internet service,No internet service,Month-to-month,No,Electronic check,18.0,1104.75,No
CUST12153,Male,0,Yes,Yes,50,Yes,No,Fiber optic,No,Yes,No,No,No,No,Two year,No,Bank transfer (automatic),80.29,3830.08,No
CUST12154,Male,0,No,No,12,No,No phone service,No,No internet service,No internet service,No internet service,No internet service,No internet service,No internet service,Two year,Yes,Electronic check,26.15,307.95,No
CUST12155,Male,0,No,No,12,Yes,No,No,No internet service,No internet service,No internet service,No internet service,No internet service,No internet service,Two year,Yes,Electronic check,18.0,206.29,No
CUST12156,Male,0,No,No,2,Yes,Yes,No,No internet service,No internet service,No internet service,No internet service,No internet service,No internet service,Two year,Yes,Electronic check,27.27,54.48,No
CUST12157,Male,0,Yes,No,71,Yes,No,Fiber optic,Yes,No,Yes,No,No,Yes,One year,Yes,Bank transfer (automatic),78.8,5590.09,No
CUST12158,Male,1,No,No,28,Yes,No,No,No internet service,No internet service,No internet service,No internet service,No internet service,No internet service,Month-to-month,No,Bank transfer (automatic),20.82,561.77,No
CUST12159,Male,1,No,No,37,Yes,No,DSL,Yes,No,No,No,No,No,Month-to-month,Yes,Electronic check,53.93,1959.13,Yes
CUST12160,Female,1,No,Yes,5,Yes,Yes,Fiber optic,No,Yes,No,No,No,Yes,Month-to-month,Yes,Electronic check,80.36,382.04,No
CUST12161,Male,1,Yes,No,10,Yes,No,Fiber optic,No,Yes,No,Yes,No,No,Month-to-month,No,Credit card (automatic),82.67,799.04,No
CUST12162,Male,0,No,No,2,Yes,No,No,No internet service,No internet service,No internet service,No internet service,No internet service,No internet service,Month-to-month,No,Bank transfer (automatic),18.63,35.84,Yes
CUST12163,Male,0,No,No,56,Yes,No,DSL,No,No,No,No,Yes,Yes,Month-to-month,Yes,Electronic check,59.86,3233.66,No
CUST12164,Male,0,Yes,Yes,6,Yes,No,No,No internet service,No internet service,No internet service,No internet service,No internet service,No internet service,Month-to-month,No,Mailed check,21.83,127.13,Yes
CUST12165,Female,0,Yes,Yes,18,Yes,Yes,No,No internet service,No internet service,No internet service,No internet service,No internet service,No internet service,Two year,Yes,Electronic check,22.15,387.07,No
CUST12166,Female,0,Yes,No,3,Yes,Yes,No,No internet service,No internet service,No internet service,No internet service,No internet service,No internet service,Month-to-month,Yes,Electronic check,26.57,77.29,Yes
CUST12167,Female,0,Yes,No,32,Yes,Yes,DSL,No,Yes,Yes,No,No,No,Month-to-month,No,Mailed check,66.64,2113.55,No
CUST12168,Female,0,Yes,No,4,No,No phone service,No,No internet service,No internet service,No internet service,No internet service,No internet service,No internet service,One year,Yes,Credit card (automatic),18.0,68.6,No
CUST12169,Female,0,Yes,No,33,Yes,Yes,Fiber optic,Yes,No,No,No,Yes,No,Two year,No,Credit card (automatic),78.85,2514.12,No
CUST12170,Female,0,No,No,10,Yes,No,DSL,No,No,No,Yes,Yes,No,Month-to-month,Yes,Bank transfer (automatic),47.67,453.45,No
CUST12171,Female,0,No,No,17,Yes,Yes,No,No internet service,No internet service,No internet service,No internet service,No internet service,No internet service,Month-to-month,Yes,Mailed check,25.31,410.49,No
CUST12172,Female,0,Yes,Yes,6,Yes,Yes,DSL,No,Yes,Yes,No,No,No,Month-to-month,Yes,Bank transfer (automatic),51.94,308.39,Yes
CUST12173,Female,0,No,No,42,Yes,Yes,Fiber optic,No,No,No,No,No,Yes,Month-to-month,No,Credit card (automatic),71.04,2859.13,Yes
CUST12174,Female,0,No,No,28,Yes,No,DSL,No,No,No,No,No,No,Month-to-month,No,Credit card (automatic),51.38,1391.64,Yes
CUST12175,Female,0,Yes,No,8,Yes,Yes,DSL,No,Yes,No,No,No,Yes,One year,No,Electronic check,48.0,380.85,No
CUST12176,Female,1,Yes,No,17,Yes,Yes,Fiber optic,No,No,No,No,Yes,No,Two year,Yes,Mailed check,72.02,1206.23,No
CUST12177,Female,0,No,No,2,Yes,No,No,No internet service,No internet service,No internet service,No internet service,No internet service,No internet service,One year,Yes,Bank transfer (automatic),18.0,34.56,No
CUST12178,Female,0,No,No,3,Yes,No,No,No internet service,No internet service,No internet service,No internet service,No internet service,No internet service,Month-to-month,No,Credit card (automatic),18.0,53.98,Yes
CUST12179,Female,0,No,No,15,Yes,Yes,Fiber optic,No,Yes,No,Yes,Yes,Yes,Month-to-month,Yes,Electronic check,86.94,1256.34,No
CUST12180,Female,0,No,No,20,No,No phone service,Fiber optic,No,No,Yes,Yes,Yes,No,Month-to-month,Yes,Bank transfer (automatic),85.72,1653.1,Yes
CUST12181,Male,0,Yes,No,16,No,No phone service,DSL,Yes,No,Yes,No,Yes,Yes,Month-to-month,No,Electronic check,63.63,1000.36,No
CUST12182,Female,0,No,Yes,16,Yes,No,Fiber optic,No,No,No,Yes,No,No,One year,Yes,Electronic check,74.89,1180.94,No
CUST12183,Male,0,Yes,Yes,27,Yes,Yes,No,No internet service,No internet service,No internet service,No internet service,No internet service,No internet service,Two year,No,Credit card (automatic),18.0,475.91,No
CUST12184,Female,1,Yes,No,46,Yes,No,DSL,No,No,No,No,No,No,Month-to-month,No,Bank transfer (automatic),45.21,1992.55,Yes
CUST12185,Female,1,Yes,No,9,No,No phone service,DSL,No,Yes,No,No,Yes,Yes,Two year,No,Bank transfer (automatic),59.92,514.36,Yes
CUST12186,Male,0,Yes,Yes,15,Yes,Yes,No,No internet service,No internet service,No internet service,No internet service,No internet service,No internet service,Two year,Yes,Electronic check,18.0,269.09,No
CUST12187,Female,0,No,Yes,44,Yes,No,Fiber optic,Yes,Yes,Yes,No,Yes,Yes,Month-to-month,Yes,Electronic check,84.73,3606.57,No
CUST12188,Male,0,No,No,12,Yes,No,DSL,No,No,No,No,No,No,Month-to-month,No,Mailed check,40.74,485.17,No
CUST12189,Male,0,No,No,11,No,No phone service,No,No internet service,No internet service,No internet service,No internet service,No internet service,No internet service,Month-to-month,Yes,Credit card (automatic),18.0,189.8,Yes
CUST12190,Male,0,Yes,No,29,No,No phone service,DSL,No,No,Yes,Yes,No,Yes,One year,No,Mailed check,62.87,1778.24,No
CUST12191,Female,0,No,Yes,41,Yes,Yes,No,No internet service,No internet service,No internet service,No internet service,No internet service,No internet service,Month-to-month,Yes,Mailed check,19.68,801.95,No
CUST12192,Female,0,No,Yes,26,Yes,No,Fiber optic,No,Yes,Yes,Yes,Yes,Yes,Month-to-month,Yes,Electronic check,87.64,2208.26,No
CUST12193,Female,1,Yes,No,2,Yes,Yes,Fiber optic,No,No,No,No,No,Yes,Two year,No,Credit card (automatic),71.02,135.05,No
CUST12194,Male,0,No,No,12,Yes,Yes,Fiber optic,Yes,No,Yes,No,No,Yes,Month-to-month,Yes,Bank transfer (automatic),81.19,971.54,No
CUST12195,Male,0,No,No,4,Yes,Yes,DSL,No,No,No,No,No,No,Month-to-month,Yes,Mailed check,43.11,169.29,No
CUST12196,Female,0,Yes,No,7,Yes,Yes,Fiber optic,No,Yes,No,No,Yes,No,Two year,No,Electronic check,77.96,524.37,No
CUST12197,Female,1,No,No,12,Yes,No,DSL,No,Yes,No,No,No,No,Two year,Yes,Mailed check,47.15,558.98,No
CUST12198,Female,0,No,No,5,Yes,Yes,DSL,No,No,No,No,Yes,No,Month-to-month,Yes,Electronic check,47.52,228.63,No
CUST12199,Female,0,No,Yes,14,Yes,No,Fiber optic,No,No,No,No,Yes,Yes,Month-to-month,Yes,Mailed check,74.99,1001.23,Yes
CUST12200,Female,0,No,No,20,Yes,Yes,Fiber optic,No,No,No,No,Yes,No,One year,Yes,Electronic check,76.0,1445.1,No
CUST12201,Male,0,Yes,Yes,41,Yes,No,Fiber optic,No,Yes,No,Yes,No,No,Two year,No,Electronic check,74.5,2902.87,No
CUST12202,Male,1,No,No,4,Yes,No,Fiber optic,No,No,Yes,No,No,No,Two year,No,Credit card (automatic),74.99,286.56,No
CUST12203,Male,0,No,Yes,7,Yes,Yes,Fiber optic,No,No,No,No,No,Yes,Month-to-month,Yes,Mailed check,78.22,532.4,No
CUST12204,Female,0,Yes,Yes,10,Yes,No,DSL,Yes,Yes,No,No,Yes,Yes,One year,Yes,Credit card (automatic),58.39,583.04,No
CUST12205,Male,0,Yes,No,5,Yes,No,No,No internet service,No internet service,No internet service,No internet service,No internet service,No internet service,Month-to-month,No,Electronic check,18.87,92.02,No
CUST12206,Male,0,No,No,8,Yes,Yes,DSL,No,No,No,No,No,No,Two year,Yes,Bank transfer (automatic),47.84,368.04,No
CUST12207,Male,0,Yes,No,42,Yes,No,Fiber optic,No,No,Yes,Yes,No,Yes,Month-to-month,Yes,Mailed check,78.52,3262.59,No
CUST12208,Male,0,No,No,2,Yes,No,Fiber optic,No,Yes,Yes,No,No,Yes,Month-to-month,Yes,Credit card (automatic),92.82,184.01,Yes
CUST12209,Male,0,No,No,11,Yes,Yes,Fiber optic,No,No,No,Yes,Yes,No,Month-to-month,No,Credit card (automatic),82.84,893.24,No
CUST12210,Female,0,Yes,Yes,7,No,No phone service,Fiber optic,No,No,No,Yes,No,No,Month-to-month,Yes,Mailed check,70.2,475.5,No
CUST12211,Male,0,Yes,No,1,Yes,No,No,No internet service,No internet service,No internet service,No internet service,No internet service,No internet service,Month-to-month,Yes,Credit card (automatic),24.07,23.36,Yes
CUST12212,Female,1,Yes,No,2,Yes,Yes,Fiber optic,No,No,Yes,No,No,Yes,Month-to-month,No,Mailed check,81.78,160.98,Yes
CUST12213,Female,0,No,Yes,30,Yes,No,Fiber optic,No,No,No,No,Yes,No,Month-to-month,No,Bank transfer (automatic),73.11,2100.73,Yes
CUST12214,Female,0,No,No,38,Yes,Yes,Fiber optic,No,No,Yes,No,No,No,Month-to-month,Yes,Electronic check,69.87,2536.18,No
CUST12215,Female,0,No,Yes,27,Yes,No,Fiber optic,No,No,No,Yes,No,No,Two year,Yes,Mailed check,68.84,1790.73,No
CUST12216,Female,0,Yes,No,15,Yes,No,Fiber optic,No,No,No,No,Yes,No,Month-to-month,No,Bank transfer (automatic),72.4,1066.8,No
CUST12217,Male,0,No,No,29,No,No phone service,DSL,No,No,Yes,No,Yes,No,Two year,Yes,Mailed check,54.4,1527.47,No
CUST12218,Male,0,No,No,3,No,No phone service,Fiber optic,Yes,Yes,Yes,Yes,No,Yes,One year,No,Mailed check,105.69,303.8,No
CUST12219,Female,0,Yes,Yes,30,No,No phone service,DSL,No,Yes,No,No,No,No,Month-to-month,No,Credit card (automatic),49.33,1449.63,No
CUST12220,Female,0,No,No,11,Yes,Yes,Fiber optic,Yes,No,No,Yes,No,No,Month-to-month,Yes,Mailed check,90.88,971.91,No
CUST12221,Female,0,Yes,No,27,Yes,Yes,Fiber optic,No,Yes,No,No,Yes,No,Two year,No,Bank transfer (automatic),79.53,2118.12,No
CUST12222,Male,0,No,Yes,5,Yes,No,No,No internet service,No internet service,No internet service,No internet service,No internet service,No internet service,Month-to-month,No,Mailed check,19.32,95.21,No
CUST12223,Female,0,Yes,No,35,Yes,No,Fiber optic,No,Yes,No,No,No,No,Month-to-month,Yes,Bank transfer (automatic),76.81,2680.42,No
CUST12224,Male,0,Yes,Yes,16,Yes,Yes,Fiber optic,No,Yes,No,Yes,No,Yes,Month-to-month,No,Credit card (automatic),85.57,1347.57,No
CUST12225,Female,0,No,Yes,0,Yes,No,Fiber optic,No,Yes,No,No,Yes,No,Month-to-month,Yes,Mailed check,84.93,83.67,Yes
CUST12226,Male,0,No,Yes,14,Yes,Yes,Fiber optic,No,No,Yes,No,No,Yes,Month-to-month,No,Electronic check,84.09,1126.34,No
CUST12227,Female,1,Yes,No,7,Yes,No,DSL,No,No,No,No,Yes,No,Two year,No,Mailed check,52.63,352.87,No
CUST12228,Male,0,No,Yes,1,Yes,Yes,DSL,No,Yes,No,No,Yes,Yes,Two year,Yes,Credit card (automatic),55.93,55.26,No
CUST12229,Female,0,No,No,11,Yes,No,Fiber optic,No,Yes,No,Yes,No,Yes,Two year,Yes,Electronic check,78.42,849.99,No
CUST12230,Male,0,Yes,Yes,7,Yes,No,No,No internet service,No internet service,No internet service,No internet service,No internet service,No internet service,Month-to-month,Yes,Bank transfer (automatic),19.33,130.07,No
CUST12231,Male,0,No,Yes,4,Yes,Yes,Fiber optic,Yes,No,Yes,Yes,No,Yes,Two year,Yes,Electronic check,86.38,331.83,No
CUST12232,Male,0,No,Yes,8,Yes,Yes,Fiber optic,Yes,No,Yes,No,No,No,One year,No,Mailed check,80.09,614.84,No
CUST12233,Male,0,No,No,3,Yes,Yes,DSL,No,No,No,No,No,Yes,Two year,Yes,Bank transfer (automatic),50.69,145.92,No
CUST12234,Male,0,Yes,Yes,7,Yes,No,Fiber optic,No,No,No,No,Yes,No,Month-to-month,No,Mailed check,69.31,462.09,No
CUST12235,Male,0,No,Yes,2,Yes,Yes,No,No internet service,No internet service,No internet service,No internet service,No internet service,No internet service,Month-to-month,Yes,Electronic check,18.0,35.45,Yes
CUST12236,Male,0,No,No,1,Yes,No,DSL,No,No,No,No,Yes,No,Two year,Yes,Credit card (automatic),39.66,38.62,No
CUST12237,Female,0,No,No,48,Yes,Yes,No,No internet service,No internet service,No internet service,No internet service,No internet service,No internet service,Month-to-month,Yes,Credit card (automatic),18.0,823.18,No
CUST12238,Female,0,Yes,Yes,46,Yes,No,DSL,No,No,Yes,Yes,No,No,Two year,No,Credit card (automatic),57.21,2570.91,No
CUST12239,Female,0,No,No,35,Yes,No,No,No internet service,No internet service,No internet service,No internet service,No internet service,No internet service,Month-to-month,Yes,Electronic check,18.0,599.96,No
CUST12240,Female,0,Yes,Yes,5,Yes,Yes,Fiber optic,No,No,Yes,No,No,No,Two year,Yes,Bank transfer (automatic),83.93,412.08,No
CUST12241,Female,0,No,No,25,Yes,Yes,DSL,No,No,Yes,No,No,Yes,Month-to-month,No,Electronic check,49.11,1208.92,Yes
CUST12242,Male,0,No,No,17,Yes,Yes,DSL,Yes,No,No,No,No,No,Month-to-month,No,Bank transfer (automatic),49.12,824.43,No
CUST12243,Male,0,Yes,Yes,1,Yes,No,Fiber optic,No,No,No,No,No,No,One year,Yes,Mailed check,70.97,69.24,No
CUST12244,Male,0,Yes,Yes,45,Yes,No,Fiber optic,No,No,No,No,Yes,No,One year,Yes,Electronic check,80.91,3587.5,No
CUST12245,Male,0,No,No,72,Yes,No,Fiber optic,No,No,Yes,No,No,No,One year,Yes,Bank transfer (automatic),73.84,5236.34,No
CUST12246,Male,0,No,No,24,Yes,Yes,Fiber optic,No,Yes,No,Yes,Yes,Yes,Month-to-month,No,Bank transfer (automatic),85.22,2028.69,No
CUST12247,Female,0,Yes,Yes,5,Yes,Yes,Fiber optic,Yes,No,No,No,No,Yes,Month-to-month,No,Mailed check,85.46,420.55,No
CUST12248,Female,1,No,Yes,16,Yes,Yes,No,No internet service,No internet service,No internet service,No internet service,No internet service,No internet service,Month-to-month,Yes,Electronic check,18.0,274.18,No
CUST12249,Female,1,No,No,2,Yes,Yes,No,No internet service,No internet service,No internet service,No internet service,No internet service,No internet service,Month-to-month,No,Mailed check,26.87,51.65,Yes
CUST12250,Female,0,No,No,7,Yes,Yes,Fiber optic,No,Yes,No,Yes,No,No,One year,No,Bank transfer (automatic),80.6,545.96,No
CUST12251,Male,0,No,Yes,25,Yes,Yes,Fiber optic,No,No,No,No,No,No,Month-to-month,No,Credit card (automatic),69.49,1666.5,No
CUST12252,Male,0,Yes,Yes,7,Yes,Yes,DSL,No,No,No,Yes,Yes,No,Month-to-month,No,Electronic check,63.47,438.68,No
CUST12253,Male,0,No,Yes,3,Yes,Yes,Fiber optic,No,No,No,No,No,No,Two year,No,Electronic check,69.89,202.07,No
CUST12254,Female,0,Yes,Yes,0,Yes,No,No,No internet service,No internet service,No internet service,No internet service,No internet service,No internet service,Month-to-month,Yes,Credit card (automatic),19.18,18.72,Yes
CUST12255,Male,0,Yes,No,16,Yes,No,Fiber optic,No,No,No,No,Yes,No,One year,No,Bank transfer (automatic),73.85,1140.57,No
CUST12256,Female,0,Yes,Yes,69,Yes,Yes,Fiber optic,Yes,No,No,No,No,Yes,Month-to-month,Yes,Bank transfer (automatic),84.71,5751.17,No
CUST12257,Male,0,No,No,13,Yes,Yes,No,No internet service,No internet service,No internet service,No internet service,No internet service,No internet service,Month-to-month,No,Electronic check,26.45,338.27,Yes
CUST12258,Male,0,No,No,4,Yes,No,DSL,Yes,No,Yes,No,No,Yes,One year,Yes,Electronic check,61.26,244.7,No
CUST12259,Female,0,Yes,No,12,Yes,Yes,No,No internet service,No internet service,No internet service,No internet service,No internet service,No internet service,Month-to-month,Yes,Bank transfer (automatic),23.25,273.6,No
CUST12260,Male,0,No,No,18,Yes,Yes,DSL,Yes,No,No,No,No,No,Month-to-month,Yes,Credit card (automatic),46.97,838.28,Yes
CUST12261,Male,0,No,No,32,Yes,Yes,DSL,No,Yes,No,No,Yes,No,Two year,No,Electronic check,54.98,1735.24,No
CUST12262,Female,0,No,No,12,Yes,Yes,Fiber optic,No,No,No,No,No,No,Two year,Yes,Electronic check,71.24,812.63,No
CUST12263,Male,0,No,No,3,Yes,Yes,No,No internet service,No internet service,No internet service,No internet service,No internet service,No internet service,Two year,Yes,Credit card (automatic),18.0,52.04,No
CUST12264,Female,0,Yes,No,4,Yes,No,No,No internet service,No internet service,No internet service,No internet service,No internet service,No internet service,One year,Yes,Electronic check,22.56,85.97,No
CUST12265,Male,0,Yes,No,45,Yes,Yes,Fiber optic,No,No,No,No,No,Yes,Month-to-month,No,Bank transfer (automatic),79.58,3407.13,No
CUST12266,Male,0,No,Yes,5,Yes,Yes,Fiber optic,Yes,No,No,No,No,No,Month-to-month,Yes,Mailed check,80.39,393.69,No
CUST12267,Male,0,No,No,26,Yes,No,Fiber optic,No,Yes,No,No,No,Yes,One year,Yes,Mailed check,77.79,1940.52,No
CUST12268,Male,0,Yes,No,6,Yes,Yes,Fiber optic,No,No,Yes,Yes,No,No,Month-to-month,No,Credit card (automatic),85.29,501.47,No
CUST12269,Male,1,No,Yes,25,Yes,Yes,No,No internet service,No internet service,No internet service,No internet service,No internet service,No internet service,Month-to-month,Yes,Electronic check,20.01,484.58,No
CUST12270,Male,0,No,No,1,Yes,No,No,No internet service,No internet service,No internet service,No internet service,No internet service,No internet service,Month-to-month,Yes,Electronic check,20.03,19.96,Yes
CUST12271,Male,0,No,No,4,Yes,No,No,No internet service,No internet service,No internet service,No internet service,No internet service,No internet service,Month-to-month,No,Electronic check,18.0,69.1,No
CUST12272,Male,0,Yes,No,10,Yes,No,Fiber optic,No,No,No,No,Yes,No,Month-to-month,Yes,Mailed check,71.89,701.11,No
CUST12273,Female,0,No,No,14,Yes,Yes,Fiber optic,No,Yes,No,Yes,No,No,Month-to-month,Yes,Bank transfer (automatic),76.77,1046.05,No
CUST12274,Female,0,No,Yes,8,No,No phone service,DSL,Yes,No,Yes,No,Yes,No,One year,Yes,Electronic check,58.47,450.81,No
CUST12275,Male,0,Yes,Yes,17,Yes,No,Fiber optic,Yes,No,No,No,No,Yes,Month-to-month,No,Electronic check,81.58,1343.76,No
CUST12276,Male,0,Yes,No,7,Yes,Yes,Fiber optic,No,Yes,Yes,No,No,Yes,One year,Yes,Electronic check,87.87,586.02,No
CUST12277,Female,0,Yes,No,22,Yes,No,DSL,Yes,No,Yes,Yes,Yes,Yes,Two year,Yes,Bank transfer (automatic),59.58,1248.05,No
CUST12278,Male,0,No,No,14,Yes,Yes,Fiber optic,No,No,No,No,No,No,Month-to-month,Yes,Bank transfer (automatic),69.72,930.35,No
CUST12279,Male,0,Yes,Yes,24,No,No phone service,Fiber optic,Yes,Yes,No,No,No,No,Month-to-month,Yes,Credit card (automatic),83.55,1970.92,No
CUST12280,Female,0,Yes,No,11,Yes,Yes,Fiber optic,No,No,No,No,Yes,No,Month-to-month,No,Electronic check,74.0,777.69,Yes
CUST12281,Male,0,Yes,Yes,41,Yes,No,DSL,No,No,No,No,Yes,Yes,Month-to-month,Yes,Bank transfer (automatic),53.96,2147.12,No
CUST12282,Male,0,Yes,No,9,Yes,No,Fiber optic,No,No,No,No,No,No,One year,Yes,Electronic check,73.83,647.42,No
CUST12283,Female,0,Yes,No,7,Yes,No,Fiber optic,No,No,Yes,No,Yes,Yes,Month-to-month,No,Bank transfer (automatic),83.97,571.85,No
CUST12284,Male,0,No,Yes,16,Yes,No,No,No internet service,No internet service,No internet service,No internet service,No internet service,No internet service,Month-to-month,Yes,Bank transfer (automatic),18.0,274.05,No
CUST12285,Male,0,No,No,14,Yes,Yes,DSL,Yes,No,No,No,No,No,Month-to-month,Yes,Mailed check,43.14,584.0,No
CUST12286,Female,0,No,No,14,Yes,No,Fiber optic,No,No,No,No,No,No,Two year,Yes,Bank transfer (automatic),72.11,1007.91,No
CUST12287,Male,0,Yes,No,31,No,No phone service,DSL,No,Yes,No,Yes,Yes,Yes,Month-to-month,Yes,Credit card (automatic),64.47,1955.76,No
CUST12288,Female,0,Yes,No,17,Yes,Yes,DSL,Yes,Yes,No,No,No,No,Two year,Yes,Electronic check,53.62,882.64,No
CUST12289,Male,0,Yes,Yes,43,Yes,Yes,DSL,No,Yes,Yes,No,No,Yes,One year,Yes,Bank transfer (automatic),58.3,2468.58,No
CUST12290,Male,0,Yes,Yes,19,No,No phone service,DSL,No,Yes,Yes,Yes,Yes,Yes,Month-to-month,Yes,Credit card (automatic),59.98,1101.06,No
CUST12291,Female,0,Yes,No,0,Yes,Yes,No,No internet service,No internet service,No internet service,No internet service,No internet service,No internet service,Month-to-month,Yes,Credit card (automatic),18.0,17.79,Yes
CUST12292,Female,0,Yes,No,40,Yes,No,No,No internet service,No internet service,No internet service,No internet service,No internet service,No internet service,Month-to-month,Yes,Electronic check,19.3,750.38,Yes
CUST12293,Male,0,No,No,36,Yes,Yes,Fiber optic,Yes,Yes,No,No,No,Yes,Month-to-month,Yes,Bank transfer (automatic),77.21,2748.66,No
CUST12294,Female,0,Yes,No,1,Yes,No,Fiber optic,No,Yes,Yes,No,No,Yes,Month-to-month,Yes,Mailed check,81.44,80.51,Yes
CUST12295,Female,0,No,Yes,2,Yes,Yes,DSL,No,No,Yes,No,No,No,Month-to-month,No,Bank transfer (automatic),52.43,101.37,Yes
CUST12296,Male,0,Yes,Yes,16,Yes,No,Fiber optic,Yes,No,No,No,No,No,Month-to-month,No,Electronic check,73.55,1139.76,Yes
CUST12297,Male,0,Yes,No,0,Yes,Yes,DSL,No,No,Yes,No,Yes,Yes,One year,Yes,Credit card (automatic),59.58,58.04,No
CUST12298,Male,0,No,No,10,Yes,Yes,DSL,No,Yes,Yes,No,Yes,No,Two year,Yes,Credit card (automatic),55.15,540.43,No
CUST12299,Female,0,Yes,No,72,Yes,No,DSL,Yes,No,Yes,No,No,No,One year,Yes,Mailed check,52.41,3765.69,No
CUST12300,Female,0,Yes,No,3,Yes,Yes,Fiber optic,Yes,Yes,No,No,No,Yes,Month-to-month,Yes,Mailed check,77.37,228.31,No
CUST12301,Female,1,No,No,4,Yes,Yes,DSL,Yes,Yes,No,No,No,No,Two year,Yes,Electronic check,55.84,215.65,No
CUST12302,Female,0,No,No,22,Yes,Yes,Fiber optic,No,No,No,No,No,Yes,Month-to-month,Yes,Bank transfer (automatic),63.55,1376.17,No
CUST12303,Male,0,Yes,No,0,Yes,No,DSL,No,Yes,No,No,No,Yes,Month-to-month,Yes,Electronic check,60.25,57.77,Yes
CUST12304,Female,0,Yes,Yes,34,Yes,Yes,No,No internet service,No internet service,No internet service,No internet service,No internet service,No internet service,Month-to-month,Yes,Mailed check,27.94,927.25,No
CUST12305,Male,0,No,No,4,Yes,No,DSL,No,Yes,Yes,No,Yes,Yes,Month-to-month,No,Mailed check,76.75,299.38,No
CUST12306,Female,0,No,No,15,Yes,No,DSL,No,No,No,Yes,No,Yes,Month-to-month,Yes,Electronic check,63.75,914.78,Yes
CUST12307,Male,1,Yes,No,5,Yes,Yes,Fiber optic,Yes,Yes,No,No,Yes,Yes,One year,Yes,Credit card (automatic),97.29,474.64,Yes
CUST12308,Male,0,Yes,Yes,21,Yes,Yes,No,No internet service,No internet service,No internet service,No internet service,No internet service,No internet service,Month-to-month,No,Bank transfer (automatic),18.0,372.63,No
CUST12309,Male,0,No,Yes,17,Yes,No,No,No internet service,No internet service,No internet service,No internet service,No internet service,No internet service,Month-to-month,Yes,Electronic check,18.0,298.25,No
CUST12310,Female,0,Yes,Yes,58,Yes,Yes,Fiber optic,No,No,No,No,No,No,Month-to-month,Yes,Mailed check,70.43,3962.48,No
CUST12311,Male,0,Yes,Yes,11,Yes,No,DSL,No,Yes,No,No,No,Yes,Two year,Yes,Electronic check,52.9,572.01,No
CUST12312,Male,0,No,No,41,Yes,No,DSL,Yes,No,No,Yes,No,No,Two year,Yes,Electronic check,52.91,2114.16,No
CUST12313,Female,0,Yes,Yes,17,Yes,Yes,No,No internet service,No internet service,No internet service,No internet service,No internet service,No internet service,One year,Yes,Electronic check,22.26,365.88,Yes
CUST12314,Male,0,No,No,49,No,No phone service,No,No internet service,No internet service,No internet service,No internet service,No internet service,No internet service,Month-to-month,No,Electronic check,18.0,857.57,No
CUST12315,Female,0,No,Yes,6,Yes,No,Fiber optic,Yes,No,No,No,No,Yes,One year,Yes,Electronic check,80.77,462.28,No
CUST12316,Female,0,No,Yes,15,Yes,No,Fiber optic,No,No,Yes,No,Yes,Yes,Month-to-month,Yes,Bank transfer (automatic),83.47,1240.29,No
CUST12317,Male,0,Yes,No,9,Yes,No,Fiber optic,No,Yes,Yes,No,Yes,No,Two year,No,Electronic check,87.83,764.51,No
CUST12318,Male,0,Yes,No,1,Yes,Yes,Fiber optic,Yes,No,Yes,Yes,No,Yes,Two year,Yes,Bank transfer (automatic),77.71,76.23,No
CUST12319,Female,0,Yes,Yes,17,Yes,No,Fiber optic,No,No,No,No,No,No,Month-to-month,Yes,Bank transfer (automatic),68.89,1145.16,No
CUST12320,Male,0,Yes,No,31,Yes,No,DSL,No,No,Yes,No,No,No,Two year,Yes,Electronic check,41.24,1226.53,No
CUST12321,Female,0,No,Yes,16,Yes,Yes,DSL,Yes,Yes,No,No,No,Yes,Month-to-month,No,Electronic check,63.7,986.26,No
CUST12322,Female,0,Yes,No,6,Yes,No,Fiber optic,No,No,No,Yes,No,No,Month-to-month,Yes,Bank transfer (automatic),73.9,442.63,Yes
CUST12323,Female,0,Yes,No,6,No,No phone service,No,No internet service,No internet service,No internet service,No internet service,No internet service,No internet service,One year,No,Electronic check,22.68,134.28,No
CUST12324,Male,0,Yes,No,5,Yes,Yes,Fiber optic,No,No,No,No,Yes,Yes,Month-to-month,No,Electronic check,67.71,328.58,No
CUST12325,Female,0,Yes,No,72,Yes,Yes,Fiber optic,No,No,No,No,No,No,Two year,Yes,Bank transfer (automatic),72.91,5221.74,No
CUST12326,Male,1,No,No,10,Yes,No,No,No internet service,No internet service,No internet service,No internet service,No internet service,No internet service,Month-to-month,Yes,Credit card (automatic),20.71,202.82,No
CUST12327,Male,0,No,No,7,Yes,Yes,Fiber optic,No,No,No,No,Yes,Yes,Two year,No,Bank transfer (automatic),90.23,626.76,No
CUST12328,Male,0,No,No,10,Yes,No,DSL,Yes,No,No,Yes,No,Yes,One year,No,Electronic check,60.72,592.8,No
CUST12329,Male,0,No,No,2,Yes,No,DSL,No,No,No,No,Yes,Yes,Two year,Yes,Credit card (automatic),66.0,131.55,No
CUST12330,Female,0,No,Yes,4,Yes,No,No,No internet service,No internet service,No internet service,No internet service,No internet service,No internet service,Month-to-month,Yes,Mailed check,18.0,71.41,No
CUST12331,Male,0,Yes,No,14,Yes,No,Fiber optic,Yes,No,No,No,No,No,Month-to-month,Yes,Electronic check,78.45,1047.78,No
CUST12332,Female,1,Yes,Yes,32,Yes,No,No,No internet service,No internet service,No internet service,No internet service,No internet service,No internet service,Two year,Yes,Electronic check,21.98,692.21,No
CUST12333,Female,0,No,No,41,No,No phone service,Fiber optic,No,No,Yes,No,No,No,One year,Yes,Credit card (automatic),74.58,2973.04,No
CUST12334,Male,1,Yes,No,40,No,No phone service,Fiber optic,Yes,No,No,No,Yes,No,Month-to-month,No,Mailed check,76.44,2927.77,No
CUST12335,Female,0,Yes,No,57,Yes,Yes,DSL,No,Yes,No,No,Yes,No,Month-to-month,Yes,Mailed check,52.38,2955.95,No
CUST12336,Female,0,No,No,2,Yes,No,No,No internet service,No internet service,No internet service,No internet service,No internet service,No internet service,Two year,No,Credit card (automatic),21.88,42.64,No
CUST12337,Male,0,Yes,Yes,0,Yes,No,DSL,No,No,No,Yes,No,Yes,One year,Yes,Mailed check,55.51,53.3,No
CUST12338,Female,0,No,Yes,2,Yes,Yes,No,No internet service,No internet service,No internet service,No internet service,No internet service,No internet service,One year,No,Mailed check,24.95,48.22,No
CUST12339,Female,0,No,No,18,Yes,No,DSL,Yes,No,No,No,No,No,Two year,Yes,Bank transfer (automatic),46.6,803.91,No
CUST12340,Female,0,Yes,No,16,No,No phone service,DSL,Yes,No,No,No,No,No,Month-to-month,Yes,Credit card (automatic),47.72,748.75,No
CUST12341,Female,0,Yes,No,22,Yes,No,DSL,No,Yes,No,No,Yes,No,Two year,Yes,Credit card (automatic),50.48,1090.31,No
CUST12342,Male,0,No,Yes,9,Yes,No,No,No internet service,No internet service,No internet service,No internet service,No internet service,No internet service,One year,No,Bank transfer (automatic),18.0,156.29,No
CUST12343,Female,0,Yes,No,9,Yes,No,DSL,No,No,No,No,No,No,Month-to-month,Yes,Credit card (automatic),46.62,404.42,No
CUST12344,Female,0,Yes,Yes,15,Yes,No,Fiber optic,No,Yes,No,Yes,No,Yes,Month-to-month,Yes,Credit card (automatic),84.93,1217.32,No
CUST12345,Female,0,No,Yes,1,Yes,Yes,DSL,No,No,No,Yes,No,Yes,Month-to-month,No,Bank transfer (automatic),57.41,57.34,Yes
CUST12346,Female,0,Yes,No,32,No,No phone service,DSL,No,No,No,Yes,Yes,No,One year,Yes,Mailed check,54.6,1687.3,No
CUST12347,Male,0,Yes,No,51,Yes,Yes,Fiber optic,No,No,No,No,Yes,No,One year,Yes,Electronic check,76.56,3826.28,No
CUST12348,Female,0,Yes,Yes,9,Yes,Yes,No,No internet service,No internet service,No internet service,No internet service,No internet service,No internet service,Two year,No,Bank transfer (automatic),18.53,160.01,No
CUST12349,Male,0,No,No,26,Yes,No,No,No internet service,No internet service,No internet service,No internet service,No internet service,No internet service,Two year,Yes,Mailed check,21.3,546.06,No
CUST12350,Female,0,Yes,Yes,15,Yes,No,DSL,No,No,No,Yes,No,Yes,Month-to-month,Yes,Credit card (automatic),54.2,799.19,No
CUST12351,Male,0,Yes,Yes,5,Yes,No,No,No internet service,No internet service,No internet service,No internet service,No internet service,No internet service,One year,No,Electronic check,18.0,86.05,No
CUST12352,Male,1,Yes,No,1,No,No phone service,Fiber optic,No,No,Yes,No,No,Yes,One year,No,Credit card (automatic),79.92,76.0,No
CUST12353,Male,0,Yes,No,5,Yes,Yes,DSL,No,No,Yes,No,Yes,Yes,Month-to-month,No,Credit card (automatic),57.11,271.59,No
CUST12354,Male,0,No,Yes,18,Yes,No,Fiber optic,No,No,Yes,Yes,No,No,Month-to-month,Yes,Electronic check,75.73,1314.68,Yes
CUST12355,Male,0,No,Yes,0,Yes,No,DSL,No,No,No,Yes,No,No,Month-to-month,Yes,Credit card (automatic),51.55,50.03,Yes
CUST12356,Female,1,Yes,Yes,36,No,No phone service,No,No internet service,No internet service,No internet service,No internet service,No internet service,No internet service,Month-to-month,Yes,Bank transfer (automatic),24.15,869.35,Yes
CUST12357,Female,0,Yes,No,70,No,No phone service,Fiber optic,Yes,No,No,No,No,No,Month-to-month,Yes,Electronic check,74.22,5185.03,No
CUST12358,Female,0,Yes,No,1,Yes,No,DSL,No,No,Yes,No,Yes,No,One year,Yes,Bank transfer (automatic),53.93,51.66,No
CUST12359,Male,1,No,Yes,5,Yes,No,Fiber optic,Yes,Yes,No,No,No,No,One year,Yes,Credit card (automatic),94.19,462.85,Yes
CUST12360,Female,1,Yes,No,22,Yes,No,Fiber optic,No,No,No,No,Yes,Yes,One year,No,Mailed check,84.11,1779.01,No
CUST12361,Male,1,Yes,Yes,32,Yes,No,Fiber optic,No,No,No,No,No,Yes,One year,No,Bank transfer (automatic),76.53,2329.75,No
CUST12362,Male,0,No,No,8,Yes,No,Fiber optic,No,Yes,No,No,No,No,Month-to-month,No,Electronic check,71.89,564.58,Yes
CUST12363,Female,0,Yes,Yes,14,Yes,No,Fiber optic,No,Yes,No,No,Yes,Yes,Month-to-month,Yes,Electronic check,88.84,1192.66,No
CUST12364,Female,0,No,No,44,Yes,Yes,Fiber optic,No,No,No,Yes,Yes,No,Month-to-month,Yes,Credit card (automatic),79.33,3370.15,No
CUST12365,Male,0,Yes,Yes,9,Yes,Yes,Fiber optic,No,No,Yes,No,No,Yes,Month-to-month,No,Electronic check,84.53,732.08,No
CUST12366,Male,0,Yes,No,1,Yes,No,No,No internet service,No internet service,No internet service,No internet service,No internet service,No internet service,Two year,Yes,Mailed check,24.04,23.09,No
CUST12367,Female,0,No,Yes,72,Yes,No,DSL,No,Yes,No,No,No,Yes,One year,Yes,Electronic check,58.67,4019.89,No
CUST12368,Female,0,Yes,No,3,Yes,No,Fiber optic,Yes,No,No,Yes,No,Yes,Month-to-month,No,Credit card (automatic),79.06,234.46,Yes
CUST12369,Female,0,Yes,No,1,Yes,No,Fiber optic,No,Yes,No,No,Yes,No,Month-to-month,No,Bank transfer (automatic),82.24,79.18,Yes
CUST12370,Female,0,Yes,No,10,Yes,Yes,DSL,No,No,Yes,Yes,No,Yes,One year,No,Electronic check,46.27,462.23,No
CUST12371,Male,1,No,Yes,2,Yes,Yes,No,No internet service,No internet service,No internet service,No internet service,No internet service,No internet service,One year,No,Credit card (automatic),28.99,57.95,No
CUST12372,Female,0,Yes,No,72,Yes,No,DSL,No,No,Yes,No,Yes,Yes,One year,Yes,Mailed check,65.18,4662.62,No
CUST12373,Female,0,No,No,9,Yes,No,No,No internet service,No internet service,No internet service,No internet service,No internet service,No internet service,Month-to-month,Yes,Credit card (automatic),22.15,198.39,No
CUST12374,Female,0,No,No,34,Yes,No,Fiber optic,No,Yes,No,No,No,Yes,Month-to-month,No,Electronic check,79.82,2583.8,Yes
CUST12375,Male,0,No,Yes,3,Yes,No,Fiber optic,No,No,Yes,Yes,No,Yes,Month-to-month,No,Mailed check,84.51,249.56,No
CUST12376,Male,1,No,No,2,Yes,No,No,No internet service,No internet service,No internet service,No internet service,No internet service,No internet service,Two year,Yes,Electronic check,23.52,44.93,No
CUST12377,Male,0,Yes,No,20,Yes,Yes,No,No internet service,No internet service,No internet service,No internet service,No internet service,No internet service,Month-to-month,Yes,Bank transfer (automatic),22.75,442.17,No
CUST12378,Male,0,Yes,Yes,48,Yes,Yes,No,No internet service,No internet service,No internet service,No internet service,No internet service,No internet service,Month-to-month,No,Electronic check,18.0,840.86,No
CUST12379,Female,0,Yes,No,2,Yes,No,Fiber optic,No,Yes,Yes,No,No,No,One year,Yes,Bank transfer (automatic),74.58,142.02,No
CUST12380,Male,0,Yes,No,17,Yes,No,DSL,No,No,No,No,Yes,No,Month-to-month,No,Bank transfer (automatic),63.49,1046.32,Yes
CUST12381,Female,0,Yes,Yes,1,Yes,No,No,No internet service,No internet service,No internet service,No internet service,No internet service,No internet service,One year,Yes,Electronic check,20.12,19.4,No
CUST12382,Female,0,Yes,No,33,Yes,Yes,Fiber optic,No,No,No,No,No,No,Month-to-month,Yes,Electronic check,77.75,2513.21,No
CUST12383,Female,0,No,No,48,Yes,No,DSL,No,No,Yes,No,No,No,Month-to-month,Yes,Bank transfer (automatic),46.19,2155.89,No
CUST12384,Female,1,No,Yes,19,Yes,Yes,No,No internet service,No internet service,No internet service,No internet service,No internet service,No internet service,Two year,No,Mailed check,18.0,335.52,Yes
CUST12385,Male,0,Yes,No,23,Yes,Yes,Fiber optic,No,Yes,No,Yes,No,Yes,Month-to-month,No,Bank transfer (automatic),82.28,1798.02,No
CUST12386,Male,0,Yes,No,1,Yes,No,Fiber optic,Yes,No,Yes,No,No,Yes,Month-to-month,Yes,Mailed check,78.92,78.03,Yes
CUST12387,Male,0,Yes,Yes,1,Yes,No,Fiber optic,No,No,No,Yes,No,No,Month-to-month,Yes,Mailed check,73.61,71.81,Yes
CUST12388,Female,0,Yes,Yes,3,Yes,Yes,No,No internet service,No internet service,No internet service,No internet service,No internet service,No internet service,Two year,Yes,Electronic check,21.74,62.5,No
CUST12389,Female,0,Yes,No,6,Yes,No,Fiber optic,No,No,No,No,Yes,No,One year,No,Bank transfer (automatic),69.96,407.18,No
CUST12390,Female,0,No,No,28,Yes,No,DSL,Yes,No,No,No,No,No,Two year,No,Bank transfer (automatic),53.16,1439.48,No
CUST12391,Female,0,Yes,Yes,11,Yes,Yes,Fiber optic,Yes,No,No,Yes,Yes,No,Two year,Yes,Bank transfer (automatic),84.36,921.36,No
CUST12392,Female,0,Yes,Yes,1,Yes,No,No,No internet service,No internet service,No internet service,No internet service,No internet service,No internet service,Two year,Yes,Mailed check,26.1,25.88,No
CUST12393,Male,0,Yes,No,38,No,No phone service,Fiber optic,No,No,No,No,No,Yes,Month-to-month,Yes,Mailed check,68.13,2480.14,No
CUST12394,Female,0,No,No,72,Yes,No,No,No internet service,No internet service,No internet service,No internet service,No internet service,No internet service,Two year,No,Credit card (automatic),24.89,1778.38,No
CUST12395,Male,1,No,No,12,Yes,No,DSL,No,Yes,Yes,No,No,No,Month-to-month,Yes,Electronic check,58.39,686.98,No
CUST12396,Female,0,No,No,14,Yes,No,Fiber optic,No,No,No,No,No,No,Two year,Yes,Mailed check,68.74,926.27,No
CUST12397,Female,0,Yes,No,1,No,No phone service,DSL,No,No,Yes,No,Yes,No,One year,Yes,Electronic check,43.63,43.48,No
CUST12398,Male,0,Yes,No,9,No,No phone service,Fiber optic,Yes,No,No,No,No,Yes,One year,No,Bank transfer (automatic),82.15,716.11,No
CUST12399,Male,1,Yes,No,9,Yes,Yes,Fiber optic,Yes,No,Yes,Yes,Yes,Yes,Month-to-month,No,Credit card (automatic),96.65,860.85,No
CUST12400,Female,0,Yes,Yes,67,Yes,No,No,No internet service,No internet service,No internet service,No internet service,No internet service,No internet service,One year,Yes,Mailed check,18.0,1186.13,No
CUST12401,Female,0,No,No,21,Yes,No,DSL,No,No,Yes,Yes,No,No,Month-to-month,No,Bank transfer (automatic),50.96,1059.24,No
CUST12402,Female,0,Yes,No,30,Yes,No,DSL,Yes,Yes,No,No,No,No,Month-to-month,No,Mailed check,59.92,1716.2,No
CUST12403,Female,0,Yes,Yes,2,Yes,No,DSL,No,No,Yes,No,No,Yes,Two year,No,Bank transfer (automatic),46.29,88.92,No
CUST12404,Male,0,No,Yes,10,Yes,Yes,DSL,No,No,Yes,No,No,Yes,Month-to-month,Yes,Bank transfer (automatic),57.26,564.41,No
CUST12405,Female,0,Yes,No,4,Yes,No,DSL,No,Yes,No,Yes,No,No,Month-to-month,No,Bank transfer (automatic),60.2,230.53,No
CUST12406,Male,1,No,No,39,Yes,No,No,No internet service,No internet service,No internet service,No internet service,No internet service,No internet service,One year,Yes,Electronic check,27.71,1067.22,No
CUST12407,Female,0,Yes,No,3,Yes,No,Fiber optic,No,No,No,No,Yes,No,One year,Yes,Electronic check,76.65,221.98,No
CUST12408,Male,0,Yes,No,11,Yes,No,No,No internet service,No internet service,No internet service,No internet service,No internet service,No internet service,Two year,Yes,Bank transfer (automatic),18.0,194.07,No
CUST12409,Male,0,Yes,Yes,1,Yes,Yes,DSL,No,No,No,No,Yes,Yes,One year,Yes,Electronic check,55.46,53.7,No
CUST12410,Female,0,No,No,20,Yes,Yes,No,No internet service,No internet service,No internet service,No internet service,No internet service,No internet service,Month-to-month,No,Electronic check,21.65,424.34,No
CUST12411,Male,0,Yes,Yes,13,Yes,No,DSL,No,Yes,No,No,Yes,Yes,Month-to-month,Yes,Electronic check,53.32,680.0,No
CUST12412,Female,0,Yes,Yes,13,Yes,No,No,No internet service,No internet service,No internet service,No internet service,No internet service,No internet service,Month-to-month,Yes,Mailed check,25.61,323.51,No
CUST12413,Male,0,Yes,Yes,2,Yes,No,Fiber optic,No,No,Yes,No,No,No,Month-to-month,Yes,Electronic check,76.87,153.2,Yes
CUST12414,Female,0,No,No,14,Yes,No,Fiber optic,No,No,Yes,No,No,Yes,Two year,Yes,Credit card (automatic),80.55,1126.13,No
CUST12415,Male,0,No,Yes,16,Yes,No,Fiber optic,Yes,No,No,Yes,Yes,No,Month-to-month,No,Bank transfer (automatic),93.55,1489.75,No
CUST12416,Female,0,Yes,No,65,Yes,No,No,No internet service,No internet service,No internet service,No internet service,No internet service,No internet service,Month-to-month,Yes,Electronic check,19.24,1234.03,Yes
CUST12417,Female,0,Yes,Yes,0,Yes,Yes,Fiber optic,No,Yes,No,Yes,No,No,One year,Yes,Credit card (automatic),80.61,77.08,No
CUST12418,Male,0,No,No,51,No,No phone service,DSL,No,No,Yes,No,No,No,Month-to-month,No,Electronic check,53.93,2740.44,No
CUST12419,Male,1,No,No,13,Yes,Yes,Fiber optic,No,No,No,Yes,No,No,Month-to-month,No,Credit card (automatic),70.95,905.6,No
CUST12420,Male,0,No,No,4,Yes,No,No,No internet service,No internet service,No internet service,No internet service,No internet service,No internet service,One year,No,Mailed check,28.49,108.82,No
CUST12421,Male,0,Yes,No,21,Yes,Yes,No,No internet service,No internet service,No internet service,No internet service,No internet service,No internet service,Month-to-month,Yes,Mailed check,18.0,371.62,Yes
CUST12422,Female,0,Yes,No,14,Yes,No,Fiber optic,Yes,No,No,No,Yes,No,One year,No,Mailed check,78.99,1070.2,No
CUST12423,Male,0,No,No,5,Yes,No,DSL,Yes,Yes,Yes,Yes,Yes,Yes,Two year,Yes,Electronic check,78.0,388.14,No
CUST12424,Female,0,No,No,19,Yes,No,Fiber optic,No,No,No,No,Yes,Yes,Two year,Yes,Bank transfer (automatic),87.43,1637.45,No
CUST12425,Male,0,No,No,12,Yes,Yes,No,No internet service,No internet service,No internet service,No internet service,No internet service,No internet service,Month-to-month,Yes,Mailed check,27.26,320.78,Yes
CUST12426,Female,1,Yes,Yes,23,Yes,No,Fiber optic,No,No,No,No,Yes,Yes,Month-to-month,Yes,Electronic check,78.23,1729.86,No
CUST12427,Female,0,No,No,23,Yes,No,Fiber optic,Yes,No,No,No,No,Yes,One year,No,Electronic check,71.06,1622.1,No
CUST12428,Female,0,No,No,12,Yes,Yes,Fiber optic,No,No,No,No,No,No,Month-to-month,Yes,Bank transfer (automatic),78.7,940.73,No
CUST12429,Female,0,No,No,9,Yes,No,DSL,No,Yes,Yes,No,No,No,Month-to-month,No,Electronic check,51.05,450.97,No
CUST12430,Male,0,Yes,No,1,Yes,Yes,No,No internet service,No internet service,No internet service,No internet service,No internet service,No internet service,Month-to-month,Yes,Bank transfer (automatic),24.07,23.95,Yes
CUST12431,Male,0,No,No,13,Yes,No,No,No internet service,No internet service,No internet service,No internet service,No internet service,No internet service,One year,No,Electronic check,20.98,261.62,No
CUST12432,Female,0,No,No,5,Yes,No,DSL,No,No,Yes,Yes,No,No,Two year,Yes,Bank transfer (automatic),57.92,282.12,No
CUST12433,Male,1,No,Yes,1,Yes,No,No,No internet service,No internet service,No internet service,No internet service,No internet service,No internet service,Two year,No,Mailed check,18.0,17.22,No
CUST12434,Male,0,No,Yes,8,Yes,No,No,No internet service,No internet service,No internet service,No internet service,No internet service,No internet service,Two year,Yes,Electronic check,18.36,145.05,No
CUST12435,Female,0,No,No,1,Yes,No,DSL,No,Yes,No,No,Yes,Yes,Month-to-month,Yes,Bank transfer (automatic),60.75,59.01,Yes
CUST12436,Male,0,No,Yes,17,Yes,No,Fiber optic,No,No,No,No,Yes,No,One year,No,Bank transfer (automatic),80.97,1370.24,No
CUST12437,Male,0,Yes,Yes,14,Yes,Yes,DSL,No,No,No,No,Yes,Yes,Month-to-month,Yes,Bank transfer (automatic),63.65,887.5,No
CUST12438,Male,0,No,No,31,Yes,No,DSL,No,No,No,No,No,No,Two year,No,Credit card (automatic),39.0,1180.4,No
CUST12439,Female,0,No,No,6,No,No phone service,Fiber optic,No,No,No,No,No,Yes,Two year,Yes,Mailed check,73.29,419.98,No
CUST12440,Male,0,Yes,No,9,Yes,No,DSL,Yes,No,No,No,No,Yes,Two year,No,Credit card (automatic),44.77,389.83,No
CUST12441,Female,0,Yes,No,23,Yes,No,No,No internet service,No internet service,No internet service,No internet service,No internet service,No internet service,Two year,Yes,Electronic check,23.92,547.5,No
CUST12442,Male,1,Yes,No,72,Yes,No,No,No internet service,No internet service,No internet service,No internet service,No internet service,No internet service,Month-to-month,No,Credit card (automatic),18.0,1265.68,No
CUST12443,Male,0,No,Yes,46,Yes,No,DSL,No,Yes,No,Yes,No,Yes,One year,No,Mailed check,54.19,2383.92,No
CUST12444,Male,0,Yes,Yes,14,Yes,No,DSL,No,No,Yes,No,Yes,Yes,Two year,Yes,Mailed check,55.48,740.55,No
CUST12445,Female,0,No,Yes,22,Yes,Yes,DSL,No,No,No,Yes,No,No,One year,No,Credit card (automatic),55.28,1212.51,No
CUST12446,Female,0,No,Yes,15,Yes,Yes,No,No internet service,No internet service,No internet service,No internet service,No internet service,No internet service,Two year,Yes,Bank transfer (automatic),21.6,319.86,No
CUST12447,Male,0,No,No,11,Yes,Yes,Fiber optic,No,No,Yes,Yes,Yes,Yes,Two year,Yes,Mailed check,87.48,942.65,No
CUST12448,Female,0,Yes,No,18,Yes,No,Fiber optic,No,Yes,No,Yes,No,No,One year,Yes,Mailed check,83.03,1423.49,Yes
CUST12449,Male,0,Yes,No,9,Yes,Yes,Fiber optic,Yes,No,No,No,Yes,Yes,Month-to-month,Yes,Bank transfer (automatic),81.96,725.34,No
CUST12450,Female,0,Yes,No,6,Yes,Yes,DSL,No,Yes,Yes,No,No,Yes,Month-to-month,No,Electronic check,55.61,332.58,No
CUST12451,Female,0,Yes,No,24,Yes,No,DSL,No,No,No,No,No,No,Month-to-month,No,Electronic check,41.62,968.21,No
CUST12452,Male,0,No,No,41,Yes,No,DSL,No,No,No,No,No,No,Month-to-month,No,Electronic check,41.85,1696.3,No
CUST12453,Male,0,No,Yes,6,Yes,Yes,Fiber optic,No,No,No,No,No,Yes,Month-to-month,Yes,Mailed check,76.47,453.12,No
CUST12454,Male,0,Yes,No,24,Yes,Yes,Fiber optic,Yes,Yes,No,Yes,No,No,One year,Yes,Electronic check,81.79,1942.15,No
CUST12455,Male,0,No,No,11,Yes,No,DSL,No,No,No,No,No,No,Month-to-month,No,Credit card (automatic),43.96,469.04,No
CUST12456,Female,0,Yes,Yes,7,Yes,No,Fiber optic,Yes,Yes,No,No,No,No,Two year,No,Electronic check,77.68,534.1,No
CUST12457,Female,0,Yes,No,19,Yes,Yes,Fiber optic,No,Yes,No,Yes,Yes,No,Month-to-month,No,Bank transfer (automatic),82.98,1504.44,No
CUST12458,Female,0,No,No,56,Yes,No,DSL,No,No,No,Yes,No,Yes,Two year,Yes,Electronic check,56.66,3051.48,No
CUST12459,Male,0,Yes,Yes,8,Yes,No,DSL,No,No,No,Yes,No,No,Month-to-month,Yes,Bank transfer (automatic),56.52,436.82,No
CUST12460,Male,0,No,No,28,Yes,No,DSL,No,Yes,Yes,No,Yes,Yes,One year,No,Mailed check,67.73,1876.97,No
CUST12461,Female,0,No,Yes,7,Yes,No,DSL,No,Yes,No,No,No,No,One year,Yes,Mailed check,50.33,346.52,No
CUST12462,Male,0,No,No,32,Yes,No,Fiber optic,No,Yes,No,No,Yes,Yes,Two year,Yes,Mailed check,79.6,2473.96,No
CUST12463,Female,0,Yes,No,28,No,No phone service,DSL,No,No,No,No,No,No,Month-to-month,Yes,Electronic check,44.99,1221.96,No
CUST12464,Female,0,Yes,Yes,29,Yes,Yes,No,No internet service,No internet service,No internet service,No internet service,No internet service,No internet service,Month-to-month,Yes,Electronic check,20.05,565.41,No
CUST12465,Female,0,Yes,Yes,72,No,No phone service,DSL,Yes,Yes,Yes,No,Yes,Yes,Month-to-month,No,Mailed check,74.33,5228.83,No
CUST12466,Female,0,No,No,3,Yes,No,Fiber optic,Yes,No,No,No,No,No,Month-to-month,No,Bank transfer (automatic),73.53,215.62,No
CUST12467,Female,0,Yes,No,9,Yes,Yes,No,No internet service,No internet service,No internet service,No internet service,No internet service,No internet service,Month-to-month,Yes,Electronic check,21.98,192.79,No
CUST12468,Male,0,Yes,No,19,Yes,Yes,DSL,No,No,No,No,No,Yes,Month-to-month,Yes,Credit card (automatic),43.61,811.8,No
CUST12469,Male,0,No,No,17,Yes,Yes,Fiber optic,No,Yes,No,No,Yes,No,One year,Yes,Credit card (automatic),84.28,1377.63,No
CUST12470,Male,0,No,No,30,Yes,No,DSL,No,No,No,No,Yes,No,Two year,No,Electronic check,55.35,1625.48,No
CUST12471,Female,0,No,Yes,0,Yes,No,Fiber optic,No,No,Yes,No,Yes,No,Two year,No,Electronic check,80.87,80.79,No
CUST12472,Female,0,No,No,24,Yes,No,Fiber optic,Yes,No,No,No,Yes,Yes,Month-to-month,Yes,Electronic check,83.76,1947.05,No
CUST12473,Female,0,Yes,No,26,Yes,No,DSL,No,No,No,No,Yes,No,Month-to-month,Yes,Mailed check,40.93,1014.85,No
CUST12474,Female,1,Yes,No,1,Yes,No,DSL,No,No,Yes,No,No,No,Two year,No,Credit card (automatic),61.93,61.52,No
CUST12475,Male,0,Yes,Yes,15,Yes,No,No,No internet service,No internet service,No internet service,No internet service,No internet service,No internet service,Month-to-month,No,Bank transfer (automatic),21.38,315.89,Yes
CUST12476,Male,0,Yes,Yes,5,Yes,No,Fiber optic,No,No,No,Yes,No,No,Month-to-month,No,Credit card (automatic),73.51,365.78,No
CUST12477,Female,0,No,No,32,Yes,No,DSL,No,Yes,No,Yes,No,No,One year,No,Electronic check,56.18,1785.13,No
CUST12478,Female,0,Yes,Yes,1,Yes,No,Fiber optic,No,No,No,Yes,No,No,One year,Yes,Bank transfer (automatic),69.29,68.68,No
CUST12479,Female,0,No,No,3,Yes,Yes,DSL,No,No,Yes,No,Yes,No,Two year,Yes,Mailed check,55.57,158.46,No
CUST12480,Male,0,Yes,No,2,Yes,No,DSL,No,No,Yes,No,Yes,No,Two year,Yes,Bank transfer (automatic),54.82,108.71,No
CUST12481,Male,0,Yes,Yes,1,Yes,Yes,DSL,No,Yes,Yes,Yes,No,No,Two year,No,Bank transfer (automatic),53.31,51.24,No
CUST12482,Male,1,No,No,18,Yes,No,Fiber optic,Yes,No,Yes,No,Yes,Yes,Two year,Yes,Electronic check,89.43,1536.34,No
CUST12483,Female,0,Yes,No,40,No,No phone service,Fiber optic,Yes,No,Yes,No,No,No,Two year,Yes,Electronic check,73.39,2823.27,No
CUST12484,Female,0,No,Yes,14,Yes,No,No,No internet service,No internet service,No internet service,No internet service,No internet service,No internet service,Month-to-month,Yes,Electronic check,18.0,250.04,No
CUST12485,Male,0,No,No,4,Yes,No,DSL,Yes,No,No,No,No,Yes,Two year,Yes,Electronic check,49.18,195.12,No
CUST12486,Female,0,No,Yes,8,Yes,No,Fiber optic,No,Yes,Yes,No,Yes,No,Month-to-month,Yes,Bank transfer (automatic),86.37,670.23,No
CUST12487,Male,0,Yes,Yes,8,Yes,No,DSL,No,No,No,No,No,Yes,One year,No,Bank transfer (automatic),50.15,393.52,No
CUST12488,Female,0,No,Yes,12,Yes,No,Fiber optic,Yes,No,No,No,Yes,Yes,Month-to-month,No,Electronic check,81.33,960.05,No
CUST12489,Male,1,Yes,No,10,Yes,Yes,Fiber optic,No,Yes,No,Yes,Yes,Yes,Month-to-month,Yes,Credit card (automatic),92.07,903.85,Yes
CUST12490,Female,0,No,No,22,Yes,No,DSL,No,No,Yes,No,Yes,Yes,Month-to-month,Yes,Bank transfer (automatic),64.18,1382.91,No
CUST12491,Male,0,Yes,No,8,Yes,No,No,No internet service,No internet service,No internet service,No internet service,No internet service,No internet service,Month-to-month,Yes,Credit card (automatic),26.07,206.84,Yes
CUST12492,Male,1,Yes,Yes,21,Yes,No,DSL,No,No,Yes,No,Yes,No,Month-to-month,Yes,Bank transfer (automatic),55.02,1118.57,No
CUST12493,Male,0,No,No,15,No,No phone service,No,No internet service,No internet service,No internet service,No internet service,No internet service,No internet service,Month-to-month,No,Bank transfer (automatic),25.6,371.43,No
CUST12494,Male,0,Yes,No,0,Yes,No,No,No internet service,No internet service,No internet service,No internet service,No internet service,No internet service,Two year,No,Credit card (automatic),18.0,17.42,No
CUST12495,Male,0,No,No,50,Yes,No,Fiber optic,Yes,No,No,No,No,Yes,Two year,Yes,Credit card (automatic),87.31,4204.32,No
CUST12496,Male,0,Yes,Yes,3,Yes,Yes,No,No internet service,No internet service,No internet service,No internet service,No internet service,No internet service,Two year,Yes,Electronic check,20.24,60.47,No
CUST12497,Female,0,No,Yes,12,No,No phone service,DSL,No,Yes,No,No,No,No,Two year,No,Bank transfer (automatic),48.88,563.44,No
CUST12498,Female,0,No,No,58,Yes,Yes,Fiber optic,Yes,No,Yes,Yes,Yes,Yes,One year,No,Mailed check,93.37,5338.4,No
CUST12499,Female,0,Yes,Yes,5,Yes,No,No,No internet service,No internet service,No internet service,No internet service,No internet service,No internet service,Two year,No,Electronic check,18.0,88.6,No
CUST12500,Male,0,No,Yes,0,Yes,Yes,No,No internet service,No internet service,No internet service,No internet service,No internet service,No internet service,One year,No,Electronic check,21.44,21.17,No
CUST12501,Male,0,No,No,13,Yes,No,DSL,No,No,No,No,No,No,One year,No,Electronic check,50.69,647.7,No
CUST12502,Female,0,No,No,5,Yes,Yes,Fiber optic,No,Yes,Yes,No,Yes,No,Two year,Yes,Credit card (automatic),90.61,431.78,No
CUST12503,Male,1,Yes,No,17,Yes,No,DSL,No,No,No,No,No,Yes,Month-to-month,Yes,Electronic check,50.16,819.44,No
CUST12504,Male,0,No,Yes,33,Yes,No,Fiber optic,No,No,No,No,Yes,No,Month-to-month,No,Credit card (automatic),70.56,2323.43,No
CUST12505,Male,0,Yes,No,14,Yes,No,DSL,Yes,No,No,No,Yes,No,One year,No,Credit card (automatic),47.68,641.05,No
CUST12506,Male,0,Yes,No,20,Yes,No,DSL,No,Yes,No,Yes,Yes,No,Month-to-month,Yes,Mailed check,54.11,1046.17,No
CUST12507,Male,0,Yes,No,21,Yes,Yes,DSL,No,Yes,No,No,Yes,No,Month-to-month,No,Bank transfer (automatic),53.27,1116.07,No
CUST12508,Female,0,No,Yes,34,Yes,Yes,Fiber optic,Yes,No,Yes,Yes,No,Yes,Month-to-month,Yes,Mailed check,91.84,3111.16,No
CUST12509,Female,0,No,No,23,Yes,No,Fiber optic,No,No,No,No,No,No,Two year,No,Electronic check,70.45,1561.58,No
CUST12510,Female,0,Yes,No,72,Yes,No,Fiber optic,No,No,No,No,Yes,Yes,Two year,Yes,Bank transfer (automatic),81.15,5710.02,No
CUST12511,Female,0,No,No,12,Yes,No,Fiber optic,No,No,No,Yes,No,Yes,Month-to-month,Yes,Mailed check,76.56,881.6,No
CUST12512,Female,0,No,No,1,Yes,Yes,Fiber optic,No,No,No,No,Yes,No,Month-to-month,No,Credit card (automatic),76.0,74.33,Yes
CUST12513,Male,0,Yes,Yes,10,Yes,No,DSL,No,Yes,Yes,Yes,No,No,Month-to-month,Yes,Credit card (automatic),55.05,528.58,No
CUST12514,Male,0,No,Yes,36,Yes,No,Fiber optic,Yes,No,Yes,No,Yes,No,One year,Yes,Credit card (automatic),82.47,2913.97,No
CUST12515,Male,0,Yes,Yes,2,No,No phone service,DSL,No,Yes,No,No,No,No,Month-to-month,Yes,Bank transfer (automatic),49.69,94.96,Yes
CUST12516,Male,0,Yes,No,26,Yes,Yes,Fiber optic,Yes,No,No,No,Yes,No,Month-to-month,Yes,Mailed check,85.98,2164.25,No
CUST12517,Female,0,Yes,No,15,Yes,No,Fiber optic,No,No,No,No,No,No,Month-to-month,No,Mailed check,67.01,993.95,No
CUST12518,Female,1,No,No,46,Yes,Yes,DSL,Yes,No,Yes,No,Yes,Yes,Month-to-month,No,Mailed check,65.42,2933.81,No
CUST12519,Female,0,No,Yes,26,Yes,Yes,Fiber optic,No,No,No,No,No,No,Month-to-month,No,Bank transfer (automatic),62.97,1633.29,No
CUST12520,Male,0,Yes,No,21,Yes,Yes,Fiber optic,No,No,No,Yes,Yes,No,One year,Yes,Electronic check,81.2,1652.86,Yes
CUST12521,Female,0,Yes,Yes,43,Yes,Yes,Fiber optic,No,No,No,No,No,No,Month-to-month,No,Credit card (automatic),69.31,2965.5,No
CUST12522,Male,0,No,No,47,Yes,Yes,Fiber optic,No,No,No,No,No,No,One year,No,Electronic check,70.86,3294.18,No
CUST12523,Female,0,No,Yes,9,Yes,Yes,Fiber optic,Yes,Yes,No,No,Yes,No,Month-to-month,Yes,Bank transfer (automatic),86.61,769.99,No
CUST12524,Female,0,No,No,52,Yes,No,No,No internet service,No internet service,No internet service,No internet service,No internet service,No internet service,Month-to-month,No,Electronic check,22.53,1140.78,Yes
CUST12525,Male,0,No,No,1,Yes,No,Fiber optic,Yes,Yes,Yes,No,No,No,Month-to-month,No,Credit card (automatic),94.3,91.95,Yes
CUST12526,Male,0,No,No,28,Yes,No,DSL,Yes,Yes,Yes,No,No,No,One year,No,Bank transfer (automatic),64.35,1739.13,No
CUST12527,Female,1,No,No,8,Yes,Yes,No,No internet service,No internet service,No internet service,No internet service,No internet service,No internet service,One year,Yes,Bank transfer (automatic),32.01,254.93,No
CUST12528,Female,1,No,Yes,13,Yes,Yes,DSL,No,Yes,Yes,No,Yes,No,Two year,Yes,Bank transfer (automatic),51.81,647.32,No
CUST12529,Male,0,Yes,No,36,No,No phone service,DSL,No,No,No,Yes,Yes,No,Month-to-month,Yes,Electronic check,56.5,1973.2,No
CUST12530,Female,0,No,No,20,No,No phone service,Fiber optic,No,Yes,No,No,No,Yes,Month-to-month,No,Electronic check,78.75,1540.82,No
CUST12531,Female,0,Yes,No,12,Yes,No,No,No internet service,No internet service,No internet service,No internet service,No internet service,No internet service,Month-to-month,No,Mailed check,18.0,208.05,No
CUST12532,Male,1,Yes,Yes,3,Yes,Yes,DSL,Yes,No,No,No,No,Yes,Month-to-month,Yes,Electronic check,62.16,179.64,No
CUST12533,Female,0,Yes,No,56,Yes,No,DSL,Yes,No,No,Yes,No,No,Month-to-month,No,Electronic check,61.3,3324.52,No
CUST12534,Male,0,No,Yes,8,Yes,No,DSL,No,Yes,No,No,No,No,Month-to-month,Yes,Electronic check,56.62,448.39,No
CUST12535,Female,1,No,No,2,Yes,Yes,Fiber optic,Yes,No,No,Yes,No,No,Month-to-month,Yes,Mailed check,80.48,153.88,Yes
CUST12536,Male,0,No,Yes,16,Yes,Yes,No,No internet service,No internet service,No internet service,No internet service,No internet service,No internet service,One year,Yes,Electronic check,18.0,282.65,No
CUST12537,Female,0,Yes,No,10,Yes,No,No,No internet service,No internet service,No internet service,No internet service,No internet service,No internet service,One year,No,Bank transfer (automatic),23.84,238.06,No
CUST12538,Male,0,No,No,17,Yes,No,DSL,Yes,No,No,Yes,No,Yes,Month-to-month,No,Electronic check,60.13,1004.71,No
CUST12539,Female,1,Yes,Yes,5,Yes,Yes,DSL,No,No,No,No,Yes,No,Month-to-month,Yes,Credit card (automatic),56.08,272.7,Yes
CUST12540,Male,0,No,No,9,Yes,Yes,No,No internet service,No internet service,No internet service,No internet service,No internet service,No internet service,One year,No,Mailed check,26.56,233.86,No
CUST12541,Female,0,Yes,No,71,Yes,Yes,DSL,Yes,Yes,No,No,Yes,No,Month-to-month,Yes,Mailed check,56.83,3851.94,No
CUST12542,Female,0,No,Yes,55,Yes,No,DSL,Yes,No,Yes,No,Yes,No,Two year,No,Electronic check,60.61,3237.09,No
CUST12543,Female,0,No,Yes,39,Yes,Yes,DSL,No,No,No,No,Yes,No,Two year,Yes,Mailed check,46.23,1723.93,No
CUST12544,Female,0,No,No,30,Yes,Yes,DSL,No,No,No,No,No,Yes,Two year,Yes,Credit card (automatic),55.43,1604.79,No
CUST12545,Female,0,No,No,3,Yes,No,DSL,No,Yes,Yes,No,No,Yes,Month-to-month,Yes,Bank transfer (automatic),60.68,176.28,No
CUST12546,Female,1,No,No,12,Yes,No,DSL,No,Yes,Yes,No,No,No,One year,Yes,Credit card (automatic),49.2,585.3,No
CUST12547,Female,0,Yes,No,26,Yes,No,Fiber optic,No,No,No,No,No,Yes,One year,No,Credit card (automatic),69.62,1761.5,No
CUST12548,Female,1,No,No,6,Yes,No,Fiber optic,Yes,Yes,No,No,Yes,Yes,Month-to-month,Yes,Bank transfer (automatic),90.48,523.15,Yes
CUST12549,Female,0,Yes,Yes,0,Yes,Yes,Fiber optic,No,No,No,No,No,Yes,Two year,Yes,Electronic check,70.52,69.23,No
CUST12550,Male,0,Yes,No,10,Yes,Yes,No,No internet service,No internet service,No internet service,No internet service,No internet service,No internet service,Month-to-month,No,Electronic check,18.38,180.85,No
CUST12551,Male,0,Yes,No,11,No,No phone service,No,No internet service,No internet service,No internet service,No internet service,No internet service,No internet service,Two year,No,Bank transfer (automatic),18.0,191.73,No
CUST12552,Female,0,No,No,1,Yes,Yes,DSL,Yes,Yes,Yes,Yes,Yes,No,Month-to-month,Yes,Bank transfer (automatic),67.77,65.65,No
CUST12553,Male,0,Yes,No,7,Yes,Yes,Fiber optic,No,No,Yes,Yes,No,No,Month-to-month,Yes,Bank transfer (automatic),75.32,523.08,No
CUST12554,Female,0,Yes,No,49,No,No phone service,No,No internet service,No internet service,No internet service,No internet service,No internet service,No internet service,One year,No,Bank transfer (automatic),24.28,1159.29,No
CUST12555,Female,0,No,Yes,5,Yes,No,No,No internet service,No internet service,No internet service,No internet service,No internet service,No internet service,Month-to-month,No,Credit card (automatic),18.0,88.91,No
CUST12556,Male,0,No,No,16,Yes,No,DSL,No,No,No,Yes,No,No,Month-to-month,No,Mailed check,49.29,754.58,No
CUST12557,Female,1,Yes,No,13,Yes,No,Fiber optic,No,No,No,No,No,Yes,Month-to-month,Yes,Bank transfer (automatic),74.34,939.33,No
CUST12558,Female,0,No,No,39,Yes,No,Fiber optic,No,No,No,Yes,No,Yes,Month-to-month,No,Electronic check,83.36,3113.24,No
CUST12559,Male,0,Yes,Yes,21,Yes,Yes,Fiber optic,No,No,Yes,No,Yes,Yes,One year,Yes,Mailed check,93.55,1869.62,No
CUST12560,Male,0,No,No,3,Yes,Yes,DSL,No,No,Yes,No,No,No,Month-to-month,Yes,Electronic check,50.66,149.68,No
CUST12561,Female,0,No,No,3,Yes,No,DSL,Yes,Yes,Yes,No,Yes,No,Month-to-month,No,Credit card (automatic),58.15,167.82,No
CUST12562,Male,0,No,Yes,16,Yes,Yes,Fiber optic,No,Yes,Yes,No,No,No,Month-to-month,No,Electronic check,71.15,1114.29,No
CUST12563,Male,0,No,Yes,0,Yes,No,Fiber optic,No,No,Yes,No,No,Yes,Month-to-month,Yes,Electronic check,82.37,79.52,Yes
CUST12564,Female,0,Yes,No,10,Yes,No,DSL,Yes,No,Yes,No,No,Yes,One year,Yes,Electronic check,57.84,574.74,No
CUST12565,Male,1,Yes,Yes,10,Yes,Yes,No,No internet service,No internet service,No internet service,No internet service,No internet service,No internet service,Month-to-month,No,Bank transfer (automatic),19.18,189.5,No
CUST12566,Male,0,No,No,4,Yes,No,DSL,No,No,No,No,No,Yes,Two year,No,Electronic check,54.38,210.47,No
CUST12567,Female,0,Yes,No,7,Yes,No,DSL,No,No,No,No,No,Yes,Month-to-month,Yes,Electronic check,52.14,352.42,No
CUST12568,Male,0,No,No,8,Yes,Yes,No,No internet service,No internet service,No internet service,No internet service,No internet service,No internet service,Month-to-month,Yes,Bank transfer (automatic),20.72,159.01,Yes
CUST12569,Male,0,Yes,No,0,Yes,No,DSL,No,No,No,Yes,No,No,One year,Yes,Mailed check,41.85,40.51,No
CUST12570,Female,0,Yes,No,32,Yes,Yes,DSL,No,No,No,No,Yes,No,Month-to-month,Yes,Credit card (automatic),49.78,1550.87,No
CUST12571,Female,0,No,No,63,Yes,Yes,Fiber optic,No,Yes,Yes,No,No,No,Month-to-month,No,Credit card (automatic),79.55,4947.97,Yes
CUST12572,Female,1,Yes,No,6,Yes,No,DSL,Yes,Yes,No,No,No,No,Month-to-month,Yes,Mailed check,47.47,284.27,Yes
CUST12573,Male,0,Yes,No,2,Yes,No,DSL,No,No,Yes,Yes,No,Yes,Month-to-month,Yes,Electronic check,60.02,115.61,Yes
CUST12574,Female,0,Yes,No,61,Yes,Yes,DSL,No,Yes,Yes,Yes,No,No,Month-to-month,Yes,Mailed check,61.74,3727.6,No
CUST12575,Female,1,No,No,26,Yes,Yes,DSL,Yes,Yes,No,No,Yes,Yes,One year,No,Credit card (automatic),62.69,1574.52,No
CUST12576,Male,0,Yes,No,44,Yes,Yes,No,No internet service,No internet service,No internet service,No internet service,No internet service,No internet service,Month-to-month,Yes,Bank transfer (automatic),19.27,822.6,No
CUST12577,Female,0,Yes,No,8,Yes,Yes,No,No internet service,No internet service,No internet service,No internet service,No internet service,No internet service,Month-to-month,Yes,Credit card (automatic),18.0,140.75,No
CUST12578,Female,0,Yes,No,13,Yes,No,DSL,No,Yes,No,No,Yes,Yes,Two year,Yes,Mailed check,67.02,847.5,No
CUST12579,Female,0,Yes,No,53,Yes,No,DSL,No,No,Yes,No,No,No,Two year,Yes,Electronic check,46.25,2366.6,No
CUST12580,Female,0,Yes,No,12,Yes,No,DSL,No,Yes,No,No,No,Yes,Month-to-month,Yes,Credit card (automatic),51.72,590.5,No
CUST12581,Male,0,No,No,22,Yes,No,Fiber optic,No,No,No,No,Yes,Yes,Month-to-month,No,Electronic check,75.45,1643.29,No
CUST12582,Female,0,No,No,24,Yes,No,No,No internet service,No internet service,No internet service,No internet service,No internet service,No internet service,Month-to-month,Yes,Electronic check,22.49,525.79,No
CUST12583,Female,0,Yes,Yes,36,Yes,No,No,No internet service,No internet service,No internet service,No internet service,No internet service,No internet service,Month-to-month,Yes,Electronic check,19.38,669.34,No
CUST12584,Male,1,No,No,72,Yes,Yes,DSL,Yes,No,No,No,No,No,Month-to-month,Yes,Electronic check,38.84,2744.03,Yes
CUST12585,Female,0,No,No,8,Yes,No,DSL,No,Yes,No,No,No,Yes,Month-to-month,Yes,Mailed check,62.95,497.88,No
CUST12586,Male,0,Yes,Yes,5,Yes,No,DSL,Yes,Yes,No,Yes,No,No,Month-to-month,No,Credit card (automatic),51.76,254.75,No
CUST12587,Male,0,Yes,No,1,Yes,No,No,No internet service,No internet service,No internet service,No internet service,No internet service,No internet service,Month-to-month,Yes,Electronic check,18.0,17.6,Yes
CUST12588,Male,0,No,Yes,38,Yes,No,Fiber optic,Yes,No,No,No,Yes,Yes,Month-to-month,Yes,Bank transfer (automatic),85.59,3120.71,Yes
CUST12589,Female,0,No,No,6,Yes,No,Fiber optic,Yes,No,No,No,No,No,Month-to-month,No,Electronic check,75.87,438.47,No
CUST12590,Male,0,Yes,No,1,Yes,No,No,No internet service,No internet service,No internet service,No internet service,No internet service,No internet service,Month-to-month,Yes,Electronic check,18.0,17.19,Yes
CUST12591,Male,0,Yes,Yes,40,Yes,Yes,No,No internet service,No internet service,No internet service,No internet service,No internet service,No internet service,Month-to-month,Yes,Electronic check,18.0,692.01,No
CUST12592,Male,0,Yes,Yes,14,Yes,No,Fiber optic,No,No,No,Yes,No,No,One year,Yes,Mailed check,77.29,1038.14,No
CUST12593,Female,0,Yes,No,36,Yes,No,DSL,No,No,No,Yes,No,No,Two year,No,Credit card (automatic),53.19,1906.84,No
CUST12594,Female,0,No,Yes,16,Yes,Yes,DSL,No,No,No,No,No,Yes,Two year,Yes,Bank transfer (automatic),48.97,748.71,No
CUST12595,Female,0,No,Yes,7,Yes,Yes,DSL,No,No,No,No,No,Yes,Month-to-month,Yes,Credit card (automatic),45.58,318.16,No
CUST12596,Female,0,No,Yes,2,Yes,No,Fiber optic,Yes,No,Yes,No,No,Yes,Two year,Yes,Credit card (automatic),90.79,173.8,No
CUST12597,Female,0,Yes,Yes,11,Yes,No,Fiber optic,No,No,Yes,Yes,Yes,No,Month-to-month,No,Electronic check,84.85,913.8,Yes
CUST12598,Female,0,Yes,Yes,0,Yes,No,Fiber optic,No,No,No,No,No,No,Month-to-month,Yes,Mailed check,69.39,66.58,Yes
CUST12599,Female,0,Yes,No,18,No,No phone service,DSL,Yes,No,No,No,Yes,No,One year,Yes,Bank transfer (automatic),55.62,984.01,Yes
CUST12600,Male,0,No,No,11,Yes,Yes,No,No internet service,No internet service,No internet service,No internet service,No internet service,No internet service,One year,No,Credit card (automatic),23.14,252.38,No
CUST12601,Male,1,No,Yes,3,Yes,Yes,Fiber optic,No,Yes,Yes,No,No,Yes,Month-to-month,Yes,Bank transfer (automatic),85.61,245.18,Yes
CUST12602,Male,1,Yes,Yes,15,Yes,Yes,DSL,No,No,Yes,No,No,No,Month-to-month,Yes,Credit card (automatic),48.93,732.13,No
CUST12603,Male,1,Yes,No,32,No,No phone service,Fiber optic,No,Yes,Yes,No,Yes,No,Month-to-month,Yes,Mailed check,81.8,2506.92,Yes
CUST12604,Female,0,No,Yes,72,Yes,Yes,No,No internet service,No internet service,No internet service,No internet service,No internet service,No internet service,One year,Yes,Bank transfer (automatic),18.0,1261.0,No
CUST12605,Male,0,No,No,14,No,No phone service,Fiber optic,No,No,Yes,No,No,No,Two year,Yes,Mailed check,72.53,1012.14,No
CUST12606,Male,0,Yes,Yes,2,Yes,Yes,DSL,No,No,No,Yes,Yes,No,Month-to-month,No,Electronic check,53.5,106.36,Yes
CUST12607,Male,1,Yes,Yes,33,Yes,Yes,DSL,No,Yes,Yes,No,No,No,Two year,No,Electronic check,55.61,1753.1,No
CUST12608,Male,0,Yes,Yes,23,No,No phone service,DSL,No,Yes,Yes,Yes,Yes,No,Month-to-month,Yes,Credit card (automatic),72.57,1637.37,No
CUST12609,Female,0,No,Yes,61,No,No phone service,Fiber optic,No,No,Yes,No,Yes,Yes,Two year,Yes,Electronic check,77.81,4698.53,No
CUST12610,Female,0,No,No,15,Yes,Yes,Fiber optic,Yes,No,No,Yes,No,No,Two year,Yes,Credit card (automatic),88.91,1316.87,No
CUST12611,Female,0,No,Yes,8,Yes,Yes,Fiber optic,Yes,Yes,Yes,No,Yes,No,Month-to-month,Yes,Mailed check,89.46,688.73,No
CUST12612,Male,0,No,No,65,Yes,No,Fiber optic,No,No,No,No,No,Yes,Month-to-month,Yes,Mailed check,77.62,4879.41,No
CUST12613,Female,0,No,No,15,Yes,No,No,No internet service,No internet service,No internet service,No internet service,No internet service,No internet service,Month-to-month,No,Electronic check,23.29,336.25,Yes
CUST12614,Male,0,Yes,No,0,Yes,No,Fiber optic,No,Yes,No,No,Yes,No,Two year,No,Electronic check,80.4,79.0,No
CUST12615,Female,0,Yes,Yes,12,Yes,Yes,Fiber optic,Yes,Yes,Yes,No,No,No,Month-to-month,No,Bank transfer (automatic),88.32,1032.95,No
CUST12616,Female,0,Yes,Yes,0,Yes,Yes,Fiber optic,No,No,No,Yes,No,No,One year,Yes,Mailed check,73.29,73.03,No
CUST12617,Female,0,Yes,No,26,Yes,No,Fiber optic,No,Yes,Yes,No,Yes,Yes,Month-to-month,Yes,Electronic check,90.04,2259.09,Yes
CUST12618,Female,1,No,Yes,16,Yes,Yes,No,No internet service,No internet service,No internet service,No internet service,No internet service,No internet service,Two year,Yes,Electronic check,22.16,350.22,No
CUST12619,Female,0,No,No,2,Yes,Yes,Fiber optic,No,No,No,Yes,No,Yes,Month-to-month,Yes,Electronic check,70.06,133.86,Yes
CUST12620,Male,0,No,No,33,Yes,No,DSL,Yes,No,No,No,No,No,Month-to-month,Yes,Credit card (automatic),54.32,1731.95,No
CUST12621,Female,0,Yes,No,15,Yes,Yes,Fiber optic,No,Yes,No,No,No,No,Month-to-month,No,Bank transfer (automatic),83.46,1220.82,No
CUST12622,Male,0,Yes,Yes,2,Yes,No,No,No internet service,No internet service,No internet service,No internet service,No internet service,No internet service,Month-to-month,No,Electronic check,26.59,51.16,Yes
CUST12623,Male,0,Yes,No,3,Yes,Yes,No,No internet service,No internet service,No internet service,No internet service,No internet service,No internet service,Month-to-month,No,Bank transfer (automatic),24.38,72.31,Yes
CUST12624,Male,0,No,No,34,Yes,Yes,Fiber optic,No,Yes,No,No,Yes,No,One year,Yes,Mailed check,86.49,2903.27,No
CUST12625,Male,0,Yes,No,8,Yes,Yes,Fiber optic,No,No,No,No,Yes,No,Month-to-month,Yes,Bank transfer (automatic),74.93,595.26,No
CUST12626,Male,0,Yes,Yes,34,Yes,No,DSL,No,No,No,No,No,Yes,Month-to-month,No,Electronic check,55.69,1851.93,No
CUST12627,Female,0,Yes,No,1,Yes,No,Fiber optic,Yes,No,No,No,Yes,No,Month-to-month,Yes,Electronic check,83.42,81.09,Yes
CUST12628,Female,0,No,No,5,No,No phone service,Fiber optic,No,No,Yes,No,No,No,Month-to-month,No,Mailed check,71.24,340.76,Yes
CUST12629,Female,0,No,No,28,Yes,Yes,DSL,No,No,No,Yes,No,No,Month-to-month,Yes,Bank transfer (automatic),51.55,1425.63,No
CUST12630,Female,0,No,No,20,Yes,Yes,DSL,No,No,Yes,No,No,Yes,One year,No,Bank transfer (automatic),53.52,1048.13,No
CUST12631,Male,0,No,No,7,Yes,No,Fiber optic,No,Yes,Yes,No,No,No,Month-to-month,No,Mailed check,78.45,522.53,No
CUST12632,Female,0,No,Yes,54,Yes,Yes,Fiber optic,Yes,No,Yes,Yes,No,No,Month-to-month,Yes,Mailed check,81.59,4218.14,Yes
CUST12633,Female,0,Yes,No,4,Yes,No,Fiber optic,No,No,No,Yes,Yes,No,One year,Yes,Mailed check,80.46,309.45,No
CUST12634,Male,0,Yes,No,37,Yes,No,No,No internet service,No internet service,No internet service,No internet service,No internet service,No internet service,Month-to-month,Yes,Mailed check,24.13,882.88,No
CUST12635,Male,0,No,Yes,23,No,No phone service,Fiber optic,No,No,No,Yes,No,No,One year,Yes,Credit card (automatic),67.74,1554.07,No
CUST12636,Female,0,No,No,2,Yes,Yes,DSL,No,Yes,Yes,No,No,Yes,Month-to-month,Yes,Mailed check,57.16,113.4,Yes
CUST12637,Female,0,Yes,No,16,Yes,Yes,No,No internet service,No internet service,No internet service,No internet service,No internet service,No internet service,Month-to-month,Yes,Electronic check,18.0,284.55,No
CUST12638,Male,0,Yes,Yes,53,No,No phone service,Fiber optic,Yes,No,No,No,No,Yes,Two year,Yes,Electronic check,80.96,4146.53,No
CUST12639,Female,0,No,Yes,19,Yes,Yes,DSL,No,No,No,No,Yes,Yes,Month-to-month,No,Electronic check,61.36,1131.96,No
CUST12640,Female,1,Yes,No,15,Yes,Yes,Fiber optic,No,Yes,Yes,No,Yes,No,Month-to-month,Yes,Electronic check,87.47,1302.55,No
CUST12641,Female,0,No,No,9,Yes,No,DSL,No,No,No,No,No,Yes,One year,No,Mailed check,40.55,355.88,No
CUST12642,Female,0,Yes,No,31,Yes,No,Fiber optic,No,Yes,Yes,No,No,No,Month-to-month,No,Mailed check,82.98,2551.38,No
CUST12643,Male,0,Yes,Yes,48,Yes,Yes,Fiber optic,No,No,No,No,No,Yes,Month-to-month,Yes,Electronic check,74.53,3508.1,No
CUST12644,Male,0,Yes,Yes,27,Yes,Yes,No,No internet service,No internet service,No internet service,No internet service,No internet service,No internet service,Two year,Yes,Electronic check,22.98,603.72,No
CUST12645,Male,0,No,No,25,Yes,Yes,Fiber optic,No,No,No,No,Yes,No,One year,No,Credit card (automatic),69.58,1684.83,No
CUST12646,Female,0,No,No,4,No,No phone service,DSL,No,No,Yes,No,No,Yes,Month-to-month,No,Credit card (automatic),56.2,213.69,No
CUST12647,Female,0,Yes,Yes,35,Yes,No,DSL,No,No,No,No,No,Yes,One year,No,Credit card (automatic),52.24,1827.43,No
CUST12648,Female,0,No,No,0,Yes,No,Fiber optic,No,No,No,Yes,Yes,No,Month-to-month,No,Bank transfer (automatic),87.12,86.58,Yes
CUST12649,Female,0,Yes,No,28,Yes,No,DSL,Yes,No,No,Yes,Yes,No,Month-to-month,No,Mailed check,56.74,1510.68,No
CUST12650,Female,0,Yes,Yes,4,Yes,No,Fiber optic,No,Yes,No,No,Yes,Yes,Two year,No,Credit card (automatic),88.84,342.59,No
CUST12651,Male,0,No,Yes,13,Yes,Yes,Fiber optic,No,Yes,No,No,No,No,Month-to-month,No,Mailed check,70.26,881.57,No
CUST12652,Female,0,Yes,Yes,23,Yes,Yes,Fiber optic,No,No,Yes,Yes,Yes,No,Month-to-month,Yes,Electronic check,82.27,1829.25,No
CUST12653,Female,0,No,No,28,Yes,No,No,No internet service,No internet service,No internet service,No internet service,No internet service,No internet service,Month-to-month,No,Electronic check,26.3,710.33,No
CUST12654,Male,0,No,Yes,43,Yes,No,Fiber optic,Yes,No,No,No,No,No,Two year,Yes,Electronic check,85.14,3646.87,No
CUST12655,Female,0,No,No,6,Yes,No,Fiber optic,No,No,No,No,No,Yes,Month-to-month,No,Mailed check,83.65,494.1,No
CUST12656,Male,1,No,No,5,Yes,No,DSL,Yes,No,No,No,No,No,Month-to-month,Yes,Bank transfer (automatic),43.09,211.1,No
CUST12657,Male,0,No,No,72,Yes,No,No,No internet service,No internet service,No internet service,No internet service,No internet service,No internet service,Month-to-month,No,Electronic check,21.29,1489.35,No
CUST12658,Male,0,Yes,Yes,4,Yes,Yes,No,No internet service,No internet service,No internet service,No internet service,No internet service,No internet service,Month-to-month,Yes,Electronic check,18.0,70.89,No
CUST12659,Male,0,Yes,No,21,Yes,Yes,No,No internet service,No internet service,No internet service,No internet service,No internet service,No internet service,Month-to-month,No,Electronic check,28.66,590.41,No
CUST12660,Male,0,Yes,No,61,Yes,No,No,No internet service,No internet service,No internet service,No internet service,No internet service,No internet service,Two year,Yes,Electronic check,22.71,1328.25,No
CUST12661,Female,0,No,No,45,Yes,Yes,No,No internet service,No internet service,No internet service,No internet service,No internet service,No internet service,Month-to-month,Yes,Bank transfer (automatic),23.38,1015.28,No
CUST12662,Male,0,Yes,No,11,Yes,No,Fiber optic,No,No,Yes,No,Yes,No,Month-to-month,No,Electronic check,79.8,876.29,No
CUST12663,Male,0,Yes,No,20,No,No phone service,Fiber optic,No,No,No,No,No,No,Month-to-month,Yes,Mailed check,73.82,1475.42,No
CUST12664,Female,1,No,No,15,Yes,No,DSL,No,No,Yes,No,Yes,No,One year,No,Electronic check,51.89,741.16,No
CUST12665,Female,0,No,Yes,8,Yes,No,Fiber optic,No,Yes,No,No,Yes,Yes,Month-to-month,No,Credit card (automatic),85.81,662.73,Yes
CUST12666,Male,0,No,No,3,Yes,Yes,Fiber optic,No,No,Yes,No,Yes,No,Two year,Yes,Credit card (automatic),85.23,255.51,No
CUST12667,Female,1,No,No,32,Yes,No,No,No internet service,No internet service,No internet service,No internet service,No internet service,No internet service,Two year,No,Mailed check,18.0,547.68,No
CUST12668,Female,0,Yes,No,1,No,No phone service,Fiber optic,No,No,No,Yes,Yes,No,Month-to-month,Yes,Credit card (automatic),77.12,76.94,No
CUST12669,Male,0,No,Yes,18,Yes,Yes,No,No internet service,No internet service,No internet service,No internet service,No internet service,No internet service,Two year,Yes,Credit card (automatic),18.34,324.88,No
CUST12670,Male,0,Yes,Yes,18,Yes,No,Fiber optic,Yes,No,No,Yes,No,Yes,Month-to-month,No,Bank transfer (automatic),84.62,1494.82,No
CUST12671,Female,1,Yes,No,8,Yes,No,DSL,No,No,No,No,Yes,No,Month-to-month,Yes,Mailed check,46.46,368.41,No
CUST12672,Male,0,No,Yes,2,Yes,Yes,DSL,No,Yes,No,Yes,No,No,Two year,Yes,Electronic check,53.42,106.83,No
CUST12673,Male,0,No,No,32,Yes,Yes,No,No internet service,No internet service,No internet service,No internet service,No internet service,No internet service,One year,Yes,Mailed check,24.54,760.14,No
CUST12674,Female,0,No,No,12,Yes,No,Fiber optic,No,Yes,No,No,No,Yes,Two year,Yes,Credit card (automatic),76.14,908.32,No
CUST12675,Male,0,No,No,25,Yes,No,DSL,Yes,No,Yes,No,Yes,No,Month-to-month,No,Mailed check,69.32,1689.25,No
CUST12676,Male,0,No,Yes,0,Yes,No,Fiber optic,Yes,No,Yes,Yes,No,Yes,Two year,Yes,Mailed check,93.1,91.84,No
CUST12677,Male,0,Yes,Yes,1,Yes,Yes,DSL,No,Yes,No,No,No,Yes,Two year,Yes,Mailed check,57.92,57.41,No
CUST12678,Male,0,No,No,3,Yes,No,No,No internet service,No internet service,No internet service,No internet service,No internet service,No internet service,Month-to-month,No,Bank transfer (automatic),19.23,55.63,Yes
CUST12679,Male,1,No,No,2,No,No phone service,DSL,Yes,No,No,Yes,Yes,No,Two year,No,Mailed check,62.13,119.16,No
CUST12680,Female,0,No,No,4,Yes,No,Fiber optic,No,Yes,Yes,Yes,Yes,No,Two year,No,Mailed check,100.81,383.18,No
CUST12681,Female,1,Yes,No,23,Yes,No,Fiber optic,No,Yes,No,No,No,Yes,Month-to-month,No,Electronic check,77.87,1729.41,No
CUST12682,Male,0,Yes,No,0,Yes,Yes,No,No internet service,No internet service,No internet service,No internet service,No internet service,No internet service,One year,Yes,Bank transfer (automatic),18.0,17.42,No
CUST12683,Female,0,No,Yes,0,Yes,Yes,No,No internet service,No internet service,No internet service,No internet service,No internet service,No internet service,Two year,Yes,Mailed check,20.01,19.41,No
CUST12684,Male,0,Yes,No,0,Yes,No,DSL,No,Yes,Yes,No,No,Yes,Two year,Yes,Bank transfer (automatic),56.0,55.71,No
CUST12685,Male,0,No,Yes,23,Yes,No,No,No internet service,No internet service,No internet service,No internet service,No internet service,No internet service,Month-to-month,No,Bank transfer (automatic),21.5,473.63,No
CUST12686,Male,1,Yes,Yes,15,Yes,Yes,Fiber optic,Yes,No,No,No,No,No,One year,Yes,Electronic check,72.43,1074.68,No
CUST12687,Male,0,Yes,No,9,Yes,No,DSL,Yes,No,No,No,No,Yes,Two year,Yes,Bank transfer (automatic),57.08,490.3,No
CUST12688,Male,0,No,No,22,Yes,Yes,Fiber optic,Yes,Yes,Yes,No,Yes,No,Month-to-month,No,Bank transfer (automatic),84.11,1782.81,No
CUST12689,Female,0,Yes,No,16,Yes,No,No,No internet service,No internet service,No internet service,No internet service,No internet service,No internet service,Two year,Yes,Bank transfer (automatic),18.87,291.23,No
CUST12690,Female,0,No,No,0,Yes,Yes,Fiber optic,No,Yes,No,No,Yes,Yes,Month-to-month,No,Mailed check,80.0,77.05,Yes
CUST12691,Male,0,Yes,Yes,36,Yes,No,No,No internet service,No internet service,No internet service,No internet service,No internet service,No internet service,Month-to-month,Yes,Bank transfer (automatic),18.0,647.24,No
CUST12692,Female,0,Yes,No,8,Yes,Yes,Fiber optic,No,Yes,No,Yes,Yes,No,Month-to-month,Yes,Mailed check,83.29,660.81,Yes
CUST12693,Male,0,Yes,No,10,Yes,Yes,Fiber optic,No,Yes,No,No,Yes,Yes,One year,No,Electronic check,86.68,830.05,No
CUST12694,Female,0,No,Yes,30,Yes,Yes,DSL,No,No,Yes,No,No,No,Month-to-month,Yes,Bank transfer (automatic),46.14,1380.46,Yes
CUST12695,Male,0,Yes,No,4,Yes,No,No,No internet service,No internet service,No internet service,No internet service,No internet service,No internet service,Month-to-month,Yes,Electronic check,19.99,77.44,No
CUST12696,Female,0,No,No,0,Yes,Yes,Fiber optic,No,Yes,Yes,No,No,No,Month-to-month,Yes,Electronic check,86.48,84.65,Yes
CUST12697,Male,0,No,No,47,No,No phone service,Fiber optic,No,No,No,No,No,Yes,Month-to-month,Yes,Electronic check,73.1,3275.27,Yes
CUST12698,Male,0,No,No,14,Yes,No,Fiber optic,No,Yes,Yes,No,No,No,Month-to-month,Yes,Credit card (automatic),71.5,985.37,No
CUST12699,Female,0,No,No,8,Yes,Yes,Fiber optic,No,No,No,No,No,No,One year,No,Electronic check,70.58,536.85,Yes
CUST12700,Female,0,Yes,No,34,Yes,Yes,Fiber optic,No,No,No,Yes,Yes,No,One year,No,Mailed check,86.41,2883.19,Yes
CUST12701,Male,0,Yes,No,0,No,No phone service,Fiber optic,No,No,No,Yes,Yes,Yes,Month-to-month,Yes,Mailed check,74.4,72.88,Yes
CUST12702,Female,0,No,No,4,Yes,No,Fiber optic,No,No,No,No,No,No,Month-to-month,No,Electronic check,63.31,248.55,Yes
CUST12703,Male,0,Yes,No,3,Yes,Yes,DSL,No,Yes,No,Yes,No,No,One year,Yes,Electronic check,55.18,157.75,No
CUST12704,Female,0,No,No,26,Yes,Yes,Fiber optic,Yes,Yes,No,Yes,Yes,No,Month-to-month,No,Electronic check,91.04,2363.6,No
CUST12705,Female,0,No,Yes,7,Yes,Yes,Fiber optic,Yes,No,No,Yes,No,No,Two year,Yes,Electronic check,80.43,550.32,No
CUST12706,Male,0,Yes,No,29,Yes,No,Fiber optic,No,Yes,No,No,Yes,Yes,Month-to-month,Yes,Electronic check,93.46,2669.72,No
CUST12707,Female,0,No,No,0,No,No phone service,Fiber optic,No,Yes,No,No,No,No,Month-to-month,Yes,Bank transfer (automatic),77.64,75.78,Yes
CUST12708,Female,0,No,Yes,18,Yes,No,DSL,No,No,No,Yes,Yes,No,Month-to-month,Yes,Electronic check,57.69,1026.03,No
CUST12709,Male,0,Yes,No,7,Yes,No,DSL,No,No,No,No,No,No,Month-to-month,No,Credit card (automatic),42.45,285.15,No
CUST12710,Female,0,No,Yes,4,Yes,No,Fiber optic,No,No,No,No,Yes,No,Month-to-month,Yes,Mailed check,72.98,286.95,No
CUST12711,Male,0,Yes,Yes,33,Yes,No,Fiber optic,Yes,No,Yes,No,No,No,Month-to-month,No,Electronic check,83.93,2718.9,No
CUST12712,Male,0,No,No,10,Yes,Yes,DSL,No,No,No,Yes,No,No,Month-to-month,Yes,Electronic check,40.34,396.6,No
CUST12713,Male,0,No,No,16,Yes,Yes,Fiber optic,Yes,No,Yes,No,Yes,Yes,Month-to-month,Yes,Bank transfer (automatic),91.41,1437.34,No
CUST12714,Male,0,No,No,0,Yes,No,DSL,No,No,No,Yes,No,No,Month-to-month,No,Electronic check,44.52,42.37,Yes
CUST12715,Male,0,No,Yes,31,Yes,Yes,DSL,No,Yes,No,No,No,No,Two year,Yes,Electronic check,53.41,1623.54,No
CUST12716,Female,0,No,No,6,Yes,No,DSL,Yes,No,No,No,Yes,No,One year,Yes,Credit card (automatic),61.76,367.75,No
CUST12717,Male,0,No,Yes,23,Yes,Yes,DSL,Yes,No,No,No,No,Yes,One year,No,Mailed check,48.5,1091.8,No
CUST12718,Male,0,No,No,28,Yes,No,DSL,No,No,Yes,Yes,No,Yes,One year,No,Credit card (automatic),62.7,1749.29,No
CUST12719,Female,0,No,No,2,Yes,No,Fiber optic,Yes,No,Yes,No,No,No,Month-to-month,Yes,Credit card (automatic),85.08,161.93,Yes
CUST12720,Female,1,No,No,7,Yes,No,Fiber optic,No,Yes,Yes,No,No,No,One year,No,Mailed check,80.16,546.65,No
CUST12721,Female,0,No,Yes,25,Yes,No,Fiber optic,No,No,Yes,No,Yes,No,Month-to-month,Yes,Electronic check,81.06,1958.01,Yes
CUST12722,Male,0,No,No,5,Yes,No,Fiber optic,Yes,Yes,No,No,No,Yes,Month-to-month,Yes,Mailed check,95.28,458.4,No
CUST12723,Male,0,No,No,37,No,No phone service,Fiber optic,No,No,Yes,No,No,No,Month-to-month,Yes,Credit card (automatic),80.32,2871.64,No
CUST12724,Male,0,No,Yes,7,Yes,No,Fiber optic,No,No,No,Yes,Yes,No,Two year,Yes,Credit card (automatic),87.58,583.67,No
CUST12725,Female,0,Yes,Yes,10,Yes,No,Fiber optic,No,No,No,No,No,No,One year,Yes,Mailed check,70.92,676.84,No
CUST12726,Male,0,No,No,2,Yes,No,No,No internet service,No internet service,No internet service,No internet service,No internet service,No internet service,Month-to-month,Yes,Credit card (automatic),23.96,47.22,Yes
CUST12727,Female,0,No,No,3,Yes,No,No,No internet service,No internet service,No internet service,No internet service,No internet service,No internet service,Month-to-month,No,Mailed check,19.95,57.1,No
CUST12728,Male,0,No,No,6,Yes,No,No,No internet service,No internet service,No internet service,No internet service,No internet service,No internet service,Month-to-month,Yes,Electronic check,20.89,124.69,No
CUST12729,Female,0,Yes,Yes,1,Yes,Yes,Fiber optic,No,No,Yes,Yes,No,No,Month-to-month,No,Electronic check,74.33,73.15,Yes
CUST12730,Male,0,No,No,4,Yes,Yes,No,No internet service,No internet service,No internet service,No internet service,No internet service,No internet service,Two year,Yes,Mailed check,18.0,70.72,No
CUST12731,Male,1,Yes,No,10,Yes,Yes,DSL,No,No,Yes,Yes,Yes,Yes,Month-to-month,Yes,Mailed check,65.22,638.67,Yes
CUST12732,Male,0,Yes,No,9,No,No phone service,Fiber optic,Yes,Yes,No,No,No,No,Month-to-month,Yes,Credit card (automatic),80.02,717.07,No
CUST12733,Female,0,No,No,4,Yes,No,Fiber optic,No,Yes,No,No,Yes,No,Month-to-month,No,Bank transfer (automatic),79.73,308.66,Yes
CUST12734,Female,0,No,No,1,Yes,Yes,DSL,No,No,No,No,No,Yes,Month-to-month,No,Electronic check,47.84,46.04,Yes
CUST12735,Male,0,Yes,No,7,Yes,Yes,DSL,Yes,No,Yes,No,Yes,Yes,Month-to-month,Yes,Electronic check,60.31,415.05,Yes
CUST12736,Male,1,No,No,27,Yes,No,Fiber optic,No,Yes,Yes,Yes,Yes,Yes,Two year,Yes,Bank transfer (automatic),89.0,2341.23,No
CUST12737,Male,0,Yes,No,14,Yes,No,DSL,No,No,No,No,Yes,No,Two year,Yes,Mailed check,43.52,606.31,No
CUST12738,Female,0,Yes,Yes,58,No,No phone service,DSL,Yes,No,No,No,No,No,Two year,No,Electronic check,52.59,2907.38,No
CUST12739,Male,0,Yes,No,3,Yes,Yes,DSL,No,Yes,No,No,No,No,One year,No,Electronic check,63.45,186.91,No
CUST12740,Male,0,No,Yes,4,Yes,No,Fiber optic,No,Yes,Yes,No,No,No,One year,Yes,Electronic check,88.28,350.41,No
CUST12741,Male,0,Yes,No,6,Yes,No,DSL,No,No,No,Yes,No,Yes,Two year,Yes,Credit card (automatic),41.62,240.13,No
CUST12742,Male,0,Yes,No,0,Yes,No,Fiber optic,Yes,Yes,No,No,No,No,Two year,Yes,Electronic check,72.63,71.99,No
CUST12743,Female,0,No,No,57,Yes,No,No,No internet service,No internet service,No internet service,No internet service,No internet service,No internet service,Two year,Yes,Mailed check,22.92,1278.51,No
CUST12744,Female,0,Yes,Yes,11,Yes,No,Fiber optic,No,Yes,Yes,No,No,No,Two year,No,Electronic check,81.09,888.62,No
CUST12745,Male,0,No,Yes,13,No,No phone service,DSL,Yes,No,Yes,No,No,Yes,One year,Yes,Credit card (automatic),66.6,842.07,No
CUST12746,Male,1,No,Yes,3,No,No phone service,DSL,Yes,No,No,No,No,No,Month-to-month,No,Mailed check,46.26,133.66,No
CUST12747,Female,0,No,Yes,41,Yes,No,Fiber optic,No,No,No,No,No,No,Month-to-month,Yes,Credit card (automatic),67.31,2724.46,No
CUST12748,Female,0,Yes,No,23,Yes,Yes,No,No internet service,No internet service,No internet service,No internet service,No internet service,No internet service,One year,Yes,Electronic check,20.77,461.78,No
CUST12749,Male,0,No,No,11,Yes,No,DSL,Yes,No,Yes,No,Yes,No,Month-to-month,Yes,Mailed check,67.88,717.56,No
CUST12750,Female,0,No,Yes,42,Yes,No,Fiber optic,No,No,No,No,No,No,Two year,Yes,Bank transfer (automatic),72.05,2982.6,No
CUST12751,Female,0,Yes,Yes,47,Yes,No,Fiber optic,Yes,Yes,No,No,No,No,Two year,Yes,Credit card (automatic),78.09,3638.33,No
CUST12752,Male,0,Yes,No,1,Yes,No,No,No internet service,No internet service,No internet service,No internet service,No internet service,No internet service,One year,No,Electronic check,18.0,17.95,No
CUST12753,Female,0,No,No,2,No,No phone service,Fiber optic,Yes,No,No,No,Yes,No,Month-to-month,Yes,Mailed check,86.04,166.06,Yes
CUST12754,Female,1,Yes,No,0,Yes,Yes,Fiber optic,Yes,No,No,Yes,No,No,Month-to-month,Yes,Credit card (automatic),75.46,73.46,Yes
CUST12755,Male,0,No,Yes,17,Yes,Yes,Fiber optic,No,No,No,No,Yes,No,Month-to-month,No,Electronic check,71.39,1164.11,No
CUST12756,Male,0,No,No,4,Yes,No,DSL,Yes,No,Yes,No,No,No,Month-to-month,No,Credit card (automatic),54.47,217.22,Yes
CUST12757,Female,1,Yes,No,37,Yes,Yes,DSL,Yes,Yes,No,No,No,No,One year,Yes,Bank transfer (automatic),57.55,2110.47,No
CUST12758,Male,1,Yes,Yes,12,No,No phone service,DSL,No,Yes,No,Yes,Yes,Yes,Month-to-month,Yes,Mailed check,63.66,747.32,No
CUST12759,Female,0,No,Yes,36,No,No phone service,Fiber optic,Yes,No,Yes,No,No,No,Month-to-month,Yes,Electronic check,76.57,2744.99,No
CUST12760,Male,0,Yes,No,16,Yes,Yes,Fiber optic,No,No,No,No,Yes,No,Month-to-month,Yes,Mailed check,68.38,1084.24,No
CUST12761,Female,0,No,No,31,Yes,No,DSL,No,No,Yes,No,No,Yes,Two year,Yes,Bank transfer (automatic),51.15,1508.82,No
CUST12762,Male,1,Yes,Yes,9,Yes,No,DSL,No,No,No,No,Yes,No,Month-to-month,No,Bank transfer (automatic),53.85,479.29,Yes
CUST12763,Female,1,No,No,58,Yes,No,DSL,No,No,Yes,Yes,No,No,Two year,No,Electronic check,50.18,2782.62,No
CUST12764,Female,0,No,Yes,22,Yes,No,DSL,No,Yes,Yes,No,No,No,Month-to-month,No,Bank transfer (automatic),59.88,1273.31,No
CUST12765,Female,0,Yes,No,18,Yes,Yes,DSL,No,Yes,No,No,No,No,Month-to-month,Yes,Credit card (automatic),57.43,988.18,No
CUST12766,Male,0,Yes,No,8,Yes,Yes,DSL,No,No,No,No,No,No,One year,Yes,Mailed check,37.77,288.02,No
CUST12767,Male,0,No,No,55,Yes,No,DSL,No,No,No,No,No,No,Two year,Yes,Electronic check,52.17,2812.81,No
CUST12768,Female,0,No,No,8,No,No phone service,Fiber optic,No,Yes,No,No,Yes,No,Month-to-month,Yes,Bank transfer (automatic),75.19,600.09,No
CUST12769,Female,1,Yes,No,36,No,No phone service,Fiber optic,No,No,No,No,No,No,One year,No,Electronic check,61.93,2126.02,No
CUST12770,Male,0,No,Yes,10,No,No phone service,DSL,No,No,Yes,No,No,No,Two year,No,Credit card (automatic),47.67,470.72,No
CUST12771,Male,0,Yes,No,29,Yes,No,DSL,Yes,Yes,No,No,No,No,Two year,Yes,Mailed check,53.8,1503.98,No
CUST12772,Male,0,No,No,48,Yes,No,No,No internet service,No internet service,No internet service,No internet service,No internet service,No internet service,Month-to-month,No,Bank transfer (automatic),18.0,824.7,No
CUST12773,Male,0,No,No,12,Yes,Yes,DSL,Yes,No,No,No,No,No,One year,Yes,Mailed check,45.91,548.78,No
CUST12774,Male,0,Yes,No,14,Yes,Yes,DSL,Yes,No,No,No,No,Yes,Two year,Yes,Mailed check,57.52,767.2,No
CUST12775,Male,0,Yes,No,8,Yes,No,DSL,No,No,No,Yes,Yes,No,One year,Yes,Bank transfer (automatic),54.13,413.68,No
CUST12776,Female,0,Yes,No,1,Yes,Yes,Fiber optic,No,No,No,No,No,Yes,Two year,Yes,Credit card (automatic),75.25,72.34,No
CUST12777,Male,0,No,Yes,21,No,No phone service,DSL,No,No,No,No,No,Yes,Month-to-month,No,Bank transfer (automatic),57.02,1193.27,No
CUST12778,Female,0,Yes,No,2,No,No phone service,No,No internet service,No internet service,No internet service,No internet service,No internet service,No internet service,Month-to-month,No,Credit card (automatic),18.0,34.75,Yes
CUST12779,Male,0,Yes,No,8,Yes,No,DSL,No,No,No,No,No,Yes,One year,No,Credit card (automatic),52.46,399.31,No
CUST12780,Male,0,No,No,8,Yes,No,DSL,No,No,Yes,No,No,No,Month-to-month,Yes,Bank transfer (automatic),56.95,437.09,No
CUST12781,Female,0,Yes,No,3,Yes,No,Fiber optic,No,No,No,Yes,No,Yes,Two year,No,Electronic check,80.94,236.08,No
CUST12782,Female,0,No,No,21,Yes,No,DSL,No,No,No,No,No,No,Two year,Yes,Electronic check,47.21,985.59,No
CUST12783,Male,0,Yes,No,3,Yes,No,Fiber optic,Yes,No,No,Yes,No,No,Two year,Yes,Credit card (automatic),77.3,223.32,No
CUST12784,Female,0,Yes,No,30,Yes,Yes,Fiber optic,Yes,No,No,No,No,No,Two year,Yes,Electronic check,68.06,1991.84,No
CUST12785,Female,0,Yes,No,5,No,No phone service,DSL,No,Yes,No,No,No,Yes,Month-to-month,Yes,Mailed check,53.75,259.37,No
CUST12786,Female,1,No,No,6,No,No phone service,No,No internet service,No internet service,No internet service,No internet service,No internet service,No internet service,Two year,Yes,Bank transfer (automatic),22.27,130.78,No
CUST12787,Female,0,No,No,8,Yes,Yes,Fiber optic,No,Yes,No,No,Yes,Yes,Month-to-month,No,Credit card (automatic),82.6,630.68,No
CUST12788,Male,0,No,Yes,3,Yes,Yes,DSL,Yes,No,Yes,No,No,Yes,Month-to-month,Yes,Mailed check,64.09,187.46,Yes
CUST12789,Female,0,Yes,No,11,Yes,Yes,Fiber optic,Yes,No,No,No,Yes,No,One year,Yes,Credit card (automatic),80.37,843.01,No
CUST12790,Male,0,Yes,No,1,Yes,No,DSL,No,Yes,No,No,Yes,Yes,Month-to-month,No,Mailed check,57.26,57.2,Yes
CUST12791,Male,0,No,No,11,Yes,Yes,Fiber optic,No,No,Yes,Yes,No,No,Two year,No,Electronic check,83.42,913.85,No
CUST12792,Male,1,Yes,No,8,Yes,No,Fiber optic,No,No,No,No,Yes,No,Month-to-month,Yes,Mailed check,80.37,631.6,No
CUST12793,Male,0,Yes,Yes,8,Yes,Yes,No,No internet service,No internet service,No internet service,No internet service,No internet service,No internet service,Two year,No,Mailed check,18.0,143.42,No
CUST12794,Female,0,Yes,No,21,Yes,Yes,Fiber optic,No,No,No,No,No,Yes,Month-to-month,No,Mailed check,76.74,1578.35,No
CUST12795,Female,0,No,No,29,Yes,No,No,No internet service,No internet service,No internet service,No internet service,No internet service,No internet service,Two year,Yes,Credit card (automatic),18.0,503.9,No
CUST12796,Male,1,No,No,8,Yes,Yes,DSL,No,Yes,Yes,No,Yes,Yes,One year,No,Bank transfer (automatic),56.29,431.09,No
CUST12797,Male,0,Yes,Yes,6,Yes,No,DSL,Yes,No,No,No,Yes,No,One year,No,Electronic check,50.64,303.74,No
CUST12798,Male,0,Yes,No,13,Yes,No,No,No internet service,No internet service,No internet service,No internet service,No internet service,No internet service,Month-to-month,No,Mailed check,20.75,259.57,No
CUST12799,Male,0,No,No,30,Yes,No,DSL,No,Yes,No,No,No,No,Two year,Yes,Mailed check,52.82,1574.04,No
CUST12800,Female,0,No,No,20,Yes,No,No,No internet service,No internet service,No internet service,No internet service,No internet service,No internet service,Month-to-month,Yes,Credit card (automatic),19.64,381.64,No
CUST12801,Male,1,Yes,No,0,Yes,No,DSL,No,No,Yes,Yes,No,Yes,One year,Yes,Mailed check,53.98,52.16,No
CUST12802,Female,0,No,No,13,Yes,No,DSL,No,No,No,No,No,Yes,One year,Yes,Mailed check,54.06,676.37,No
CUST12803,Male,0,Yes,No,72,Yes,No,Fiber optic,Yes,No,Yes,No,Yes,Yes,Month-to-month,Yes,Electronic check,93.13,6659.26,No
CUST12804,Male,1,Yes,No,8,Yes,No,Fiber optic,No,No,No,Yes,No,No,Month-to-month,No,Bank transfer (automatic),71.41,566.74,No
CUST12805,Male,1,Yes,Yes,11,Yes,No,No,No internet service,No internet service,No internet service,No internet service,No internet service,No internet service,Month-to-month,No,Bank transfer (automatic),22.47,245.59,No
CUST12806,Male,0,Yes,Yes,6,Yes,No,No,No internet service,No internet service,No internet service,No internet service,No internet service,No internet service,Two year,No,Electronic check,19.97,118.23,No
CUST12807,Female,1,Yes,No,13,Yes,Yes,Fiber optic,No,No,No,Yes,No,Yes,Month-to-month,No,Bank transfer (automatic),84.03,1041.22,No
CUST12808,Female,0,No,No,3,Yes,Yes,Fiber optic,No,Yes,No,No,Yes,No,Two year,Yes,Electronic check,74.55,216.42,No
CUST12809,Female,0,Yes,No,5,Yes,No,Fiber optic,No,Yes,Yes,No,No,No,One year,Yes,Bank transfer (automatic),84.89,420.52,No
CUST12810,Male,1,Yes,No,24,Yes,Yes,Fiber optic,No,No,Yes,No,No,Yes,Two year,Yes,Mailed check,82.23,1970.86,No
CUST12811,Male,0,Yes,No,2,Yes,Yes,No,No internet service,No internet service,No internet service,No internet service,No internet service,No internet service,Month-to-month,Yes,Electronic check,31.1,61.77,Yes
CUST12812,Female,0,No,No,52,Yes,Yes,Fiber optic,No,No,No,No,Yes,Yes,Month-to-month,Yes,Bank transfer (automatic),80.26,4104.38,No
CUST12813,Female,0,No,No,7,Yes,No,DSL,No,No,Yes,Yes,Yes,Yes,Two year,No,Electronic check,64.8,449.6,No
CUST12814,Male,0,Yes,Yes,17,Yes,No,Fiber optic,Yes,Yes,Yes,Yes,No,Yes,One year,Yes,Credit card (automatic),87.92,1447.36,No
CUST12815,Male,0,Yes,No,7,Yes,No,Fiber optic,Yes,Yes,No,Yes,No,No,Month-to-month,Yes,Electronic check,90.85,625.46,No
CUST12816,Female,0,Yes,Yes,13,No,No phone service,Fiber optic,No,No,No,Yes,Yes,Yes,Month-to-month,Yes,Mailed check,89.93,1154.97,No
CUST12817,Male,0,Yes,No,46,Yes,No,Fiber optic,No,No,Yes,No,No,No,Month-to-month,Yes,Credit card (automatic),76.45,3429.24,No
CUST12818,Male,0,Yes,No,1,Yes,Yes,No,No internet service,No internet service,No internet service,No internet service,No internet service,No internet service,Month-to-month,Yes,Electronic check,18.0,17.33,Yes
CUST12819,Female,0,No,Yes,38,No,No phone service,DSL,No,No,No,Yes,No,No,One year,Yes,Credit card (automatic),57.11,2162.36,No
CUST12820,Male,1,No,No,16,Yes,Yes,Fiber optic,Yes,No,No,No,Yes,Yes,One year,Yes,Bank transfer (automatic),78.27,1239.78,No
CUST12821,Female,0,No,No,21,Yes,No,No,No internet service,No internet service,No internet service,No internet service,No internet service,No internet service,Month-to-month,Yes,Electronic check,26.18,529.08,Yes
CUST12822,Male,0,Yes,No,1,Yes,No,No,No internet service,No internet service,No internet service,No internet service,No internet service,No internet service,Month-to-month,No,Credit card (automatic),18.0,17.21,Yes
CUST12823,Female,0,Yes,No,28,Yes,Yes,DSL,No,No,Yes,No,No,No,Month-to-month,Yes,Credit card (automatic),57.59,1591.44,No
CUST12824,Male,0,No,No,2,No,No phone service,Fiber optic,No,No,Yes,Yes,Yes,No,One year,Yes,Bank transfer (automatic),81.96,161.13,No
CUST12825,Female,1,No,No,66,Yes,No,Fiber optic,Yes,Yes,No,No,Yes,Yes,One year,Yes,Credit card (automatic),87.43,5652.57,No
CUST12826,Female,0,Yes,No,32,Yes,Yes,No,No internet service,No internet service,No internet service,No internet service,No internet service,No internet service,Month-to-month,Yes,Electronic check,18.0,574.8,No
CUST12827,Female,0,No,No,13,Yes,No,Fiber optic,Yes,No,No,No,No,No,Month-to-month,Yes,Mailed check,74.59,937.7,No
CUST12828,Female,0,Yes,No,51,No,No phone service,Fiber optic,Yes,No,No,Yes,Yes,Yes,Month-to-month,Yes,Credit card (automatic),93.87,4577.33,Yes
CUST12829,Male,0,Yes,No,3,Yes,No,No,No internet service,No internet service,No internet service,No internet service,No internet service,No internet service,Two year,No,Electronic check,20.97,60.41,No
CUST12830,Male,0,Yes,No,72,Yes,Yes,No,No internet service,No internet service,No internet service,No internet service,No internet service,No internet service,One year,No,Mailed check,25.26,1793.43,No
CUST12831,Female,0,No,No,25,No,No phone service,Fiber optic,No,No,No,No,Yes,No,Month-to-month,No,Credit card (automatic),74.4,1851.74,No
CUST12832,Male,0,Yes,Yes,2,No,No phone service,Fiber optic,No,No,No,Yes,Yes,No,Month-to-month,Yes,Bank transfer (automatic),80.75,158.97,Yes
CUST12833,Male,0,No,No,15,Yes,No,Fiber optic,No,No,No,No,No,No,Two year,Yes,Electronic check,73.3,1052.55,No
CUST12834,Male,0,Yes,No,24,Yes,Yes,Fiber optic,No,No,No,No,No,No,One year,Yes,Credit card (automatic),78.37,1853.28,No
CUST12835,Male,0,Yes,No,18,Yes,No,Fiber optic,No,Yes,Yes,No,No,Yes,Month-to-month,Yes,Electronic check,88.48,1538.22,No
CUST12836,Male,0,No,No,11,Yes,No,Fiber optic,No,No,Yes,No,No,No,Month-to-month,Yes,Electronic check,76.55,816.74,No
CUST12837,Female,0,Yes,Yes,5,Yes,Yes,DSL,No,No,No,No,Yes,Yes,Two year,Yes,Credit card (automatic),49.91,245.1,No
CUST12838,Female,0,Yes,No,5,No,No phone service,No,No internet service,No internet service,No internet service,No internet service,No internet service,No internet service,Month-to-month,Yes,Bank transfer (automatic),18.0,87.42,No
CUST12839,Female,0,Yes,No,52,Yes,No,No,No internet service,No internet service,No internet service,No internet service,No internet service,No internet service,Month-to-month,Yes,Mailed check,21.6,1121.03,No
CUST12840,Female,0,No,No,5,Yes,No,No,No internet service,No internet service,No internet service,No internet service,No internet service,No internet service,Two year,Yes,Mailed check,24.66,122.03,No
CUST12841,Male,0,No,Yes,65,Yes,Yes,Fiber optic,Yes,Yes,Yes,No,No,No,Two year,Yes,Bank transfer (automatic),88.15,5599.12,No
CUST12842,Male,0,Yes,Yes,4,Yes,Yes,Fiber optic,No,No,No,Yes,No,No,Two year,No,Bank transfer (automatic),68.5,266.23,No
CUST12843,Female,0,Yes,No,9,Yes,No,Fiber optic,No,Yes,No,No,No,No,Month-to-month,No,Electronic check,75.43,656.14,No
CUST12844,Male,0,No,Yes,0,Yes,Yes,DSL,No,Yes,Yes,Yes,No,Yes,Month-to-month,No,Credit card (automatic),64.62,62.46,Yes
CUST12845,Male,0,Yes,No,46,Yes,No,Fiber optic,No,No,No,Yes,No,No,Month-to-month,No,Mailed check,72.82,3290.24,No
CUST12846,Female,0,Yes,Yes,2,Yes,Yes,No,No internet service,No internet service,No internet service,No internet service,No internet service,No internet service,Two year,Yes,Credit card (automatic),27.88,55.29,No
CUST12847,Male,0,Yes,No,8,Yes,No,DSL,No,Yes,No,Yes,No,Yes,One year,Yes,Electronic check,61.87,474.96,No
CUST12848,Female,0,No,No,36,Yes,No,Fiber optic,No,No,Yes,No,No,No,Two year,No,Electronic check,68.9,2471.22,No
CUST12849,Female,0,Yes,No,31,No,No phone service,DSL,No,Yes,No,No,No,Yes,Two year,No,Electronic check,52.12,1559.23,No
CUST12850,Male,1,No,No,36,Yes,Yes,No,No internet service,No internet service,No internet service,No internet service,No internet service,No internet service,Two year,No,Credit card (automatic),20.04,710.87,No
CUST12851,Male,0,No,No,49,Yes,Yes,Fiber optic,No,No,No,No,No,No,Month-to-month,Yes,Credit card (automatic),59.67,2889.11,No
CUST12852,Female,0,No,Yes,48,No,No phone service,Fiber optic,No,No,No,No,Yes,Yes,Month-to-month,Yes,Bank transfer (automatic),85.65,4074.51,No
CUST12853,Female,0,No,No,29,Yes,Yes,Fiber optic,No,No,No,Yes,Yes,No,Month-to-month,Yes,Bank transfer (automatic),87.12,2449.54,No
CUST12854,Male,0,Yes,No,17,Yes,Yes,Fiber optic,Yes,No,No,No,No,Yes,Month-to-month,No,Mailed check,71.64,1182.0,No
CUST12855,Female,0,No,Yes,16,No,No phone service,Fiber optic,Yes,No,Yes,Yes,No,No,Month-to-month,No,Electronic check,85.99,1353.49,No
CUST12856,Female,1,No,Yes,0,Yes,Yes,DSL,No,No,No,No,No,No,One year,No,Bank transfer (automatic),54.12,53.99,Yes
CUST12857,Female,0,No,Yes,25,Yes,No,Fiber optic,No,No,No,No,No,No,Month-to-month,No,Credit card (automatic),73.01,1818.8,No
CUST12858,Male,0,Yes,No,5,Yes,No,No,No internet service,No internet service,No internet service,No internet service,No internet service,No internet service,One year,No,Credit card (automatic),29.11,143.71,No
CUST12859,Female,0,Yes,No,35,Yes,Yes,Fiber optic,No,No,No,No,Yes,No,Two year,Yes,Electronic check,81.25,2728.92,No
CUST12860,Male,1,No,Yes,16,Yes,No,DSL,No,Yes,Yes,No,No,No,Month-to-month,No,Bank transfer (automatic),56.48,888.74,No
CUST12861,Female,0,Yes,Yes,72,Yes,Yes,Fiber optic,Yes,No,No,No,No,No,Month-to-month,Yes,Credit card (automatic),67.84,4840.4,No
CUST12862,Male,0,Yes,No,4,Yes,No,Fiber optic,No,No,Yes,No,No,Yes,Month-to-month,No,Credit card (automatic),83.56,334.02,No
CUST12863,Female,0,No,No,25,Yes,No,Fiber optic,No,Yes,Yes,No,No,No,Month-to-month,Yes,Electronic check,82.61,2018.59,No
CUST12864,Male,1,No,No,15,Yes,No,DSL,No,Yes,Yes,No,No,No,One year,Yes,Mailed check,53.19,781.45,No
CUST12865,Male,0,Yes,No,53,Yes,Yes,DSL,No,No,Yes,No,Yes,No,One year,Yes,Electronic check,60.7,3214.53,No
CUST12866,Male,0,No,No,6,Yes,No,DSL,Yes,No,No,No,No,No,One year,Yes,Credit card (automatic),48.45,288.46,No
CUST12867,Female,0,No,No,1,Yes,Yes,No,No internet service,No internet service,No internet service,No internet service,No internet service,No internet service,Month-to-month,No,Bank transfer (automatic),21.99,20.97,Yes
CUST12868,Female,0,Yes,No,15,Yes,Yes,No,No internet service,No internet service,No internet service,No internet service,No internet service,No internet service,Month-to-month,No,Bank transfer (automatic),18.0,269.52,No
CUST12869,Female,0,No,Yes,14,Yes,No,No,No internet service,No internet service,No internet service,No internet service,No internet service,No internet service,One year,No,Electronic check,22.61,304.6,No
CUST12870,Male,0,No,No,7,Yes,Yes,Fiber optic,No,No,Yes,No,Yes,Yes,Month-to-month,No,Bank transfer (automatic),85.35,593.04,No
CUST12871,Female,0,No,No,72,Yes,No,No,No internet service,No internet service,No internet service,No internet service,No internet service,No internet service,Month-to-month,Yes,Electronic check,21.19,1479.15,No
CUST12872,Male,0,No,No,1,Yes,No,Fiber optic,No,No,Yes,No,No,Yes,Two year,No,Credit card (automatic),83.37,79.84,No
CUST12873,Female,0,No,No,16,Yes,Yes,Fiber optic,No,No,No,No,No,No,Month-to-month,Yes,Credit card (automatic),77.05,1223.97,No
CUST12874,Male,0,Yes,No,6,Yes,Yes,No,No internet service,No internet service,No internet service,No internet service,No internet service,No internet service,Two year,Yes,Electronic check,18.0,102.73,No
CUST12875,Male,0,Yes,No,0,Yes,Yes,Fiber optic,No,No,Yes,No,No,No,Month-to-month,Yes,Bank transfer (automatic),71.01,69.53,Yes
CUST12876,Male,0,Yes,No,72,Yes,No,Fiber optic,No,No,No,Yes,No,No,Month-to-month,Yes,Electronic check,79.49,5503.98,No
CUST12877,Female,0,No,No,13,Yes,No,No,No internet service,No internet service,No internet service,No internet service,No internet service,No internet service,Month-to-month,No,Bank transfer (automatic),18.0,224.35,No
CUST12878,Female,0,No,No,38,Yes,No,No,No internet service,No internet service,No internet service,No internet service,No internet service,No internet service,Two year,No,Electronic check,22.71,843.36,No
CUST12879,Female,0,Yes,No,36,Yes,No,Fiber optic,No,No,No,No,No,No,Two year,Yes,Electronic check,67.95,2435.58,No
CUST12880,Male,1,Yes,Yes,33,Yes,Yes,DSL,No,No,No,No,No,No,Month-to-month,Yes,Electronic check,42.36,1395.41,No
CUST12881,Male,0,Yes,No,12,No,No phone service,Fiber optic,No,No,No,Yes,No,Yes,Two year,Yes,Mailed check,87.34,1003.22,No
CUST12882,Female,0,Yes,No,45,Yes,No,DSL,No,Yes,Yes,No,No,No,Month-to-month,Yes,Bank transfer (automatic),60.64,2695.36,No
CUST12883,Female,0,Yes,No,9,Yes,Yes,No,No internet service,No internet service,No internet service,No internet service,No internet service,No internet service,Month-to-month,Yes,Credit card (automatic),22.59,200.14,No
CUST12884,Female,0,Yes,Yes,10,Yes,No,No,No internet service,No internet service,No internet service,No internet service,No internet service,No internet service,Month-to-month,Yes,Electronic check,19.6,190.1,No
CUST12885,Male,0,No,No,5,Yes,Yes,Fiber optic,No,No,Yes,No,No,Yes,Month-to-month,No,Credit card (automatic),81.99,391.44,No
CUST12886,Male,0,Yes,Yes,11,Yes,No,Fiber optic,Yes,No,Yes,No,No,No,Month-to-month,Yes,Credit card (automatic),75.41,809.54,Yes
CUST12887,Male,0,No,No,72,No,No phone service,DSL,Yes,Yes,No,Yes,No,No,Month-to-month,Yes,Bank transfer (automatic),62.84,4475.4,No
CUST12888,Male,0,No,No,17,Yes,No,No,No internet service,No internet service,No internet service,No internet service,No internet service,No internet service,Two year,No,Credit card (automatic),25.93,418.9,No
CUST12889,Male,0,No,No,35,Yes,No,No,No internet service,No internet service,No internet service,No internet service,No internet service,No internet service,One year,No,Electronic check,18.0,610.4,No
CUST12890,Female,0,Yes,Yes,6,Yes,Yes,DSL,No,No,Yes,Yes,Yes,Yes,Two year,No,Credit card (automatic),69.69,398.75,Yes
CUST12891,Male,0,No,No,62,Yes,Yes,DSL,No,No,No,No,No,No,One year,Yes,Electronic check,44.62,2635.87,Yes
CUST12892,Male,0,No,Yes,0,Yes,No,DSL,No,No,No,No,Yes,No,One year,Yes,Bank transfer (automatic),50.17,48.24,No
CUST12893,Male,1,Yes,No,53,Yes,Yes,Fiber optic,No,Yes,No,No,Yes,Yes,Month-to-month,No,Mailed check,83.29,4389.55,Yes
CUST12894,Male,0,Yes,No,45,Yes,No,DSL,No,No,No,Yes,No,No,One year,No,Bank transfer (automatic),48.03,2100.75,No
CUST12895,Male,0,Yes,No,1,Yes,No,DSL,No,No,No,No,No,No,Two year,No,Mailed check,51.43,50.73,No
CUST12896,Female,0,No,No,18,Yes,Yes,Fiber optic,No,No,Yes,No,Yes,Yes,One year,Yes,Credit card (automatic),80.32,1442.74,No
CUST12897,Male,0,No,No,30,Yes,Yes,Fiber optic,No,No,No,Yes,Yes,No,Month-to-month,Yes,Electronic check,75.8,2160.9,No
CUST12898,Male,0,Yes,No,10,Yes,Yes,No,No internet service,No internet service,No internet service,No internet service,No internet service,No internet service,Month-to-month,Yes,Bank transfer (automatic),26.79,265.19,No
CUST12899,Male,0,Yes,No,1,Yes,No,No,No internet service,No internet service,No internet service,No internet service,No internet service,No internet service,Two year,Yes,Electronic check,18.0,17.21,No
CUST12900,Female,0,No,No,35,Yes,Yes,Fiber optic,No,No,Yes,No,Yes,Yes,Month-to-month,Yes,Credit card (automatic),86.68,2890.45,No
CUST12901,Female,0,No,No,12,Yes,No,DSL,No,No,No,No,No,No,Two year,No,Electronic check,38.86,458.38,No
CUST12902,Female,1,No,Yes,6,Yes,Yes,Fiber optic,No,No,No,No,No,No,Month-to-month,Yes,Bank transfer (automatic),70.93,419.46,Yes
CUST12903,Male,0,No,No,1,Yes,No,DSL,No,No,No,Yes,No,Yes,Month-to-month,Yes,Bank transfer (automatic),47.66,46.98,Yes
CUST12904,Female,1,No,No,20,Yes,Yes,DSL,No,Yes,Yes,No,No,No,One year,Yes,Credit card (automatic),52.51,1011.3,No
CUST12905,Male,0,No,No,0,Yes,No,DSL,Yes,No,No,Yes,Yes,No,Month-to-month,Yes,Credit card (automatic),61.82,59.2,Yes
CUST12906,Male,0,Yes,No,31,Yes,No,Fiber optic,No,Yes,Yes,No,No,Yes,Month-to-month,Yes,Credit card (automatic),93.24,2763.85,No
CUST12907,Female,0,Yes,No,29,Yes,No,DSL,No,No,Yes,Yes,No,No,Month-to-month,No,Bank transfer (automatic),57.92,1618.6,No
CUST12908,Male,0,No,No,7,Yes,Yes,Fiber optic,Yes,Yes,No,No,No,No,One year,No,Mailed check,77.75,528.24,No
CUST12909,Male,1,Yes,No,12,Yes,No,DSL,No,No,Yes,No,No,No,Month-to-month,Yes,Electronic check,53.01,632.98,No
CUST12910,Male,0,Yes,No,22,Yes,No,Fiber optic,No,No,No,No,Yes,No,Month-to-month,Yes,Bank transfer (automatic),76.61,1682.78,No
CUST12911,Female,0,No,No,63,Yes,No,Fiber optic,No,No,Yes,No,No,Yes,Two year,Yes,Bank transfer (automatic),75.03,4498.15,No
CUST12912,Male,1,No,No,14,No,No phone service,Fiber optic,No,Yes,No,No,Yes,No,Month-to-month,Yes,Credit card (automatic),86.8,1155.68,No
CUST12913,Male,0,No,No,72,Yes,Yes,No,No internet service,No internet service,No internet service,No internet service,No internet service,No internet service,Month-to-month,No,Electronic check,18.0,1269.01,No
CUST12914,Female,0,No,No,7,No,No phone service,No,No internet service,No internet service,No internet service,No internet service,No internet service,No internet service,One year,Yes,Mailed check,18.0,122.63,No
CUST12915,Male,0,No,No,14,Yes,Yes,Fiber optic,No,No,No,Yes,No,No,Month-to-month,No,Mailed check,71.18,971.99,No
CUST12916,Male,0,Yes,No,2,No,No phone service,Fiber optic,No,Yes,No,No,Yes,Yes,Month-to-month,Yes,Bank transfer (automatic),81.07,161.96,Yes
CUST12917,Female,0,No,No,16,Yes,No,DSL,No,No,Yes,No,Yes,No,Two year,No,Credit card (automatic),59.75,942.77,No
CUST12918,Male,0,Yes,No,15,Yes,Yes,Fiber optic,Yes,No,No,No,Yes,No,One year,Yes,Electronic check,80.77,1160.24,No
CUST12919,Male,0,Yes,No,37,Yes,No,DSL,No,Yes,Yes,No,No,No,Month-to-month,No,Mailed check,57.42,2123.02,No
CUST12920,Male,0,Yes,No,72,Yes,No,DSL,No,No,No,No,Yes,No,One year,Yes,Electronic check,47.38,3326.85,No
CUST12921,Male,0,No,No,72,Yes,No,No,No internet service,No internet service,No internet service,No internet service,No internet service,No internet service,Month-to-month,No,Mailed check,26.53,1869.13,No
CUST12922,Male,1,Yes,No,5,Yes,No,DSL,No,Yes,No,Yes,No,Yes,Month-to-month,Yes,Credit card (automatic),49.41,246.8,No
CUST12923,Female,0,No,No,8,Yes,Yes,Fiber optic,Yes,Yes,No,No,No,Yes,Two year,Yes,Credit card (automatic),91.56,699.57,No
CUST12924,Female,0,Yes,Yes,6,Yes,No,Fiber optic,Yes,No,No,No,No,No,Month-to-month,Yes,Mailed check,76.11,435.79,No
CUST12925,Female,0,Yes,No,4,Yes,No,No,No internet service,No internet service,No internet service,No internet service,No internet service,No internet service,Two year,Yes,Mailed check,19.56,74.97,No
CUST12926,Female,0,No,Yes,3,Yes,No,Fiber optic,No,No,No,No,No,No,Month-to-month,Yes,Mailed check,63.71,183.64,No
CUST12927,Male,0,No,No,14,Yes,No,DSL,No,Yes,No,No,No,No,Month-to-month,No,Bank transfer (automatic),53.29,727.99,No
CUST12928,Male,0,Yes,No,41,Yes,Yes,Fiber optic,Yes,No,No,Yes,No,No,Month-to-month,No,Electronic check,85.59,3407.48,No
CUST12929,Male,1,No,No,17,Yes,No,Fiber optic,No,No,Yes,No,No,Yes,Month-to-month,Yes,Electronic check,72.83,1215.76,No
CUST12930,Male,0,No,No,41,Yes,Yes,No,No internet service,No internet service,No internet service,No internet service,No internet service,No internet service,One year,No,Electronic check,18.0,718.41,No
CUST12931,Male,0,No,No,64,Yes,Yes,Fiber optic,No,No,No,Yes,No,No,One year,Yes,Electronic check,78.2,4924.68,No
CUST12932,Female,0,No,Yes,9,Yes,Yes,Fiber optic,No,No,No,Yes,Yes,No,One year,Yes,Bank transfer (automatic),79.31,686.74,No
CUST12933,Female,0,Yes,No,36,Yes,Yes,Fiber optic,No,Yes,Yes,No,Yes,No,One year,No,Mailed check,76.86,2729.5,No
CUST12934,Male,0,No,No,1,Yes,No,Fiber optic,Yes,No,Yes,Yes,No,Yes,One year,Yes,Bank transfer (automatic),96.25,96.09,No
CUST12935,Male,0,Yes,No,13,Yes,No,Fiber optic,No,No,No,No,No,Yes,Two year,No,Mailed check,79.27,981.02,No
CUST12936,Male,0,Yes,No,9,Yes,No,Fiber optic,Yes,No,No,Yes,Yes,No,Month-to-month,Yes,Bank transfer (automatic),77.98,680.67,No
CUST12937,Female,1,No,No,4,Yes,Yes,DSL,No,No,No,No,No,No,Two year,Yes,Mailed check,47.05,185.51,No
CUST12938,Male,0,Yes,No,11,Yes,No,Fiber optic,No,No,No,Yes,No,No,Month-to-month,Yes,Mailed check,73.24,773.18,No
CUST12939,Male,0,Yes,No,11,No,No phone service,DSL,No,Yes,No,No,No,No,One year,No,Credit card (automatic),49.77,527.48,No
CUST12940,Male,0,No,Yes,33,Yes,No,No,No internet service,No internet service,No internet service,No internet service,No internet service,No internet service,Two year,Yes,Bank transfer (automatic),18.5,609.11,No
CUST12941,Female,0,No,No,40,Yes,No,No,No internet service,No internet service,No internet service,No internet service,No internet service,No internet service,Month-to-month,Yes,Electronic check,19.97,788.61,No
CUST12942,Male,0,No,Yes,21,Yes,No,No,No internet service,No internet service,No internet service,No internet service,No internet service,No internet service,Month-to-month,No,Mailed check,18.0,377.0,No
CUST12943,Female,0,No,No,20,Yes,No,Fiber optic,No,Yes,No,No,No,Yes,Two year,No,Electronic check,85.7,1713.15,No
CUST12944,Female,0,Yes,No,2,Yes,Yes,No,No internet service,No internet service,No internet service,No internet service,No internet service,No internet service,Month-to-month,Yes,Bank transfer (automatic),18.0,34.72,Yes
CUST12945,Female,0,No,Yes,17,Yes,Yes,DSL,No,No,Yes,No,No,Yes,Two year,No,Bank transfer (automatic),53.01,894.46,No
CUST12946,Female,0,No,No,6,Yes,Yes,DSL,Yes,No,Yes,No,No,Yes,Month-to-month,Yes,Electronic check,58.09,335.55,No
CUST12947,Female,0,Yes,No,6,Yes,No,Fiber optic,Yes,No,No,No,Yes,Yes,One year,Yes,Electronic check,88.98,528.02,No
CUST12948,Female,0,Yes,Yes,1,No,No phone service,DSL,No,No,Yes,No,No,No,Two year,Yes,Electronic check,47.4,46.92,No
CUST12949,Male,0,Yes,Yes,20,No,No phone service,No,No internet service,No internet service,No internet service,No internet service,No internet service,No internet service,Month-to-month,Yes,Credit card (automatic),21.61,431.51,No
CUST12950,Male,0,No,Yes,17,Yes,Yes,DSL,No,Yes,No,Yes,No,Yes,Month-to-month,Yes,Electronic check,60.25,1024.05,No
CUST12951,Male,0,Yes,Yes,4,Yes,No,Fiber optic,No,No,No,Yes,Yes,No,Month-to-month,No,Bank transfer (automatic),81.55,320.28,No
CUST12952,Female,0,No,Yes,6,No,No phone service,Fiber optic,No,No,No,No,No,Yes,Month-to-month,Yes,Electronic check,78.37,464.0,No
CUST12953,Male,0,Yes,No,29,Yes,No,DSL,No,No,No,No,Yes,No,Month-to-month,Yes,Credit card (automatic),51.46,1478.42,No
CUST12954,Female,0,Yes,No,31,No,No phone service,DSL,No,No,Yes,No,No,No,Two year,Yes,Electronic check,56.18,1727.11,No
CUST12955,Female,0,Yes,No,13,Yes,Yes,DSL,No,Yes,No,No,Yes,No,Two year,Yes,Electronic check,55.42,702.82,No
CUST12956,Female,0,Yes,No,3,Yes,No,DSL,No,Yes,Yes,No,No,Yes,One year,Yes,Bank transfer (automatic),62.31,179.66,No
CUST12957,Male,0,Yes,No,1,Yes,No,No,No internet service,No internet service,No internet service,No internet service,No internet service,No internet service,Two year,No,Credit card (automatic),20.09,19.91,No
CUST12958,Female,0,Yes,No,6,Yes,No,DSL,Yes,No,No,No,No,No,One year,No,Bank transfer (automatic),54.59,321.35,No
CUST12959,Female,0,Yes,No,26,Yes,No,DSL,No,Yes,No,No,Yes,Yes,One year,Yes,Mailed check,61.02,1559.67,No
CUST12960,Male,0,No,No,18,Yes,No,Fiber optic,Yes,No,No,No,No,Yes,Two year,No,Electronic check,64.59,1128.35,No
CUST12961,Male,0,No,No,25,Yes,No,Fiber optic,Yes,Yes,Yes,No,No,No,Month-to-month,No,Mailed check,82.24,2048.22,No
CUST12962,Female,0,No,No,12,Yes,No,No,No internet service,No internet service,No internet service,No internet service,No internet service,No internet service,Month-to-month,No,Credit card (automatic),25.09,299.32,No
CUST12963,Female,0,No,No,28,Yes,No,No,No internet service,No internet service,No internet service,No internet service,No internet service,No internet service,Month-to-month,No,Credit card (automatic),20.94,561.22,No
CUST12964,Male,0,No,Yes,13,Yes,No,No,No internet service,No internet service,No internet service,No internet service,No internet service,No internet service,Two year,Yes,Electronic check,20.04,249.92,No
CUST12965,Male,0,No,No,1,Yes,Yes,No,No internet service,No internet service,No internet service,No internet service,No internet service,No internet service,Month-to-month,Yes,Credit card (automatic),18.46,17.97,Yes
CUST12966,Male,0,Yes,No,1,Yes,No,DSL,Yes,Yes,Yes,No,Yes,Yes,Month-to-month,No,Electronic check,70.02,68.8,Yes
CUST12967,Female,0,No,No,35,No,No phone service,Fiber optic,No,Yes,No,Yes,No,Yes,Month-to-month,No,Credit card (automatic),86.4,2916.07,No
CUST12968,Male,0,No,Yes,19,Yes,No,Fiber optic,No,Yes,No,No,No,No,Two year,No,Bank transfer (automatic),73.97,1365.52,No
CUST12969,Male,0,No,Yes,6,Yes,No,Fiber optic,Yes,Yes,No,Yes,No,No,Two year,No,Bank transfer (automatic),79.39,456.36,No
CUST12970,Male,0,No,No,28,Yes,Yes,DSL,Yes,No,No,Yes,Yes,No,Month-to-month,No,Bank transfer (automatic),62.24,1682.68,No
CUST12971,Female,0,Yes,Yes,2,Yes,No,DSL,Yes,Yes,Yes,Yes,No,No,One year,No,Credit card (automatic),64.35,126.15,No
CUST12972,Male,0,No,No,20,Yes,No,Fiber optic,No,No,Yes,No,No,No,Two year,No,Credit card (automatic),73.78,1417.49,No
CUST12973,Male,0,Yes,No,72,Yes,Yes,DSL,No,No,Yes,No,No,No,Month-to-month,No,Electronic check,42.24,3032.67,No
CUST12974,Male,0,Yes,No,3,Yes,Yes,DSL,Yes,Yes,No,No,No,No,Month-to-month,Yes,Credit card (automatic),48.44,144.95,No
CUST12975,Male,0,Yes,Yes,3,No,No phone service,Fiber optic,No,No,No,No,No,No,One year,Yes,Electronic check,71.46,210.22,No
CUST12976,Male,0,Yes,No,12,Yes,Yes,Fiber optic,Yes,No,No,No,No,No,Month-to-month,No,Mailed check,68.32,784.09,No
CUST12977,Female,0,Yes,Yes,20,Yes,No,No,No internet service,No internet service,No internet service,No internet service,No internet service,No internet service,Two year,Yes,Credit card (automatic),21.92,424.97,No
CUST12978,Female,0,Yes,No,0,Yes,Yes,Fiber optic,No,Yes,Yes,Yes,Yes,No,Two year,No,Electronic check,93.82,92.57,No
CUST12979,Female,0,No,No,13,Yes,No,No,No internet service,No internet service,No internet service,No internet service,No internet service,No internet service,One year,No,Mailed check,18.0,225.11,No
CUST12980,Male,1,Yes,No,1,Yes,Yes,DSL,Yes,Yes,No,No,Yes,Yes,One year,Yes,Mailed check,63.56,62.94,No
CUST12981,Female,1,No,No,5,Yes,No,Fiber optic,No,No,Yes,Yes,No,Yes,Two year,Yes,Bank transfer (automatic),82.19,390.56,No
CUST12982,Female,0,No,No,24,Yes,No,DSL,No,No,Yes,Yes,No,No,Month-to-month,No,Credit card (automatic),45.04,1037.19,No
CUST12983,Female,1,No,No,26,No,No phone service,Fiber optic,No,Yes,No,Yes,No,No,Month-to-month,Yes,Mailed check,87.52,2197.54,No
CUST12984,Male,0,Yes,Yes,26,Yes,No,No,No internet service,No internet service,No internet service,No internet service,No internet service,No internet service,Month-to-month,Yes,Credit card (automatic),27.6,716.38,Yes
CUST12985,Male,0,No,No,1,Yes,Yes,DSL,No,No,No,No,No,No,One year,Yes,Credit card (automatic),45.61,45.05,No
CUST12986,Female,0,Yes,Yes,30,Yes,Yes,Fiber optic,No,No,No,Yes,Yes,Yes,Two year,No,Bank transfer (automatic),89.87,2563.9,No
CUST12987,Female,0,Yes,No,11,Yes,Yes,No,No internet service,No internet service,No internet service,No internet service,No internet service,No internet service,One year,No,Mailed check,24.22,259.27,No
CUST12988,Male,0,No,No,12,Yes,Yes,Fiber optic,Yes,No,Yes,Yes,No,No,One year,No,Electronic check,90.08,1064.3,No
CUST12989,Male,1,No,Yes,10,Yes,No,DSL,Yes,No,No,Yes,No,Yes,Month-to-month,No,Bank transfer (automatic),59.72,585.79,Yes
CUST12990,Female,0,No,No,38,Yes,No,DSL,No,No,No,No,No,No,Month-to-month,No,Credit card (automatic),42.27,1563.15,No
CUST12991,Male,0,Yes,Yes,22,Yes,No,DSL,Yes,Yes,No,No,Yes,Yes,Month-to-month,No,Mailed check,72.2,1529.63,No
CUST12992,Female,0,Yes,Yes,13,Yes,No,DSL,No,No,No,Yes,Yes,No,One year,No,Credit card (automatic),45.63,574.59,No
CUST12993,Male,0,Yes,No,35,Yes,Yes,Fiber optic,No,No,Yes,Yes,No,Yes,Two year,No,Electronic check,79.19,2731.54,No
CUST12994,Female,0,No,No,32,Yes,No,Fiber optic,No,No,Yes,No,Yes,No,Two year,Yes,Credit card (automatic),88.76,2805.92,No
CUST12995,Female,0,Yes,Yes,0,Yes,No,Fiber optic,No,No,No,No,Yes,Yes,Month-to-month,No,Bank transfer (automatic),80.24,78.2,Yes
CUST12996,Male,0,No,No,13,Yes,No,Fiber optic,Yes,No,Yes,No,No,No,Month-to-month,No,Electronic check,74.59,965.54,No
CUST12997,Female,0,Yes,No,0,No,No phone service,DSL,Yes,No,No,No,No,No,Two year,Yes,Mailed check,46.38,46.28,No
CUST12998,Female,0,Yes,No,7,Yes,No,Fiber optic,Yes,No,No,No,Yes,Yes,Month-to-month,Yes,Electronic check,91.51,633.61,No
CUST12999,Female,0,Yes,No,32,Yes,No,Fiber optic,No,Yes,No,No,No,Yes,Month-to-month,Yes,Credit card (automatic),76.46,2349.23,No
CUST13000,Male,1,Yes,Yes,57,Yes,Yes,DSL,Yes,No,No,No,No,Yes,Month-to-month,No,Bank transfer (automatic),55.41,3139.3,No
CUST13001,Male,0,No,Yes,5,Yes,Yes,No,No internet service,No internet service,No internet service,No internet service,No internet service,No internet service,One year,No,Bank transfer (automatic),18.0,87.54,No
CUST13002,Male,0,No,Yes,0,Yes,No,DSL,No,No,No,No,No,No,Month-to-month,No,Credit card (automatic),41.95,40.32,Yes
CUST13003,Female,0,Yes,Yes,10,Yes,No,Fiber optic,No,No,No,Yes,No,Yes,Month-to-month,Yes,Credit card (automatic),67.87,671.42,No
CUST13004,Male,0,Yes,Yes,8,Yes,No,DSL,No,No,No,No,Yes,No,One year,Yes,Credit card (automatic),56.07,435.13,No
CUST13005,Female,1,No,No,22,Yes,Yes,Fiber optic,No,No,Yes,No,No,No,Month-to-month,No,Electronic check,73.52,1555.88,No
CUST13006,Female,0,No,No,13,Yes,No,No,No internet service,No internet service,No internet service,No internet service,No internet service,No internet service,Month-to-month,No,Electronic check,20.74,264.06,Yes
CUST13007,Male,0,No,No,10,Yes,Yes,No,No internet service,No internet service,No internet service,No internet service,No internet service,No internet service,One year,No,Bank transfer (automatic),20.18,192.9,No
CUST13008,Male,0,Yes,No,5,Yes,No,DSL,Yes,No,Yes,Yes,No,No,Two year,Yes,Electronic check,57.97,280.84,No
CUST13009,Female,1,Yes,Yes,35,Yes,Yes,No,No internet service,No internet service,No internet service,No internet service,No internet service,No internet service,Month-to-month,No,Electronic check,21.22,718.42,No
CUST13010,Female,0,Yes,Yes,5,No,No phone service,DSL,Yes,No,Yes,Yes,No,Yes,Month-to-month,Yes,Electronic check,57.42,278.51,Yes
CUST13011,Male,0,Yes,No,1,Yes,Yes,No,No internet service,No internet service,No internet service,No internet service,No internet service,No internet service,Month-to-month,No,Electronic check,18.0,17.5,Yes
CUST13012,Male,0,No,Yes,16,Yes,No,Fiber optic,No,Yes,Yes,No,No,Yes,Month-to-month,No,Bank transfer (automatic),96.85,1521.52,No
CUST13013,Male,0,Yes,No,7,Yes,Yes,Fiber optic,No,Yes,No,No,Yes,No,Two year,No,Electronic check,79.09,527.55,No
CUST13014,Female,0,No,No,24,Yes,Yes,No,No internet service,No internet service,No internet service,No internet service,No internet service,No internet service,Month-to-month,Yes,Mailed check,23.51,549.09,No
CUST13015,Female,0,Yes,No,1,Yes,Yes,Fiber optic,Yes,No,No,No,Yes,No,Month-to-month,No,Electronic check,73.23,71.39,Yes
CUST13016,Female,0,No,No,67,Yes,Yes,DSL,No,Yes,No,No,No,No,Month-to-month,No,Bank transfer (automatic),47.07,3049.14,Yes
CUST13017,Female,0,Yes,Yes,4,No,No phone service,DSL,No,No,No,No,Yes,Yes,Month-to-month,No,Credit card (automatic),53.16,209.92,No
CUST13018,Female,0,Yes,No,8,Yes,No,No,No internet service,No internet service,No internet service,No internet service,No internet service,No internet service,Month-to-month,Yes,Bank transfer (automatic),18.0,141.96,No
CUST13019,Male,0,No,No,13,Yes,No,Fiber optic,No,No,Yes,No,No,Yes,Two year,No,Mailed check,93.34,1184.39,No
CUST13020,Male,0,Yes,No,44,Yes,Yes,Fiber optic,No,Yes,Yes,Yes,No,Yes,One year,No,Electronic check,94.1,4110.92,No
CUST13021,Female,0,Yes,No,25,Yes,Yes,DSL,Yes,No,No,Yes,No,Yes,Month-to-month,No,Electronic check,47.94,1145.61,Yes
CUST13022,Female,0,Yes,Yes,3,Yes,No,DSL,No,Yes,Yes,No,Yes,No,Two year,No,Mailed check,73.33,213.12,No
CUST13023,Male,0,No,No,11,Yes,No,DSL,No,No,No,No,Yes,No,Month-to-month,Yes,Credit card (automatic),49.99,541.08,Yes
CUST13024,Male,0,No,No,15,Yes,No,DSL,No,No,No,No,No,Yes,Month-to-month,Yes,Credit card (automatic),49.96,746.52,Yes
CUST13025,Male,0,No,No,24,Yes,No,Fiber optic,Yes,No,No,Yes,Yes,No,Two year,Yes,Credit card (automatic),90.6,2159.2,No
CUST13026,Male,0,No,No,16,Yes,No,DSL,No,No,Yes,Yes,No,No,Month-to-month,No,Mailed check,52.96,811.92,No
CUST13027,Female,0,No,Yes,12,Yes,Yes,DSL,Yes,No,No,No,Yes,Yes,Two year,No,Mailed check,60.9,696.53,No
CUST13028,Male,0,No,Yes,29,Yes,No,Fiber optic,No,Yes,No,No,No,No,One year,No,Electronic check,75.24,2133.52,Yes
CUST13029,Female,0,No,No,9,Yes,Yes,DSL,No,No,Yes,No,Yes,Yes,Two year,Yes,Mailed check,62.62,549.38,No
CUST13030,Male,0,No,No,72,Yes,Yes,No,No internet service,No internet service,No internet service,No internet service,No internet service,No internet service,One year,No,Credit card (automatic),22.18,1546.09,No
CUST13031,Male,0,Yes,No,59,Yes,No,DSL,No,No,No,Yes,No,Yes,Month-to-month,Yes,Credit card (automatic),58.09,3291.49,No
CUST13032,Male,1,No,No,24,Yes,Yes,Fiber optic,Yes,Yes,No,No,Yes,Yes,Two year,Yes,Electronic check,91.12,2121.26,No
CUST13033,Female,0,No,No,42,Yes,No,Fiber optic,No,No,No,Yes,Yes,Yes,Month-to-month,No,Mailed check,88.96,3638.52,Yes
CUST13034,Female,0,Yes,No,9,Yes,Yes,DSL,No,Yes,No,No,No,Yes,One year,Yes,Bank transfer (automatic),60.7,527.03,No
CUST13035,Male,0,Yes,No,17,Yes,No,No,No internet service,No internet service,No internet service,No internet service,No internet service,No internet service,Month-to-month,No,Electronic check,18.0,290.89,No
CUST13036,Female,0,Yes,No,6,Yes,Yes,Fiber optic,No,No,No,No,Yes,No,One year,Yes,Mailed check,69.98,410.6,No
CUST13037,Female,0,Yes,Yes,43,Yes,No,DSL,No,No,No,No,Yes,No,Two year,No,Bank transfer (automatic),45.44,1949.7,No
CUST13038,Male,1,Yes,No,12,Yes,No,No,No internet service,No internet service,No internet service,No internet service,No internet service,No internet service,Two year,No,Mailed check,18.0,208.95,No
CUST13039,Male,0,Yes,No,15,No,No phone service,No,No internet service,No internet service,No internet service,No internet service,No internet service,No internet service,Two year,No,Credit card (automatic),24.74,366.82,No
CUST13040,Female,0,Yes,Yes,39,Yes,Yes,Fiber optic,No,No,Yes,No,No,Yes,Two year,Yes,Bank transfer (automatic),86.85,3369.36,No
CUST13041,Female,0,No,No,31,Yes,Yes,DSL,Yes,No,No,No,Yes,Yes,Month-to-month,No,Bank transfer (automatic),57.46,1730.8,No
CUST13042,Female,0,Yes,No,7,Yes,No,Fiber optic,No,No,Yes,No,No,Yes,Two year,No,Mailed check,79.63,539.61,No
CUST13043,Male,0,Yes,No,1,No,No phone service,Fiber optic,No,No,Yes,No,Yes,No,One year,Yes,Electronic check,78.99,78.56,Yes
CUST13044,Male,0,Yes,No,3,No,No phone service,DSL,No,No,Yes,Yes,No,Yes,Two year,No,Bank transfer (automatic),64.97,186.19,No
CUST13045,Female,0,No,No,8,Yes,Yes,Fiber optic,No,Yes,No,No,Yes,No,Two year,Yes,Credit card (automatic),82.73,644.97,No
CUST13046,Male,1,Yes,No,7,No,No phone service,Fiber optic,No,No,Yes,No,No,Yes,Month-to-month,Yes,Electronic check,89.68,616.6,No
CUST13047,Male,0,Yes,No,0,Yes,No,Fiber optic,No,No,Yes,No,Yes,No,Month-to-month,Yes,Bank transfer (automatic),83.68,82.31,Yes
CUST13048,Female,0,No,Yes,11,No,No phone service,Fiber optic,No,No,No,No,No,No,Two year,No,Bank transfer (automatic),69.57,731.33,No
CUST13049,Female,1,Yes,No,2,Yes,No,No,No internet service,No internet service,No internet service,No internet service,No internet service,No internet service,Month-to-month,No,Bank transfer (automatic),21.5,41.09,Yes
CUST13050,Male,0,Yes,No,4,Yes,Yes,No,No internet service,No internet service,No internet service,No internet service,No internet service,No internet service,Month-to-month,No,Mailed check,18.84,72.67,No
CUST13051,Male,0,Yes,No,30,Yes,Yes,Fiber optic,No,No,No,No,No,No,Two year,No,Electronic check,78.98,2343.49,No
CUST13052,Female,0,No,Yes,13,Yes,No,DSL,No,No,No,No,No,No,Month-to-month,No,Credit card (automatic),35.03,454.97,No
CUST13053,Male,0,No,No,9,Yes,Yes,No,No internet service,No internet service,No internet service,No internet service,No internet service,No internet service,Two year,Yes,Electronic check,23.16,204.17,No
CUST13054,Male,0,No,No,4,Yes,No,DSL,No,No,Yes,Yes,No,Yes,Two year,No,Mailed check,63.63,250.23,No
CUST13055,Female,0,Yes,No,40,Yes,Yes,DSL,No,No,No,Yes,No,Yes,Month-to-month,No,Credit card (automatic),62.08,2481.02,No
CUST13056,Female,0,No,No,46,No,No phone service,Fiber optic,Yes,Yes,Yes,No,No,No,Two year,Yes,Credit card (automatic),89.28,3948.98,No
CUST13057,Male,0,Yes,Yes,14,Yes,No,Fiber optic,No,No,No,No,No,Yes,Month-to-month,No,Bank transfer (automatic),77.64,1037.65,No
CUST13058,Male,1,Yes,No,50,Yes,Yes,Fiber optic,No,No,No,Yes,No,No,Two year,Yes,Mailed check,72.94,3495.96,No
CUST13059,Male,0,Yes,No,12,No,No phone service,Fiber optic,Yes,Yes,Yes,No,Yes,Yes,Month-to-month,No,Bank transfer (automatic),94.84,1098.66,No
CUST13060,Female,0,No,No,2,Yes,No,No,No internet service,No internet service,No internet service,No internet service,No internet service,No internet service,Two year,Yes,Mailed check,18.0,35.43,No
CUST13061,Male,0,Yes,No,0,Yes,Yes,No,No internet service,No internet service,No internet service,No internet service,No internet service,No internet service,Month-to-month,Yes,Electronic check,18.0,17.37,Yes
CUST13062,Male,0,No,No,2,Yes,No,Fiber optic,Yes,No,No,No,No,Yes,One year,Yes,Electronic check,83.67,163.15,Yes
CUST13063,Female,0,No,Yes,19,Yes,Yes,Fiber optic,No,Yes,No,No,Yes,No,Two year,Yes,Bank transfer (automatic),83.44,1508.25,No
CUST13064,Female,0,Yes,No,7,Yes,Yes,Fiber optic,No,No,No,No,Yes,No,Month-to-month,Yes,Electronic check,72.99,509.37,No
CUST13065,Male,0,Yes,No,20,No,No phone service,DSL,No,No,No,Yes,No,Yes,Two year,Yes,Electronic check,51.09,1000.85,No
CUST13066,Female,0,Yes,Yes,14,No,No phone service,Fiber optic,Yes,No,No,No,No,No,Two year,Yes,Electronic check,70.4,963.24,No
CUST13067,Female,0,Yes,No,8,Yes,No,No,No internet service,No internet service,No internet service,No internet service,No internet service,No internet service,One year,No,Electronic check,23.26,183.71,No
CUST13068,Male,0,Yes,No,4,Yes,No,No,No internet service,No internet service,No internet service,No internet service,No internet service,No internet service,Two year,No,Electronic check,18.0,71.82,No
CUST13069,Female,0,No,No,1,Yes,Yes,Fiber optic,No,No,No,No,Yes,No,Month-to-month,Yes,Bank transfer (automatic),67.82,66.5,Yes
CUST13070,Female,0,Yes,Yes,30,Yes,No,No,No internet service,No internet service,No internet service,No internet service,No internet service,No internet service,One year,Yes,Mailed check,23.52,694.27,No
CUST13071,Male,0,No,No,34,Yes,Yes,No,No internet service,No internet service,No internet service,No internet service,No internet service,No internet service,Month-to-month,Yes,Electronic check,18.0,589.92,Yes
CUST13072,Female,0,Yes,No,15,Yes,No,No,No internet service,No internet service,No internet service,No internet service,No internet service,No internet service,Month-to-month,No,Electronic check,24.99,371.55,No
CUST13073,Male,0,No,No,3,Yes,No,No,No internet service,No internet service,No internet service,No internet service,No internet service,No internet service,One year,Yes,Mailed check,18.0,53.43,No
CUST13074,Male,1,No,No,6,No,No phone service,No,No internet service,No internet service,No internet service,No internet service,No internet service,No internet service,One year,Yes,Bank transfer (automatic),18.0,102.72,No
CUST13075,Female,0,No,Yes,62,Yes,No,DSL,No,No,No,Yes,No,Yes,Month-to-month,No,Credit card (automatic),55.17,3382.52,No
CUST13076,Female,0,No,No,5,Yes,No,No,No internet service,No internet service,No internet service,No internet service,No internet service,No internet service,Month-to-month,No,Mailed check,18.0,86.37,No
CUST13077,Female,0,Yes,No,1,Yes,No,Fiber optic,No,No,Yes,No,No,Yes,One year,Yes,Electronic check,73.48,70.46,Yes
CUST13078,Male,1,Yes,No,15,Yes,No,Fiber optic,No,No,No,No,No,Yes,Month-to-month,Yes,Bank transfer (automatic),73.12,1059.99,Yes
CUST13079,Female,0,No,No,6,Yes,Yes,No,No internet service,No internet service,No internet service,No internet service,No internet service,No internet service,Month-to-month,Yes,Bank transfer (automatic),29.02,173.68,No
CUST13080,Male,0,No,No,63,Yes,No,DSL,No,No,No,No,No,Yes,Month-to-month,No,Mailed check,48.24,2976.91,No
CUST13081,Female,0,No,No,17,Yes,Yes,DSL,Yes,Yes,No,Yes,No,No,Month-to-month,No,Bank transfer (automatic),60.37,1023.52,No
CUST13082,Female,0,Yes,No,67,Yes,Yes,Fiber optic,No,No,No,No,No,No,Two year,Yes,Credit card (automatic),69.25,4425.94,No
CUST13083,Female,0,Yes,No,30,Yes,Yes,No,No internet service,No internet service,No internet service,No internet service,No internet service,No internet service,Two year,No,Electronic check,21.32,624.64,No
CUST13084,Male,0,Yes,No,25,Yes,Yes,No,No internet service,No internet service,No internet service,No internet service,No internet service,No internet service,Month-to-month,Yes,Electronic check,22.08,538.34,Yes
CUST13085,Female,0,No,No,35,Yes,No,No,No internet service,No internet service,No internet service,No internet service,No internet service,No internet service,Month-to-month,Yes,Electronic check,20.72,704.98,No
CUST13086,Female,0,No,No,18,Yes,No,No,No internet service,No internet service,No internet service,No internet service,No internet service,No internet service,Two year,Yes,Bank transfer (automatic),26.03,468.34,No
CUST13087,Male,0,No,Yes,0,Yes,No,No,No internet service,No internet service,No internet service,No internet service,No internet service,No internet service,Two year,Yes,Bank transfer (automatic),23.81,23.18,No
CUST13088,Male,1,No,No,9,Yes,No,DSL,No,No,No,No,No,No,Month-to-month,Yes,Electronic check,45.24,391.66,Yes
CUST13089,Female,0,No,Yes,4,Yes,No,Fiber optic,No,Yes,No,Yes,Yes,No,Two year,Yes,Electronic check,85.66,336.54,No
CUST13090,Female,0,No,No,11,Yes,No,DSL,No,No,Yes,No,No,Yes,Month-to-month,No,Credit card (automatic),71.29,754.66,No
CUST13091,Female,0,Yes,No,12,Yes,No,DSL,No,Yes,No,Yes,No,No,Month-to-month,Yes,Bank transfer (automatic),58.23,668.42,No
CUST13092,Male,1,No,Yes,2,Yes,Yes,No,No internet service,No internet service,No internet service,No internet service,No internet service,No internet service,Month-to-month,Yes,Mailed check,27.27,53.4,Yes
CUST13093,Male,1,Yes,No,0,Yes,Yes,Fiber optic,No,No,No,No,No,No,Two year,No,Mailed check,81.96,80.83,No
CUST13094,Male,0,No,No,2,Yes,Yes,No,No internet service,No internet service,No internet service,No internet service,No internet service,No internet service,Two year,Yes,Electronic check,18.0,35.01,No
CUST13095,Male,0,Yes,Yes,38,Yes,Yes,Fiber optic,No,Yes,Yes,No,Yes,Yes,Month-to-month,No,Mailed check,90.12,3308.48,No
CUST13096,Female,0,No,No,28,Yes,No,Fiber optic,Yes,No,Yes,Yes,Yes,Yes,One year,Yes,Bank transfer (automatic),91.08,2442.25,No
CUST13097,Male,1,No,No,32,Yes,No,Fiber optic,No,Yes,Yes,No,Yes,No,Month-to-month,No,Mailed check,76.96,2438.3,No
CUST13098,Male,0,No,No,6,Yes,No,No,No internet service,No internet service,No internet service,No internet service,No internet service,No internet service,Month-to-month,No,Mailed check,18.0,107.41,No
CUST13099,Male,0,No,No,5,Yes,Yes,Fiber optic,No,No,Yes,Yes,Yes,No,Month-to-month,No,Electronic check,82.24,395.84,No
CUST13100,Female,0,No,Yes,0,Yes,No,DSL,No,No,Yes,No,Yes,No,One year,No,Mailed check,59.52,57.82,Yes
CUST13101,Female,1,No,Yes,12,Yes,Yes,No,No internet service,No internet service,No internet service,No internet service,No internet service,No internet service,Month-to-month,No,Bank transfer (automatic),20.8,240.95,No
CUST13102,Male,0,Yes,No,9,Yes,No,Fiber optic,No,Yes,No,No,No,Yes,Month-to-month,No,Credit card (automatic),82.95,740.23,Yes
CUST13103,Male,0,No,No,36,Yes,No,DSL,No,No,No,No,Yes,Yes,Month-to-month,Yes,Credit card (automatic),56.81,2037.2,No
CUST13104,Female,0,Yes,No,22,Yes,Yes,Fiber optic,No,Yes,Yes,No,No,Yes,One year,No,Credit card (automatic),92.04,1938.97,No
CUST13105,Female,0,No,No,3,Yes,No,DSL,Yes,Yes,Yes,No,Yes,Yes,Month-to-month,No,Bank transfer (automatic),63.34,180.87,No
CUST13106,Female,0,No,No,72,Yes,No,No,No internet service,No internet service,No internet service,No internet service,No internet service,No internet service,Month-to-month,No,Mailed check,25.71,1766.49,No
CUST13107,Female,1,No,No,29,Yes,No,Fiber optic,Yes,Yes,No,No,No,Yes,Month-to-month,Yes,Mailed check,82.7,2313.22,No
CUST13108,Female,1,No,No,25,No,No phone service,No,No internet service,No internet service,No internet service,No internet service,No internet service,No internet service,Month-to-month,Yes,Bank transfer (automatic),23.68,583.84,No
CUST13109,Female,1,No,Yes,4,Yes,No,DSL,No,Yes,No,No,Yes,No,One year,No,Electronic check,58.48,226.04,No
CUST13110,Female,0,No,Yes,47,Yes,No,No,No internet service,No internet service,No internet service,No internet service,No internet service,No internet service,Two year,No,Credit card (automatic),21.91,1028.96,No
CUST13111,Female,0,No,No,12,Yes,No,Fiber optic,No,No,Yes,No,No,No,Month-to-month,No,Electronic check,73.38,840.3,No
CUST13112,Male,1,No,No,7,Yes,Yes,DSL,Yes,No,No,Yes,Yes,Yes,One year,Yes,Electronic check,55.34,381.02,No
CUST13113,Male,0,No,Yes,21,Yes,No,DSL,No,No,Yes,No,Yes,No,Month-to-month,No,Electronic check,54.16,1106.77,No
CUST13114,Male,0,Yes,No,4,Yes,No,DSL,No,Yes,Yes,No,No,Yes,Month-to-month,No,Electronic check,58.78,227.0,No
CUST13115,Male,1,No,No,47,No,No phone service,Fiber optic,No,No,No,Yes,No,No,Month-to-month,No,Electronic check,69.92,3214.09,Yes
CUST13116,Male,0,No,Yes,38,Yes,No,DSL,No,No,Yes,No,Yes,No,One year,Yes,Electronic check,52.57,1922.52,No
CUST13117,Male,0,No,No,12,Yes,Yes,Fiber optic,No,Yes,Yes,No,No,Yes,Two year,Yes,Electronic check,76.78,903.59,No
CUST13118,Female,0,No,Yes,4,Yes,No,Fiber optic,No,Yes,No,No,Yes,Yes,One year,Yes,Mailed check,84.48,337.84,No
CUST13119,Female,0,Yes,No,13,Yes,No,Fiber optic,No,No,No,No,Yes,Yes,Month-to-month,No,Mailed check,78.88,990.17,No
CUST13120,Male,0,Yes,Yes,3,Yes,Yes,No,No internet service,No internet service,No internet service,No internet service,No internet service,No internet service,One year,Yes,Electronic check,21.07,61.23,No
CUST13121,Male,0,No,No,6,Yes,Yes,Fiber optic,Yes,Yes,No,Yes,Yes,No,Two year,Yes,Bank transfer (automatic),87.59,522.1,No
CUST13122,Female,0,No,Yes,13,No,No phone service,DSL,Yes,No,Yes,No,No,No,Month-to-month,No,Electronic check,60.71,763.93,No
CUST13123,Female,0,No,No,0,Yes,Yes,Fiber optic,Yes,Yes,No,No,No,Yes,Two year,Yes,Mailed check,92.19,91.78,No
CUST13124,Female,0,Yes,No,29,Yes,No,DSL,No,No,No,No,No,No,Month-to-month,Yes,Mailed check,41.17,1175.93,No
CUST13125,Male,0,No,No,4,Yes,No,Fiber optic,Yes,No,No,No,No,No,Two year,No,Mailed check,73.85,280.92,No
CUST13126,Female,1,No,No,40,Yes,Yes,Fiber optic,No,No,No,No,Yes,No,Month-to-month,Yes,Electronic check,76.49,2964.37,No
CUST13127,Male,0,Yes,No,0,Yes,No,DSL,Yes,Yes,No,No,No,Yes,One year,No,Electronic check,58.43,56.63,No
CUST13128,Male,0,Yes,Yes,15,Yes,No,Fiber optic,No,Yes,No,No,Yes,No,One year,No,Electronic check,75.31,1086.98,No
CUST13129,Female,0,Yes,No,29,Yes,No,DSL,No,No,Yes,Yes,Yes,No,Month-to-month,No,Credit card (automatic),67.12,1906.36,No
CUST13130,Female,1,Yes,No,5,Yes,Yes,Fiber optic,Yes,No,No,No,No,Yes,Two year,No,Mailed check,88.44,420.99,No
CUST13131,Male,0,Yes,No,24,Yes,No,No,No internet service,No internet service,No internet service,No internet service,No internet service,No internet service,Month-to-month,Yes,Bank transfer (automatic),18.0,423.28,No
CUST13132,Female,0,Yes,No,25,Yes,Yes,Fiber optic,No,No,No,No,No,No,Month-to-month,Yes,Bank transfer (automatic),68.98,1686.33,No
CUST13133,Female,1,No,No,20,Yes,Yes,No,No internet service,No internet service,No internet service,No internet service,No internet service,No internet service,Two year,Yes,Electronic check,31.26,615.53,No
CUST13134,Male,0,Yes,No,9,Yes,Yes,No,No internet service,No internet service,No internet service,No internet service,No internet service,No internet service,Month-to-month,Yes,Mailed check,18.0,158.26,No
CUST13135,Female,1,Yes,No,30,Yes,Yes,DSL,No,Yes,No,No,No,No,Month-to-month,Yes,Electronic check,53.37,1547.74,No
CUST13136,Male,1,Yes,No,19,Yes,Yes,Fiber optic,No,Yes,No,No,Yes,Yes,One year,Yes,Bank transfer (automatic),83.08,1576.17,Yes
CUST13137,Male,1,Yes,No,17,Yes,No,DSL,No,No,No,No,No,No,Two year,No,Electronic check,44.12,717.52,No
CUST13138,Female,0,No,No,34,Yes,No,Fiber optic,No,No,Yes,Yes,No,No,Two year,No,Credit card (automatic),87.56,2938.78,No
CUST13139,Male,0,Yes,No,5,Yes,No,Fiber optic,No,Yes,No,No,No,No,Two year,No,Credit card (automatic),77.15,370.43,No
CUST13140,Male,1,No,No,5,Yes,No,Fiber optic,Yes,Yes,Yes,Yes,No,No,Two year,No,Electronic check,78.77,375.38,No
CUST13141,Female,0,No,No,9,Yes,Yes,DSL,No,Yes,Yes,No,No,No,Two year,No,Electronic check,57.15,508.34,No
CUST13142,Female,0,Yes,No,1,Yes,Yes,DSL,No,Yes,No,No,Yes,No,One year,No,Electronic check,56.37,55.97,No
CUST13143,Female,0,No,No,8,Yes,Yes,Fiber optic,Yes,No,No,No,Yes,Yes,Month-to-month,No,Mailed check,78.14,597.66,No
CUST13144,Male,0,No,No,10,Yes,No,Fiber optic,Yes,No,No,No,No,No,Two year,Yes,Bank transfer (automatic),75.65,738.57,No
CUST13145,Male,0,Yes,Yes,13,No,No phone service,DSL,No,Yes,No,No,No,No,Month-to-month,Yes,Credit card (automatic),44.43,569.75,No
CUST13146,Female,0,No,Yes,5,Yes,No,Fiber optic,Yes,No,No,No,No,No,Month-to-month,Yes,Mailed check,71.56,346.74,No
CUST13147,Male,0,No,No,47,Yes,Yes,Fiber optic,No,Yes,Yes,Yes,No,No,Two year,No,Credit card (automatic),87.77,4010.15,No
CUST13148,Female,0,No,No,6,Yes,No,Fiber optic,Yes,No,No,Yes,Yes,No,Two year,No,Credit card (automatic),93.61,561.02,No
CUST13149,Female,0,Yes,No,38,Yes,No,DSL,Yes,No,No,No,No,No,Month-to-month,Yes,Bank transfer (automatic),52.28,1959.73,Yes
CUST13150,Male,0,No,No,11,Yes,No,No,No internet service,No internet service,No internet service,No internet service,No internet service,No internet service,Month-to-month,No,Mailed check,18.0,197.22,No
CUST13151,Female,0,Yes,No,25,Yes,No,Fiber optic,Yes,Yes,No,Yes,Yes,Yes,Month-to-month,Yes,Bank transfer (automatic),104.05,2527.41,No
CUST13152,Male,0,Yes,No,2,Yes,Yes,Fiber optic,Yes,No,No,No,Yes,Yes,Month-to-month,No,Bank transfer (automatic),88.19,171.76,Yes
CUST13153,Male,0,Yes,No,15,Yes,Yes,No,No internet service,No internet service,No internet service,No internet service,No internet service,No internet service,Month-to-month,Yes,Mailed check,18.68,279.78,No
CUST13154,Female,0,No,Yes,64,Yes,Yes,DSL,No,No,Yes,No,Yes,No,One year,No,Bank transfer (automatic),55.54,3452.79,No
CUST13155,Male,0,No,No,21,Yes,Yes,Fiber optic,No,No,Yes,Yes,No,No,Month-to-month,No,Credit card (automatic),80.53,1641.41,No
CUST13156,Female,0,Yes,No,34,Yes,Yes,Fiber optic,No,Yes,Yes,No,No,No,Month-to-month,Yes,Bank transfer (automatic),74.19,2484.29,No
CUST13157,Male,0,Yes,No,6,Yes,Yes,DSL,No,No,No,No,Yes,Yes,Two year,No,Electronic check,45.17,258.07,No
CUST13158,Male,0,No,No,32,Yes,Yes,Fiber optic,No,No,No,Yes,No,No,One year,No,Mailed check,68.79,2140.11,No
CUST13159,Male,0,No,No,8,No,No phone service,DSL,No,No,No,Yes,No,Yes,Month-to-month,Yes,Mailed check,60.42,481.89,No
CUST13160,Female,0,Yes,Yes,13,Yes,No,Fiber optic,Yes,Yes,No,No,Yes,No,Month-to-month,Yes,Credit card (automatic),92.01,1189.95,No
CUST13161,Male,1,No,Yes,4,Yes,No,Fiber optic,No,No,Yes,No,No,Yes,Month-to-month,Yes,Mailed check,75.4,296.48,No
CUST13162,Female,0,Yes,Yes,13,Yes,Yes,Fiber optic,No,Yes,No,No,No,No,Two year,Yes,Mailed check,69.31,875.96,No
CUST13163,Male,1,No,No,14,Yes,Yes,No,No internet service,No internet service,No internet service,No internet service,No internet service,No internet service,Month-to-month,Yes,Electronic check,18.0,245.83,No
CUST13164,Male,0,No,Yes,19,Yes,Yes,No,No internet service,No internet service,No internet service,No internet service,No internet service,No internet service,Two year,Yes,Bank transfer (automatic),18.0,329.45,No
CUST13165,Female,0,Yes,Yes,40,Yes,Yes,Fiber optic,No,Yes,No,No,No,No,Two year,Yes,Electronic check,87.84,3373.89,No
CUST13166,Female,0,No,No,7,Yes,No,DSL,No,Yes,No,No,Yes,Yes,One year,Yes,Credit card (automatic),51.48,347.19,No
CUST13167,Female,0,No,No,72,Yes,No,No,No internet service,No internet service,No internet service,No internet service,No internet service,No internet service,Month-to-month,No,Bank transfer (automatic),18.0,1289.67,No
CUST13168,Female,0,Yes,No,37,Yes,Yes,Fiber optic,No,No,Yes,Yes,No,No,Two year,Yes,Electronic check,82.22,2929.17,No
CUST13169,Female,0,Yes,No,10,Yes,No,Fiber optic,No,No,Yes,No,No,No,Month-to-month,No,Electronic check,73.95,719.88,No
CUST13170,Male,0,Yes,No,5,Yes,Yes,Fiber optic,No,No,No,No,Yes,Yes,Month-to-month,Yes,Credit card (automatic),82.26,405.47,No
CUST13171,Male,0,Yes,Yes,1,Yes,No,DSL,No,Yes,No,No,No,No,Month-to-month,No,Electronic check,55.57,54.85,Yes
CUST13172,Female,0,No,No,5,Yes,Yes,Fiber optic,No,No,Yes,No,No,No,One year,No,Electronic check,75.82,366.03,No
CUST13173,Male,0,Yes,No,43,Yes,No,DSL,Yes,Yes,Yes,Yes,Yes,Yes,Month-to-month,Yes,Electronic check,81.37,3369.24,No
CUST13174,Male,1,No,No,6,Yes,No,Fiber optic,No,No,No,Yes,Yes,No,Two year,Yes,Bank transfer (automatic),79.57,462.39,No
CUST13175,Male,0,Yes,No,2,Yes,No,Fiber optic,No,No,No,Yes,Yes,Yes,Month-to-month,Yes,Electronic check,80.47,153.71,Yes
CUST13176,Female,0,No,No,0,Yes,Yes,No,No internet service,No internet service,No internet service,No internet service,No internet service,No internet service,Two year,No,Electronic check,24.47,23.91,No
CUST13177,Male,0,Yes,No,7,Yes,No,Fiber optic,Yes,No,Yes,No,Yes,Yes,Month-to-month,Yes,Mailed check,95.29,658.07,Yes
CUST13178,Male,0,Yes,No,4,Yes,No,Fiber optic,No,Yes,Yes,Yes,No,No,Month-to-month,Yes,Bank transfer (automatic),89.09,342.73,No
CUST13179,Male,0,Yes,No,2,Yes,No,DSL,No,No,Yes,No,Yes,No,Month-to-month,Yes,Electronic check,53.03,101.23,Yes
CUST13180,Female,0,No,No,60,No,No phone service,Fiber optic,No,No,No,Yes,Yes,Yes,Two year,Yes,Electronic check,79.31,4721.52,No
CUST13181,Male,0,Yes,No,6,Yes,No,Fiber optic,No,Yes,No,Yes,Yes,Yes,Month-to-month,No,Bank transfer (automatic),93.27,556.34,No
CUST13182,Male,1,Yes,No,0,Yes,No,DSL,Yes,No,Yes,Yes,No,No,One year,No,Bank transfer (automatic),65.35,64.89,No
CUST13183,Female,0,No,Yes,57,Yes,No,Fiber optic,No,No,Yes,Yes,Yes,No,Month-to-month,No,Electronic check,87.29,4832.22,No
CUST13184,Female,1,No,No,17,Yes,No,Fiber optic,No,Yes,No,No,No,No,Two year,Yes,Credit card (automatic),72.42,1178.32,No
CUST13185,Male,1,No,Yes,1,Yes,Yes,Fiber optic,No,No,Yes,Yes,Yes,No,Month-to-month,Yes,Mailed check,81.72,80.45,Yes
CUST13186,Male,1,Yes,No,0,Yes,Yes,No,No internet service,No internet service,No internet service,No internet service,No internet service,No internet service,Month-to-month,Yes,Mailed check,18.0,17.19,Yes
CUST13187,Female,0,Yes,No,2,Yes,No,DSL,No,No,Yes,No,Yes,No,One year,Yes,Credit card (automatic),63.67,125.38,No
CUST13188,Female,0,No,No,17,Yes,Yes,Fiber optic,Yes,Yes,No,No,No,No,Month-to-month,No,Electronic check,75.9,1239.82,No
CUST13189,Female,0,No,No,1,Yes,No,Fiber optic,No,No,No,No,No,No,Month-to-month,Yes,Electronic check,68.25,65.21,Yes
CUST13190,Female,0,Yes,No,16,No,No phone service,DSL,No,No,Yes,Yes,Yes,No,Month-to-month,Yes,Credit card (automatic),59.81,909.2,No
CUST13191,Female,0,Yes,No,21,Yes,No,No,No internet service,No internet service,No internet service,No internet service,No internet service,No internet service,One year,No,Mailed check,18.0,368.73,No
CUST13192,Female,0,No,No,3,Yes,No,No,No internet service,No internet service,No internet service,No internet service,No internet service,No internet service,Month-to-month,No,Bank transfer (automatic),18.14,54.05,Yes
CUST13193,Female,0,Yes,No,13,Yes,No,Fiber optic,Yes,No,No,Yes,No,No,Month-to-month,No,Electronic check,66.91,858.87,No
CUST13194,Male,0,No,Yes,66,Yes,Yes,No,No internet service,No internet service,No internet service,No internet service,No internet service,No internet service,One year,No,Mailed check,18.0,1144.12,No
CUST13195,Female,0,Yes,No,36,Yes,No,DSL,No,Yes,Yes,Yes,No,No,Month-to-month,Yes,Credit card (automatic),64.46,2221.75,No
CUST13196,Female,0,No,No,25,Yes,No,DSL,No,No,No,No,Yes,No,One year,No,Credit card (automatic),50.01,1247.67,No
CUST13197,Male,0,No,Yes,14,Yes,Yes,DSL,No,No,No,No,No,No,One year,No,Mailed check,44.91,623.31,No
CUST13198,Female,0,Yes,No,10,Yes,No,Fiber optic,No,No,No,No,No,Yes,Two year,No,Electronic check,73.83,724.4,No
CUST13199,Female,0,Yes,Yes,12,Yes,Yes,Fiber optic,No,No,No,No,Yes,Yes,Month-to-month,Yes,Mailed check,80.95,939.84,No
CUST13200,Male,0,No,No,28,Yes,Yes,No,No internet service,No internet service,No internet service,No internet service,No internet service,No internet service,One year,Yes,Mailed check,19.42,537.99,No
CUST13201,Female,0,Yes,Yes,16,No,No phone service,Fiber optic,No,No,Yes,No,No,No,Month-to-month,Yes,Mailed check,77.71,1204.56,No
CUST13202,Male,0,No,No,28,Yes,No,DSL,No,No,Yes,Yes,Yes,Yes,Month-to-month,Yes,Electronic check,72.94,2011.6,No
CUST13203,Male,0,No,No,70,Yes,No,No,No internet service,No internet service,No internet service,No internet service,No internet service,No internet service,Month-to-month,No,Mailed check,21.87,1496.03,No
CUST13204,Male,0,No,No,20,Yes,Yes,Fiber optic,Yes,Yes,No,No,Yes,No,Month-to-month,No,Credit card (automatic),89.13,1742.54,No
CUST13205,Male,0,Yes,No,18,Yes,Yes,No,No internet service,No internet service,No internet service,No internet service,No internet service,No internet service,Month-to-month,No,Electronic check,23.38,410.98,No
CUST13206,Female,0,Yes,No,10,Yes,No,Fiber optic,No,No,Yes,No,No,No,One year,No,Bank transfer (automatic),80.8,806.96,No
CUST13207,Male,0,No,No,4,Yes,Yes,DSL,No,No,Yes,No,No,No,Month-to-month,No,Credit card (automatic),57.59,229.21,No
CUST13208,Male,0,Yes,No,9,Yes,Yes,No,No internet service,No internet service,No internet service,No internet service,No internet service,No internet service,Month-to-month,Yes,Mailed check,18.0,157.5,Yes
CUST13209,Female,0,No,No,14,Yes,No,No,No internet service,No internet service,No internet service,No internet service,No internet service,No internet service,Month-to-month,Yes,Mailed check,21.13,294.97,No
CUST13210,Male,1,No,Yes,0,Yes,No,Fiber optic,No,No,Yes,Yes,Yes,No,Month-to-month,No,Electronic check,79.4,78.03,Yes
CUST13211,Male,0,Yes,Yes,12,Yes,Yes,DSL,No,Yes,No,No,No,Yes,Month-to-month,No,Bank transfer (automatic),55.73,663.46,No
CUST13212,Male,0,Yes,No,39,Yes,No,DSL,Yes,No,No,Yes,No,Yes,Month-to-month,Yes,Mailed check,59.3,2291.25,No
CUST13213,Male,0,Yes,No,72,Yes,No,Fiber optic,No,No,No,No,No,No,Month-to-month,No,Bank transfer (automatic),72.85,5235.03,No
CUST13214,Female,0,No,Yes,38,Yes,No,Fiber optic,No,No,No,No,Yes,Yes,One year,No,Mailed check,83.78,3056.16,No
CUST13215,Male,0,Yes,Yes,3,Yes,Yes,DSL,No,No,No,Yes,Yes,No,Month-to-month,Yes,Electronic check,51.04,150.85,No
CUST13216,Female,0,Yes,No,3,Yes,Yes,DSL,No,Yes,No,No,Yes,Yes,One year,Yes,Electronic check,62.17,185.99,No
CUST13217,Female,0,No,No,9,Yes,Yes,No,No internet service,No internet service,No internet service,No internet service,No internet service,No internet service,Two year,Yes,Credit card (automatic),18.2,156.13,No
CUST13218,Male,0,Yes,No,5,Yes,Yes,No,No internet service,No internet service,No internet service,No internet service,No internet service,No internet service,Month-to-month,Yes,Bank transfer (automatic),18.0,89.65,No
CUST13219,Male,0,Yes,No,22,Yes,Yes,Fiber optic,Yes,Yes,No,Yes,Yes,Yes,Month-to-month,No,Electronic check,98.6,2161.96,No
CUST13220,Male,0,Yes,Yes,1,Yes,No,DSL,Yes,Yes,No,No,No,Yes,Month-to-month,Yes,Electronic check,59.1,57.64,No
CUST13221,Male,0,No,No,11,Yes,Yes,DSL,No,Yes,No,No,Yes,No,Month-to-month,Yes,Bank transfer (automatic),54.68,592.2,Yes
CUST13222,Female,0,Yes,No,6,Yes,No,No,No internet service,No internet service,No internet service,No internet service,No internet service,No internet service,Two year,Yes,Bank transfer (automatic),18.0,102.68,No
CUST13223,Female,0,No,No,18,Yes,No,Fiber optic,No,No,No,Yes,Yes,No,Month-to-month,No,Credit card (automatic),77.47,1326.29,No
CUST13224,Female,0,No,No,31,Yes,Yes,Fiber optic,Yes,No,Yes,No,No,No,Month-to-month,No,Electronic check,80.79,2381.44,No
CUST13225,Male,0,No,No,51,Yes,No,DSL,No,Yes,Yes,No,No,No,Month-to-month,Yes,Credit card (automatic),57.8,2866.88,Yes
CUST13226,Female,0,No,No,66,Yes,No,DSL,Yes,No,No,No,No,No,Month-to-month,No,Mailed check,40.05,2526.3,No
CUST13227,Male,1,Yes,Yes,8,No,No phone service,DSL,No,No,No,Yes,Yes,Yes,Month-to-month,No,Credit card (automatic),48.34,382.64,No
CUST13228,Male,1,Yes,Yes,38,Yes,No,Fiber optic,Yes,Yes,Yes,No,Yes,No,Month-to-month,Yes,Credit card (automatic),83.38,3047.14,Yes
CUST13229,Male,0,Yes,Yes,17,Yes,Yes,Fiber optic,No,No,No,No,No,Yes,Month-to-month,No,Credit card (automatic),78.46,1277.75,Yes
CUST13230,Male,0,No,No,23,No,No phone service,DSL,No,No,No,No,Yes,No,One year,Yes,Credit card (automatic),51.32,1141.66,No
CUST13231,Male,0,Yes,No,38,Yes,No,No,No internet service,No internet service,No internet service,No internet service,No internet service,No internet service,Month-to-month,Yes,Bank transfer (automatic),30.79,1124.55,Yes
CUST13232,Female,0,Yes,No,2,Yes,Yes,Fiber optic,No,Yes,No,No,No,Yes,Two year,Yes,Credit card (automatic),84.46,166.6,No
CUST13233,Female,1,Yes,No,58,Yes,No,Fiber optic,No,No,Yes,Yes,Yes,Yes,Month-to-month,No,Mailed check,97.73,5486.77,No
CUST13234,Male,0,Yes,No,15,Yes,No,Fiber optic,No,Yes,No,No,No,No,Month-to-month,No,Mailed check,76.28,1131.49,No
CUST13235,Female,0,No,Yes,8,Yes,Yes,DSL,No,No,Yes,No,No,No,Month-to-month,No,Mailed check,41.7,330.53,Yes
CUST13236,Male,0,No,Yes,8,Yes,No,DSL,Yes,No,Yes,Yes,No,No,One year,No,Mailed check,59.54,466.54,No
CUST13237,Male,0,Yes,Yes,27,Yes,No,Fiber optic,Yes,Yes,No,No,No,Yes,Month-to-month,Yes,Mailed check,86.73,2297.6,No
CUST13238,Male,1,No,No,22,Yes,No,DSL,No,No,No,No,No,No,Month-to-month,No,Bank transfer (automatic),49.69,1054.09,No
CUST13239,Female,0,No,Yes,26,Yes,Yes,Fiber optic,No,No,No,No,No,Yes,Month-to-month,No,Mailed check,69.98,1787.2,No
CUST13240,Male,0,No,No,5,Yes,Yes,Fiber optic,No,No,Yes,Yes,No,No,Two year,No,Bank transfer (automatic),78.04,380.59,No
CUST13241,Male,0,No,No,3,Yes,Yes,No,No internet service,No internet service,No internet service,No internet service,No internet service,No internet service,Two year,Yes,Electronic check,26.88,79.43,No
CUST13242,Female,0,Yes,Yes,25,Yes,Yes,Fiber optic,No,No,No,Yes,No,No,Month-to-month,Yes,Bank transfer (automatic),67.57,1661.28,No
CUST13243,Female,0,Yes,Yes,7,No,No phone service,Fiber optic,No,Yes,No,No,No,Yes,Month-to-month,Yes,Bank transfer (automatic),83.31,574.25,No
CUST13244,Female,0,No,No,5,Yes,No,No,No internet service,No internet service,No internet service,No internet service,No internet service,No internet service,Month-to-month,Yes,Mailed check,19.88,98.67,No
CUST13245,Male,0,No,Yes,4,Yes,No,Fiber optic,No,Yes,No,No,Yes,No,Month-to-month,Yes,Mailed check,89.51,350.71,No
CUST13246,Male,0,No,Yes,3,Yes,Yes,DSL,No,No,Yes,Yes,Yes,Yes,Two year,Yes,Electronic check,66.24,196.53,No
CUST13247,Female,0,No,No,11,Yes,No,Fiber optic,No,No,No,No,No,No,One year,No,Mailed check,68.61,729.31,No
CUST13248,Male,0,No,No,6,Yes,No,DSL,No,No,No,Yes,No,No,Month-to-month,No,Credit card (automatic),48.58,288.46,No
CUST13249,Female,0,No,Yes,44,Yes,No,Fiber optic,No,No,No,No,No,No,Two year,Yes,Electronic check,73.65,3129.59,No
CUST13250,Female,0,No,No,23,Yes,No,Fiber optic,Yes,Yes,No,No,Yes,Yes,Month-to-month,Yes,Electronic check,96.44,2147.52,No
CUST13251,Male,0,Yes,Yes,27,Yes,No,Fiber optic,No,Yes,Yes,No,No,No,Month-to-month,Yes,Bank transfer (automatic),76.95,2064.63,No
CUST13252,Male,0,No,No,10,Yes,No,DSL,No,No,Yes,Yes,No,No,Month-to-month,Yes,Electronic check,55.4,533.26,Yes
CUST13253,Female,0,No,No,18,No,No phone service,Fiber optic,No,Yes,No,No,No,No,Month-to-month,No,Mailed check,80.79,1435.18,Yes
CUST13254,Female,0,No,No,13,Yes,No,Fiber optic,Yes,No,No,No,Yes,Yes,Month-to-month,Yes,Credit card (automatic),85.76,1072.16,Yes
CUST13255,Female,0,Yes,No,3,Yes,No,Fiber optic,No,Yes,No,No,Yes,No,One year,No,Electronic check,79.3,228.88,No
CUST13256,Female,0,Yes,No,0,Yes,Yes,DSL,No,No,Yes,Yes,No,No,Month-to-month,Yes,Credit card (automatic),60.7,59.5,Yes
CUST13257,Male,0,No,No,23,No,No phone service,No,No internet service,No internet service,No internet service,No internet service,No internet service,No internet service,Month-to-month,No,Electronic check,26.96,590.17,No
CUST13258,Female,0,No,Yes,2,Yes,Yes,DSL,Yes,Yes,No,No,Yes,No,Two year,Yes,Electronic check,56.1,110.23,No
CUST13259,Female,1,No,No,1,No,No phone service,No,No internet service,No internet service,No internet service,No internet service,No internet service,No internet service,Two year,No,Bank transfer (automatic),21.56,21.28,No
CUST13260,Female,0,Yes,No,11,Yes,No,Fiber optic,No,No,No,No,Yes,No,One year,No,Electronic check,78.29,857.51,No
CUST13261,Male,0,Yes,No,26,Yes,Yes,DSL,No,No,No,No,Yes,No,One year,Yes,Electronic check,45.92,1179.17,No
CUST13262,Male,0,Yes,No,29,Yes,No,DSL,No,No,No,No,Yes,No,Two year,Yes,Electronic check,53.58,1541.66,No
CUST13263,Female,0,No,No,41,Yes,Yes,Fiber optic,No,No,Yes,No,No,No,One year,No,Bank transfer (automatic),71.93,2836.22,No
CUST13264,Male,0,Yes,Yes,4,Yes,No,No,No internet service,No internet service,No internet service,No internet service,No internet service,No internet service,Month-to-month,Yes,Credit card (automatic),24.68,95.32,No
CUST13265,Male,0,No,No,72,Yes,No,No,No internet service,No internet service,No internet service,No internet service,No internet service,No internet service,Month-to-month,No,Electronic check,24.38,1750.56,No
CUST13266,Male,0,Yes,Yes,28,Yes,Yes,DSL,No,No,No,No,No,No,Month-to-month,No,Mailed check,52.8,1450.21,No
CUST13267,Female,0,No,Yes,3,Yes,Yes,Fiber optic,No,No,No,No,Yes,No,Month-to-month,Yes,Bank transfer (automatic),64.84,191.31,No
CUST13268,Female,0,No,Yes,36,Yes,Yes,DSL,No,Yes,No,No,Yes,No,Month-to-month,No,Electronic check,63.24,2239.32,No
CUST13269,Male,0,No,No,13,Yes,No,DSL,No,No,No,No,No,Yes,One year,Yes,Electronic check,48.18,626.2,No
CUST13270,Female,0,Yes,Yes,1,No,No phone service,No,No internet service,No internet service,No internet service,No internet service,No internet service,No internet service,Month-to-month,Yes,Credit card (automatic),19.38,19.1,Yes
CUST13271,Female,0,No,No,2,Yes,No,No,No internet service,No internet service,No internet service,No internet service,No internet service,No internet service,Month-to-month,No,Bank transfer (automatic),18.0,35.57,Yes
CUST13272,Male,0,Yes,No,11,Yes,No,Fiber optic,No,No,Yes,No,No,No,Month-to-month,Yes,Credit card (automatic),71.81,786.49,Yes
CUST13273,Male,0,Yes,Yes,15,Yes,Yes,DSL,Yes,Yes,Yes,Yes,No,No,Month-to-month,No,Bank transfer (automatic),68.33,989.72,Yes
CUST13274,Female,1,Yes,Yes,58,Yes,No,Fiber optic,Yes,Yes,Yes,Yes,Yes,No,Two year,No,Mailed check,86.28,4959.88,No
CUST13275,Male,1,No,Yes,4,Yes,No,DSL,No,Yes,Yes,No,No,No,One year,Yes,Electronic check,52.37,199.28,No
CUST13276,Female,0,Yes,No,12,Yes,No,No,No internet service,No internet service,No internet service,No internet service,No internet service,No internet service,Two year,No,Mailed check,18.0,206.49,No
CUST13277,Female,0,No,Yes,5,Yes,No,No,No internet service,No internet service,No internet service,No internet service,No internet service,No internet service,Month-to-month,Yes,Mailed check,19.63,93.89,No
CUST13278,Male,0,Yes,No,16,Yes,No,DSL,Yes,No,No,No,No,No,Month-to-month,Yes,Mailed check,37.61,571.84,Yes
CUST13279,Female,0,Yes,No,48,Yes,Yes,DSL,No,No,Yes,No,No,Yes,One year,Yes,Electronic check,51.71,2412.09,No
CUST13280,Female,1,Yes,No,16,Yes,Yes,No,No internet service,No internet service,No internet service,No internet service,No internet service,No internet service,Month-to-month,No,Mailed check,18.0,287.81,No
CUST13281,Male,0,No,No,14,Yes,No,Fiber optic,Yes,Yes,Yes,No,No,Yes,Month-to-month,No,Mailed check,87.7,1183.46,No
CUST13282,Male,0,Yes,No,27,Yes,No,Fiber optic,No,No,No,No,Yes,No,Month-to-month,Yes,Bank transfer (automatic),74.48,1928.5,No
CUST13283,Male,0,No,No,3,Yes,No,DSL,No,No,Yes,Yes,No,Yes,Two year,No,Electronic check,56.38,164.5,Yes
CUST13284,Female,0,No,No,47,Yes,No,DSL,No,Yes,No,No,No,No,Two year,Yes,Credit card (automatic),57.51,2667.53,Yes
CUST13285,Male,0,No,Yes,17,Yes,No,DSL,No,No,Yes,No,Yes,No,Month-to-month,Yes,Credit card (automatic),59.55,964.26,Yes
CUST13286,Male,0,Yes,No,23,Yes,No,DSL,No,Yes,No,Yes,No,Yes,Month-to-month,No,Electronic check,59.91,1345.87,No
CUST13287,Male,0,Yes,No,34,Yes,No,Fiber optic,No,No,No,No,Yes,Yes,One year,Yes,Bank transfer (automatic),82.69,2737.39,No
CUST13288,Male,0,No,Yes,20,Yes,No,Fiber optic,No,No,No,No,No,No,Month-to-month,Yes,Bank transfer (automatic),79.77,1560.95,Yes
CUST13289,Female,0,No,No,20,Yes,No,Fiber optic,No,No,Yes,Yes,No,No,Month-to-month,No,Mailed check,87.19,1709.29,No
CUST13290,Female,0,Yes,No,26,Yes,Yes,DSL,No,Yes,Yes,No,No,Yes,Month-to-month,No,Electronic check,57.41,1439.65,No
CUST13291,Male,0,No,No,1,Yes,Yes,DSL,No,No,Yes,No,No,Yes,Month-to-month,No,Bank transfer (automatic),62.6,60.45,Yes
CUST13292,Female,0,Yes,No,9,No,No phone service,Fiber optic,No,Yes,No,No,No,No,Month-to-month,Yes,Mailed check,75.0,655.82,No
CUST13293,Male,1,No,No,65,Yes,Yes,Fiber optic,No,No,No,No,Yes,No,Month-to-month,No,Electronic check,76.74,4981.9,No
CUST13294,Male,0,Yes,Yes,5,Yes,Yes,No,No internet service,No internet service,No internet service,No internet service,No internet service,No internet service,Two year,No,Electronic check,21.85,107.06,No
CUST13295,Female,0,Yes,No,15,Yes,No,Fiber optic,Yes,Yes,Yes,No,No,No,Month-to-month,No,Credit card (automatic),82.22,1181.72,No
CUST13296,Female,0,Yes,Yes,3,Yes,Yes,Fiber optic,No,Yes,No,No,No,Yes,Month-to-month,No,Mailed check,90.84,261.13,No
CUST13297,Male,0,No,No,7,Yes,Yes,Fiber optic,No,Yes,Yes,No,No,No,One year,No,Bank transfer (automatic),81.41,560.99,No
CUST13298,Male,0,No,No,25,Yes,Yes,No,No internet service,No internet service,No internet service,No internet service,No internet service,No internet service,Month-to-month,Yes,Electronic check,30.88,751.3,No
CUST13299,Female,0,Yes,Yes,20,Yes,No,DSL,No,No,No,No,No,No,Two year,Yes,Bank transfer (automatic),46.02,913.71,No
CUST13300,Male,1,No,No,10,Yes,No,No,No internet service,No internet service,No internet service,No internet service,No internet service,No internet service,Month-to-month,Yes,Electronic check,18.0,175.24,No
CUST13301,Female,0,No,Yes,55,Yes,Yes,Fiber optic,No,No,No,No,No,No,Two year,No,Mailed check,65.26,3413.88,No
CUST13302,Male,1,No,Yes,29,Yes,No,No,No internet service,No internet service,No internet service,No internet service,No internet service,No internet service,Month-to-month,Yes,Electronic check,18.0,512.65,No
CUST13303,Male,1,Yes,No,6,Yes,Yes,No,No internet service,No internet service,No internet service,No internet service,No internet service,No internet service,Two year,Yes,Electronic check,18.0,104.04,No
CUST13304,Female,1,No,Yes,12,Yes,No,DSL,No,No,No,No,No,No,One year,Yes,Bank transfer (automatic),44.98,539.38,No
CUST13305,Female,0,Yes,No,42,Yes,Yes,Fiber optic,No,Yes,Yes,No,No,No,Two year,Yes,Mailed check,77.21,3081.64,No
CUST13306,Female,0,Yes,Yes,0,Yes,Yes,Fiber optic,No,No,No,No,Yes,Yes,One year,Yes,Electronic check,75.11,72.14,No
CUST13307,Female,0,No,Yes,17,Yes,Yes,Fiber optic,Yes,No,Yes,Yes,No,Yes,One year,Yes,Bank transfer (automatic),89.12,1488.42,No
CUST13308,Female,0,No,Yes,5,Yes,No,DSL,No,No,Yes,No,Yes,Yes,One year,Yes,Mailed check,64.73,310.29,No
CUST13309,Female,0,No,No,1,Yes,No,No,No internet service,No internet service,No internet service,No internet service,No internet service,No internet service,Two year,No,Bank transfer (automatic),20.75,20.44,No
CUST13310,Female,0,No,Yes,48,Yes,Yes,No,No internet service,No internet service,No internet service,No internet service,No internet service,No internet service,Two year,Yes,Mailed check,18.0,843.06,No
CUST13311,Male,0,No,No,33,Yes,No,Fiber optic,Yes,No,Yes,No,No,Yes,Month-to-month,Yes,Electronic check,85.08,2686.68,No
CUST13312,Male,1,Yes,No,4,No,No phone service,DSL,Yes,Yes,Yes,No,No,No,Month-to-month,Yes,Electronic check,64.07,248.6,No
CUST13313,Male,0,Yes,Yes,36,Yes,Yes,No,No internet service,No internet service,No internet service,No internet service,No internet service,No internet service,Month-to-month,No,Credit card (automatic),19.17,674.62,No
CUST13314,Female,0,No,Yes,3,Yes,No,Fiber optic,Yes,No,No,No,No,Yes,Month-to-month,Yes,Bank transfer (automatic),70.18,205.87,Yes
CUST13315,Female,0,No,No,12,Yes,Yes,Fiber optic,Yes,Yes,No,No,No,No,Two year,No,Electronic check,74.38,869.81,No
CUST13316,Female,0,No,No,25,Yes,Yes,DSL,No,Yes,No,No,No,No,Month-to-month,Yes,Bank transfer (automatic),46.31,1142.32,No
CUST13317,Male,0,No,No,15,No,No phone service,DSL,No,No,No,Yes,No,Yes,Month-to-month,Yes,Electronic check,52.8,766.66,Yes
CUST13318,Female,1,No,No,38,Yes,Yes,Fiber optic,No,No,No,No,No,No,One year,No,Electronic check,71.47,2664.3,No
CUST13319,Female,0,No,No,19,Yes,No,DSL,No,Yes,No,No,No,No,Two year,No,Credit card (automatic),53.3,971.64,No
CUST13320,Male,0,Yes,No,11,Yes,No,Fiber optic,Yes,No,No,Yes,No,Yes,One year,Yes,Credit card (automatic),74.71,820.64,No
CUST13321,Female,0,Yes,No,51,Yes,No,DSL,No,No,No,No,Yes,No,Month-to-month,No,Credit card (automatic),41.51,2036.41,No
CUST13322,Male,0,No,Yes,0,Yes,Yes,No,No internet service,No internet service,No internet service,No internet service,No internet service,No internet service,Two year,No,Mailed check,28.51,28.31,No
CUST13323,Male,0,No,Yes,13,Yes,No,No,No internet service,No internet service,No internet service,No internet service,No internet service,No internet service,Month-to-month,No,Mailed check,20.59,256.62,Yes
CUST13324,Female,0,No,No,21,Yes,No,DSL,No,No,No,No,No,No,Two year,No,Electronic check,46.7,978.95,No
CUST13325,Female,0,Yes,No,36,No,No phone service,DSL,No,No,No,Yes,Yes,Yes,Month-to-month,Yes,Credit card (automatic),60.5,2176.37,Yes
CUST13326,Female,0,No,Yes,15,Yes,Yes,Fiber optic,Yes,Yes,No,No,No,No,Month-to-month,Yes,Bank transfer (automatic),87.21,1260.29,No
CUST13327,Male,0,No,No,43,Yes,No,Fiber optic,Yes,Yes,No,No,No,Yes,Two year,Yes,Mailed check,81.85,3381.48,No
CUST13328,Male,0,No,No,11,No,No phone service,DSL,No,No,Yes,Yes,Yes,No,One year,Yes,Electronic check,51.39,558.13,No
CUST13329,Male,1,Yes,No,7,Yes,No,Fiber optic,No,No,No,Yes,No,No,Month-to-month,Yes,Electronic check,66.22,456.14,Yes
CUST13330,Female,0,No,Yes,72,Yes,No,No,No internet service,No internet service,No internet service,No internet service,No internet service,No internet service,One year,No,Electronic check,18.0,1277.15,No
CUST13331,Female,0,No,No,22,Yes,No,DSL,No,No,No,No,No,No,Month-to-month,Yes,Bank transfer (automatic),42.68,896.19,No
CUST13332,Female,0,No,Yes,11,Yes,No,DSL,Yes,Yes,Yes,No,No,No,Month-to-month,Yes,Bank transfer (automatic),54.52,586.5,No
CUST13333,Female,1,No,Yes,42,Yes,No,Fiber optic,Yes,No,No,No,Yes,No,One year,No,Electronic check,78.97,3263.06,No
CUST13334,Male,1,No,Yes,22,Yes,No,No,No internet service,No internet service,No internet service,No internet service,No internet service,No internet service,Two year,No,Electronic check,18.0,382.47,No
CUST13335,Male,0,Yes,No,20,Yes,No,DSL,Yes,No,No,No,No,No,Two year,No,Electronic check,49.75,979.59,No
CUST13336,Male,0,Yes,No,26,Yes,Yes,Fiber optic,No,Yes,No,Yes,No,Yes,Month-to-month,Yes,Electronic check,82.09,2070.62,No
CUST13337,Male,0,No,No,26,Yes,Yes,DSL,Yes,No,Yes,No,Yes,Yes,One year,Yes,Mailed check,74.51,1872.09,No
CUST13338,Female,0,Yes,No,13,Yes,No,No,No internet service,No internet service,No internet service,No internet service,No internet service,No internet service,Month-to-month,No,Mailed check,18.3,235.4,No
CUST13339,Female,0,No,No,10,Yes,No,Fiber optic,Yes,Yes,No,No,Yes,No,Month-to-month,Yes,Bank transfer (automatic),87.36,839.04,No
CUST13340,Female,0,Yes,Yes,48,No,No phone service,Fiber optic,No,Yes,Yes,No,Yes,No,Month-to-month,No,Mailed check,80.79,3684.61,No
CUST13341,Male,0,Yes,Yes,13,Yes,No,No,No internet service,No internet service,No internet service,No internet service,No internet service,No internet service,Two year,Yes,Electronic check,19.66,252.75,No
CUST13342,Male,1,No,No,4,Yes,No,Fiber optic,Yes,Yes,No,Yes,No,No,Month-to-month,No,Bank transfer (automatic),74.84,298.09,No
CUST13343,Female,0,Yes,No,14,Yes,No,Fiber optic,No,No,No,No,No,No,Month-to-month,Yes,Credit card (automatic),78.74,1069.24,No
CUST13344,Female,0,No,No,0,Yes,No,DSL,No,No,No,No,No,Yes,One year,Yes,Electronic check,39.32,38.12,No
CUST13345,Male,0,No,No,25,Yes,Yes,Fiber optic,Yes,No,No,Yes,No,Yes,Month-to-month,Yes,Electronic check,83.3,2079.88,Yes
CUST13346,Female,0,Yes,No,2,Yes,No,DSL,No,No,No,No,Yes,No,Two year,Yes,Credit card (automatic),50.28,96.52,No
CUST13347,Male,0,No,No,2,Yes,Yes,No,No internet service,No internet service,No internet service,No internet service,No internet service,No internet service,Month-to-month,Yes,Electronic check,18.0,35.56,Yes
CUST13348,Male,0,Yes,No,58,Yes,Yes,Fiber optic,Yes,No,Yes,No,Yes,No,One year,Yes,Mailed check,84.5,4674.06,No
CUST13349,Male,0,No,No,29,Yes,No,No,No internet service,No internet service,No internet service,No internet service,No internet service,No internet service,Month-to-month,No,Electronic check,22.3,645.67,No
CUST13350,Female,0,Yes,No,10,Yes,Yes,DSL,No,No,Yes,Yes,No,Yes,Month-to-month,Yes,Bank transfer (automatic),64.16,632.62,No
CUST13351,Female,0,Yes,No,5,Yes,Yes,DSL,No,Yes,Yes,Yes,No,No,Two year,Yes,Mailed check,64.52,308.88,Yes
CUST13352,Male,0,No,No,37,Yes,No,Fiber optic,No,No,No,Yes,No,Yes,One year,No,Mailed check,80.76,2944.22,No
CUST13353,Female,0,No,No,69,Yes,Yes,DSL,No,No,No,No,Yes,No,Month-to-month,Yes,Electronic check,45.89,3145.62,No
CUST13354,Male,0,Yes,No,14,Yes,No,DSL,Yes,No,Yes,No,No,No,Month-to-month,No,Credit card (automatic),66.7,893.81,No
CUST13355,Male,0,No,No,17,Yes,No,No,No internet service,No internet service,No internet service,No internet service,No internet service,No internet service,Month-to-month,No,Electronic check,18.0,302.9,No
CUST13356,Male,0,No,No,5,Yes,Yes,DSL,No,No,Yes,No,No,No,Month-to-month,No,Electronic check,57.85,288.66,No
CUST13357,Male,0,No,No,17,Yes,No,Fiber optic,No,Yes,No,No,No,Yes,Month-to-month,No,Mailed check,80.99,1371.55,No
CUST13358,Female,0,Yes,No,10,Yes,No,No,No internet service,No internet service,No internet service,No internet service,No internet service,No internet service,Month-to-month,Yes,Credit card (automatic),20.43,198.03,No
CUST13359,Male,0,No,No,37,Yes,No,DSL,No,No,Yes,Yes,Yes,No,Month-to-month,No,Credit card (automatic),64.95,2365.06,No
CUST13360,Male,0,No,No,9,Yes,Yes,Fiber optic,No,No,No,No,No,Yes,Month-to-month,Yes,Electronic check,77.45,676.68,Yes
CUST13361,Female,1,No,Yes,20,Yes,No,No,No internet service,No internet service,No internet service,No internet service,No internet service,No internet service,Month-to-month,Yes,Credit card (automatic),18.12,346.06,No
CUST13362,Male,0,No,No,4,No,No phone service,No,No internet service,No internet service,No internet service,No internet service,No internet service,No internet service,Month-to-month,No,Credit card (automatic),18.0,69.4,Yes
CUST13363,Male,0,Yes,No,1,Yes,No,Fiber optic,No,Yes,Yes,Yes,Yes,Yes,One year,Yes,Credit card (automatic),101.0,98.35,No
CUST13364,Female,0,Yes,No,0,No,No phone service,No,No internet service,No internet service,No internet service,No internet service,No internet service,No internet service,One year,Yes,Credit card (automatic),18.0,17.7,No
CUST13365,Female,0,Yes,No,10,No,No phone service,DSL,No,No,No,Yes,No,Yes,Month-to-month,Yes,Credit card (automatic),54.13,520.62,No
CUST13366,Female,0,Yes,No,3,Yes,Yes,DSL,No,No,No,Yes,No,Yes,Month-to-month,Yes,Electronic check,50.72,149.65,No
CUST13367,Male,0,Yes,No,72,Yes,No,Fiber optic,Yes,No,Yes,No,Yes,No,Month-to-month,No,Credit card (automatic),78.21,5629.45,No
CUST13368,Female,0,No,Yes,32,Yes,No,Fiber optic,No,No,No,No,No,Yes,One year,No,Mailed check,74.19,2316.05,No
CUST13369,Female,0,Yes,No,23,No,No phone service,Fiber optic,No,No,Yes,No,No,Yes,One year,No,Mailed check,75.98,1723.55,No
CUST13370,Male,1,Yes,No,32,Yes,No,Fiber optic,No,No,Yes,Yes,Yes,No,Month-to-month,Yes,Electronic check,87.62,2773.86,No
CUST13371,Male,0,Yes,Yes,6,Yes,No,No,No internet service,No internet service,No internet service,No internet service,No internet service,No internet service,Two year,No,Mailed check,19.35,111.65,No
CUST13372,Male,0,Yes,No,42,Yes,Yes,Fiber optic,Yes,No,No,Yes,Yes,No,Month-to-month,Yes,Electronic check,95.5,3822.24,No
CUST13373,Male,0,Yes,No,72,Yes,No,No,No internet service,No internet service,No internet service,No internet service,No internet service,No internet service,One year,No,Electronic check,18.26,1288.47,No
CUST13374,Male,1,No,No,6,Yes,No,Fiber optic,No,No,No,No,No,Yes,Month-to-month,Yes,Mailed check,77.05,449.66,No
CUST13375,Female,0,Yes,Yes,72,Yes,Yes,Fiber optic,Yes,Yes,No,No,No,No,Month-to-month,No,Bank transfer (automatic),91.76,6551.36,No
CUST13376,Female,0,No,Yes,7,Yes,No,Fiber optic,No,Yes,Yes,No,No,No,Month-to-month,No,Electronic check,77.43,530.77,No
CUST13377,Female,1,Yes,No,0,Yes,No,Fiber optic,Yes,Yes,No,Yes,Yes,Yes,One year,Yes,Bank transfer (automatic),85.38,83.44,No
CUST13378,Male,0,No,Yes,9,Yes,Yes,Fiber optic,Yes,No,No,No,Yes,Yes,Month-to-month,Yes,Electronic check,83.87,727.15,No
CUST13379,Male,0,Yes,No,72,Yes,No,No,No internet service,No internet service,No internet service,No internet service,No internet service,No internet service,One year,Yes,Credit card (automatic),19.7,1392.53,No
CUST13380,Male,0,No,No,20,Yes,Yes,No,No internet service,No internet service,No internet service,No internet service,No internet service,No internet service,One year,Yes,Credit card (automatic),23.31,444.9,No
CUST13381,Female,0,No,No,23,Yes,No,Fiber optic,No,No,Yes,No,No,No,Month-to-month,No,Electronic check,83.07,1852.19,No
CUST13382,Female,1,No,Yes,5,Yes,No,No,No internet service,No internet service,No internet service,No internet service,No internet service,No internet service,One year,Yes,Credit card (automatic),18.88,94.18,No
CUST13383,Male,0,No,No,3,Yes,No,Fiber optic,No,No,Yes,Yes,No,No,Month-to-month,Yes,Mailed check,81.2,232.15,No
CUST13384,Female,1,No,No,43,Yes,Yes,DSL,No,No,No,Yes,Yes,No,Month-to-month,Yes,Electronic check,44.09,1891.62,No
CUST13385,Male,1,No,No,10,Yes,Yes,Fiber optic,Yes,Yes,No,Yes,No,Yes,One year,Yes,Electronic check,93.08,907.24,No
CUST13386,Female,0,No,Yes,0,Yes,Yes,DSL,No,No,No,No,No,No,One year,No,Bank transfer (automatic),46.36,46.08,No
CUST13387,Female,0,No,Yes,6,Yes,Yes,Fiber optic,No,No,Yes,No,No,No,Month-to-month,Yes,Mailed check,69.12,407.58,Yes
CUST13388,Female,0,No,No,4,Yes,No,No,No internet service,No internet service,No internet service,No internet service,No internet service,No internet service,Month-to-month,Yes,Bank transfer (automatic),36.12,137.77,No
CUST13389,Male,0,No,No,18,Yes,Yes,No,No internet service,No internet service,No internet service,No internet service,No internet service,No internet service,Month-to-month,No,Mailed check,21.37,381.54,Yes
CUST13390,Female,0,Yes,No,28,Yes,Yes,Fiber optic,No,Yes,Yes,No,No,No,Month-to-month,No,Electronic check,79.11,2188.84,No
CUST13391,Female,0,No,Yes,13,Yes,Yes,No,No internet service,No internet service,No internet service,No internet service,No internet service,No internet service,Two year,Yes,Mailed check,18.0,232.56,No
CUST13392,Male,0,No,No,4,Yes,Yes,Fiber optic,No,No,No,No,Yes,No,Month-to-month,No,Credit card (automatic),81.14,318.53,No
CUST13393,Female,0,No,No,1,Yes,Yes,Fiber optic,Yes,No,Yes,No,Yes,No,Two year,Yes,Mailed check,84.16,81.56,No
CUST13394,Male,0,Yes,Yes,7,Yes,No,No,No internet service,No internet service,No internet service,No internet service,No internet service,No internet service,Two year,No,Electronic check,22.25,155.14,No
CUST13395,Male,1,No,No,32,Yes,No,Fiber optic,No,Yes,No,Yes,Yes,Yes,Month-to-month,No,Electronic check,88.26,2820.18,No
CUST13396,Male,0,No,No,10,Yes,No,Fiber optic,No,No,No,No,No,Yes,Month-to-month,No,Electronic check,74.82,738.24,Yes
CUST13397,Male,1,No,No,5,Yes,Yes,No,No internet service,No internet service,No internet service,No internet service,No internet service,No internet service,Two year,No,Mailed check,19.81,94.99,No
CUST13398,Male,0,Yes,No,0,Yes,No,DSL,No,Yes,Yes,Yes,No,Yes,Month-to-month,No,Bank transfer (automatic),64.5,62.16,Yes
CUST13399,Female,0,Yes,No,13,Yes,No,No,No internet service,No internet service,No internet service,No internet service,No internet service,No internet service,Month-to-month,No,Electronic check,21.14,271.78,No
CUST13400,Male,0,Yes,No,23,Yes,No,Fiber optic,No,Yes,No,No,No,No,Month-to-month,No,Credit card (automatic),71.14,1571.74,No
CUST13401,Male,0,No,No,4,Yes,No,Fiber optic,No,No,No,No,No,No,Month-to-month,Yes,Mailed check,77.15,297.28,Yes
CUST13402,Male,0,Yes,No,15,Yes,No,Fiber optic,No,Yes,Yes,Yes,No,No,Month-to-month,No,Bank transfer (automatic),85.73,1226.31,No
CUST13403,Male,0,No,No,10,Yes,Yes,DSL,Yes,No,No,Yes,No,No,Month-to-month,Yes,Mailed check,60.22,590.62,No
CUST13404,Female,0,No,No,24,Yes,Yes,No,No internet service,No internet service,No internet service,No internet service,No internet service,No internet service,One year,Yes,Electronic check,22.75,529.66,No
CUST13405,Male,0,No,Yes,39,Yes,Yes,Fiber optic,No,No,Yes,Yes,Yes,Yes,Two year,No,Electronic check,83.1,3115.37,Yes
CUST13406,Female,0,Yes,No,7,Yes,Yes,DSL,No,No,No,No,Yes,No,Month-to-month,Yes,Mailed check,59.59,407.31,No
CUST13407,Male,0,Yes,No,47,Yes,No,No,No internet service,No internet service,No internet service,No internet service,No internet service,No internet service,Month-to-month,No,Mailed check,21.53,988.81,No
CUST13408,Female,0,No,Yes,24,Yes,No,Fiber optic,Yes,Yes,No,No,Yes,Yes,Month-to-month,Yes,Bank transfer (automatic),84.71,1950.46,No
CUST13409,Male,0,No,No,0,Yes,No,No,No internet service,No internet service,No internet service,No internet service,No internet service,No internet service,Month-to-month,Yes,Mailed check,27.84,26.48,Yes
CUST13410,Male,1,Yes,Yes,31,Yes,Yes,No,No internet service,No internet service,No internet service,No internet service,No internet service,No internet service,One year,Yes,Mailed check,18.0,554.56,No
CUST13411,Female,1,No,Yes,13,Yes,No,DSL,No,No,No,No,No,No,One year,No,Bank transfer (automatic),53.11,661.34,No
CUST13412,Male,1,No,Yes,58,Yes,Yes,Fiber optic,No,Yes,No,No,Yes,No,Month-to-month,Yes,Electronic check,79.25,4561.36,No
CUST13413,Female,0,Yes,No,7,Yes,No,Fiber optic,Yes,Yes,Yes,No,No,No,One year,Yes,Mailed check,89.25,608.18,No
CUST13414,Male,0,Yes,No,17,Yes,Yes,No,No internet service,No internet service,No internet service,No internet service,No internet service,No internet service,One year,Yes,Electronic check,22.49,375.51,No
CUST13415,Female,0,No,No,62,Yes,No,Fiber optic,Yes,No,No,No,No,No,Month-to-month,No,Credit card (automatic),68.34,4115.21,No
CUST13416,Male,0,Yes,No,6,Yes,No,No,No internet service,No internet service,No internet service,No internet service,No internet service,No internet service,One year,No,Credit card (automatic),18.0,106.37,No
CUST13417,Male,0,Yes,No,12,Yes,Yes,Fiber optic,Yes,No,No,No,No,Yes,Month-to-month,No,Credit card (automatic),80.51,930.87,No
CUST13418,Female,0,Yes,No,27,Yes,No,DSL,No,Yes,No,Yes,Yes,No,One year,Yes,Electronic check,60.69,1574.94,No
CUST13419,Male,0,No,Yes,23,Yes,No,DSL,No,No,Yes,No,No,No,Month-to-month,No,Credit card (automatic),51.55,1151.55,No
CUST13420,Male,0,No,No,36,Yes,Yes,Fiber optic,No,Yes,No,No,No,No,Month-to-month,No,Electronic check,80.14,2806.63,No
CUST13421,Male,0,Yes,No,14,Yes,No,No,No internet service,No internet service,No internet service,No internet service,No internet service,No internet service,Two year,Yes,Mailed check,18.0,242.13,No
CUST13422,Male,0,Yes,Yes,7,Yes,No,Fiber optic,No,No,Yes,No,Yes,Yes,One year,No,Electronic check,90.99,633.01,Yes
CUST13423,Male,0,Yes,Yes,15,Yes,No,No,No internet service,No internet service,No internet service,No internet service,No internet service,No internet service,One year,Yes,Credit card (automatic),18.0,261.11,No
CUST13424,Male,0,No,No,8,Yes,Yes,Fiber optic,Yes,No,No,No,Yes,Yes,Month-to-month,Yes,Credit card (automatic),84.66,672.68,Yes
CUST13425,Female,0,Yes,No,3,Yes,No,DSL,No,No,No,No,No,Yes,One year,No,Mailed check,57.21,166.81,No
CUST13426,Female,1,No,Yes,16,Yes,No,No,No internet service,No internet service,No internet service,No internet service,No internet service,No internet service,Month-to-month,Yes,Credit card (automatic),18.0,278.79,No
CUST13427,Female,0,Yes,Yes,0,No,No phone service,Fiber optic,No,No,No,No,No,No,Two year,Yes,Electronic check,76.82,76.24,No
CUST13428,Male,0,Yes,Yes,0,Yes,No,Fiber optic,No,No,No,Yes,No,No,One year,Yes,Credit card (automatic),69.18,66.49,No
CUST13429,Female,1,Yes,No,1,Yes,Yes,DSL,No,No,No,Yes,No,Yes,Month-to-month,Yes,Mailed check,60.61,57.81,Yes
CUST13430,Male,0,No,No,22,No,No phone service,DSL,No,No,Yes,No,Yes,No,Month-to-month,No,Bank transfer (automatic),55.55,1175.65,No
CUST13431,Male,0,No,Yes,10,Yes,No,Fiber optic,Yes,No,Yes,No,No,Yes,Two year,Yes,Mailed check,84.37,802.22,No
CUST13432,Male,0,No,Yes,13,Yes,No,No,No internet service,No internet service,No internet service,No internet service,No internet service,No internet service,One year,Yes,Bank transfer (automatic),19.89,251.39,No
CUST13433,Male,0,Yes,No,8,Yes,Yes,DSL,Yes,No,Yes,Yes,No,No,Two year,Yes,Electronic check,57.4,451.56,No
CUST13434,Female,0,Yes,Yes,5,Yes,No,No,No internet service,No internet service,No internet service,No internet service,No internet service,No internet service,Month-to-month,No,Bank transfer (automatic),18.0,87.12,No
CUST13435,Male,0,No,No,8,Yes,No,Fiber optic,Yes,No,No,Yes,Yes,Yes,One year,Yes,Mailed check,99.96,798.34,Yes
CUST13436,Female,0,No,Yes,4,Yes,No,Fiber optic,No,No,No,No,No,Yes,One year,Yes,Mailed check,78.15,298.21,No
CUST13437,Male,0,No,Yes,22,Yes,No,No,No internet service,No internet service,No internet service,No internet service,No internet service,No internet service,One year,Yes,Mailed check,18.0,379.82,No
CUST13438,Female,1,Yes,No,2,Yes,No,DSL,No,No,No,Yes,No,Yes,One year,No,Mailed check,60.1,115.99,No
CUST13439,Female,0,Yes,No,14,Yes,No,No,No internet service,No internet service,No internet service,No internet service,No internet service,No internet service,Month-to-month,No,Mailed check,18.0,242.28,Yes
CUST13440,Female,0,Yes,No,12,No,No phone service,No,No internet service,No internet service,No internet service,No internet service,No internet service,No internet service,Month-to-month,No,Electronic check,18.0,207.73,No
CUST13441,Female,1,No,No,7,Yes,No,DSL,No,No,No,Yes,No,No,Month-to-month,Yes,Bank transfer (automatic),49.43,331.62,No
CUST13442,Female,0,No,No,2,Yes,Yes,Fiber optic,Yes,No,Yes,Yes,No,Yes,Month-to-month,No,Bank transfer (automatic),99.53,194.54,Yes
CUST13443,Female,0,No,No,24,Yes,Yes,DSL,Yes,Yes,No,No,No,No,Month-to-month,No,Bank transfer (automatic),50.68,1199.48,No
CUST13444,Male,0,Yes,No,16,Yes,Yes,Fiber optic,No,Yes,No,No,Yes,Yes,Month-to-month,Yes,Electronic check,85.4,1332.11,No
CUST13445,Female,0,No,No,33,Yes,Yes,Fiber optic,No,No,No,No,Yes,No,Month-to-month,Yes,Bank transfer (automatic),74.54,2408.37,No
CUST13446,Male,0,Yes,Yes,5,Yes,Yes,No,No internet service,No internet service,No internet service,No internet service,No internet service,No internet service,Month-to-month,Yes,Bank transfer (automatic),24.11,116.47,No
CUST13447,Female,0,Yes,Yes,31,Yes,Yes,Fiber optic,No,No,Yes,No,No,No,One year,Yes,Credit card (automatic),76.04,2276.31,No
CUST13448,Male,0,No,Yes,6,Yes,No,Fiber optic,No,No,No,No,No,Yes,Month-to-month,No,Bank transfer (automatic),65.65,391.21,No
CUST13449,Female,0,No,No,2,Yes,No,Fiber optic,Yes,No,No,Yes,Yes,No,Month-to-month,No,Mailed check,81.11,158.4,Yes
CUST13450,Female,0,No,No,2,Yes,No,Fiber optic,No,Yes,No,No,Yes,No,One year,Yes,Credit card (automatic),82.17,158.81,No
CUST13451,Male,1,No,Yes,4,Yes,No,DSL,No,Yes,No,Yes,Yes,No,Month-to-month,No,Bank transfer (automatic),64.59,255.4,No
CUST13452,Female,0,Yes,No,22,Yes,Yes,DSL,Yes,No,No,No,No,No,One year,No,Electronic check,53.97,1157.72,No
CUST13453,Female,1,No,Yes,5,Yes,No,DSL,Yes,Yes,No,Yes,Yes,Yes,Month-to-month,Yes,Mailed check,68.6,326.95,No
CUST13454,Female,0,No,No,18,Yes,No,DSL,No,Yes,Yes,No,No,No,Two year,No,Bank transfer (automatic),56.89,987.85,No
CUST13455,Male,0,Yes,No,5,Yes,Yes,DSL,Yes,Yes,No,No,No,No,Month-to-month,No,Mailed check,53.88,268.83,No
CUST13456,Female,0,No,No,9,Yes,Yes,Fiber optic,No,No,No,No,Yes,No,Month-to-month,No,Credit card (automatic),73.1,642.35,No
CUST13457,Male,0,No,Yes,44,Yes,No,DSL,No,Yes,No,No,Yes,No,Month-to-month,No,Mailed check,61.54,2684.29,No
CUST13458,Female,0,Yes,No,13,No,No phone service,No,No internet service,No internet service,No internet service,No internet service,No internet service,No internet service,Month-to-month,No,Mailed check,24.22,302.56,No
CUST13459,Female,0,Yes,No,18,Yes,No,DSL,Yes,Yes,No,No,No,Yes,Two year,No,Mailed check,58.43,1042.0,No
CUST13460,Male,0,Yes,No,4,Yes,No,Fiber optic,No,No,No,Yes,Yes,No,One year,Yes,Electronic check,87.89,348.15,No
CUST13461,Female,0,No,Yes,2,Yes,No,Fiber optic,No,No,No,Yes,No,Yes,Two year,Yes,Mailed check,79.56,153.27,No
CUST13462,Female,1,No,Yes,10,Yes,Yes,DSL,Yes,No,No,No,No,Yes,Month-to-month,Yes,Bank transfer (automatic),49.64,487.36,No
CUST13463,Male,0,No,No,38,No,No phone service,DSL,Yes,No,No,No,Yes,Yes,Two year,Yes,Credit card (automatic),62.41,2294.11,No
CUST13464,Female,0,Yes,No,5,Yes,Yes,DSL,No,Yes,No,No,No,Yes,Month-to-month,Yes,Bank transfer (automatic),56.19,272.48,No
CUST13465,Male,0,No,No,19,Yes,No,Fiber optic,No,Yes,Yes,No,Yes,No,Month-to-month,Yes,Electronic check,89.03,1672.92,No
CUST13466,Male,0,No,No,41,Yes,Yes,No,No internet service,No internet service,No internet service,No internet service,No internet service,No internet service,Month-to-month,Yes,Mailed check,18.0,723.54,Yes
CUST13467,Male,0,Yes,No,54,Yes,Yes,No,No internet service,No internet service,No internet service,No internet service,No internet service,No internet service,One year,Yes,Electronic check,18.0,931.37,No
CUST13468,Female,0,No,No,72,Yes,Yes,DSL,No,Yes,No,No,Yes,Yes,Two year,No,Electronic check,62.43,4439.64,No
CUST13469,Male,0,No,Yes,28,Yes,Yes,No,No internet service,No internet service,No internet service,No internet service,No internet service,No internet service,Month-to-month,No,Bank transfer (automatic),18.0,486.82,No
CUST13470,Male,1,Yes,Yes,1,Yes,Yes,Fiber optic,No,No,No,No,Yes,Yes,Two year,No,Electronic check,77.5,77.17,No
CUST13471,Female,0,Yes,No,41,Yes,No,Fiber optic,No,No,Yes,No,No,Yes,Two year,No,Electronic check,74.38,2936.94,No
CUST13472,Male,1,No,Yes,43,Yes,No,DSL,Yes,No,No,No,No,Yes,Month-to-month,No,Mailed check,51.6,2209.39,No
CUST13473,Female,0,No,No,16,No,No phone service,DSL,No,No,No,Yes,No,No,One year,No,Electronic check,52.05,802.8,No
CUST13474,Female,0,No,No,1,No,No phone service,Fiber optic,No,No,Yes,No,No,No,Month-to-month,Yes,Mailed check,80.08,79.31,Yes
CUST13475,Female,0,No,No,12,Yes,Yes,No,No internet service,No internet service,No internet service,No internet service,No internet service,No internet service,Two year,Yes,Mailed check,18.0,207.92,No
CUST13476,Female,0,Yes,No,4,Yes,Yes,DSL,Yes,No,No,No,Yes,Yes,One year,Yes,Electronic check,62.4,249.35,No
CUST13477,Male,0,Yes,No,11,Yes,No,Fiber optic,No,Yes,No,No,Yes,No,Month-to-month,Yes,Bank transfer (automatic),74.1,810.62,No
CUST13478,Male,0,No,Yes,25,Yes,Yes,DSL,Yes,No,No,No,No,No,Two year,Yes,Electronic check,41.49,993.56,No
CUST13479,Male,0,Yes,No,22,Yes,Yes,DSL,Yes,Yes,No,No,No,No,Month-to-month,No,Bank transfer (automatic),54.13,1166.99,No
CUST13480,Male,0,No,No,30,Yes,No,No,No internet service,No internet service,No internet service,No internet service,No internet service,No internet service,Two year,Yes,Bank transfer (automatic),24.37,703.82,No
CUST13481,Male,1,Yes,No,12,No,No phone service,DSL,No,Yes,No,Yes,No,No,Month-to-month,Yes,Credit card (automatic),58.66,678.57,Yes
CUST13482,Female,0,Yes,Yes,14,Yes,No,DSL,No,No,Yes,No,No,Yes,One year,No,Credit card (automatic),58.72,812.59,No
CUST13483,Male,1,Yes,No,54,Yes,Yes,No,No internet service,No internet service,No internet service,No internet service,No internet service,No internet service,One year,No,Bank transfer (automatic),22.59,1163.14,No
CUST13484,Male,0,Yes,No,19,Yes,No,Fiber optic,No,No,No,Yes,No,No,One year,No,Bank transfer (automatic),80.84,1509.22,No
CUST13485,Male,1,No,No,27,Yes,Yes,DSL,No,Yes,Yes,No,No,No,Month-to-month,No,Bank transfer (automatic),60.71,1600.63,No
CUST13486,Female,0,Yes,Yes,21,Yes,No,Fiber optic,Yes,No,Yes,Yes,Yes,No,Two year,Yes,Mailed check,100.46,2089.21,No
CUST13487,Female,0,No,No,20,Yes,No,Fiber optic,No,No,No,No,Yes,No,Month-to-month,No,Bank transfer (automatic),67.62,1289.15,No
CUST13488,Male,0,No,No,48,Yes,Yes,Fiber optic,No,No,No,Yes,No,No,Month-to-month,No,Credit card (automatic),76.1,3528.45,Yes
CUST13489,Female,0,No,No,8,Yes,Yes,Fiber optic,No,No,Yes,No,Yes,Yes,Month-to-month,Yes,Bank transfer (automatic),94.96,729.11,No
CUST13490,Male,0,Yes,No,11,No,No phone service,Fiber optic,Yes,Yes,No,No,Yes,No,Two year,Yes,Electronic check,88.57,955.73,No
CUST13491,Male,0,No,No,9,Yes,No,DSL,No,Yes,No,No,Yes,No,Month-to-month,No,Bank transfer (automatic),56.75,503.08,No
CUST13492,Female,0,Yes,No,28,Yes,No,No,No internet service,No internet service,No internet service,No internet service,No internet service,No internet service,Month-to-month,Yes,Electronic check,18.0,478.95,No
CUST13493,Female,0,No,No,40,Yes,No,DSL,No,No,No,No,Yes,No,Two year,Yes,Mailed check,39.94,1564.61,No
CUST13494,Male,0,No,No,8,Yes,No,No,No internet service,No internet service,No internet service,No internet service,No internet service,No internet service,Two year,No,Mailed check,18.0,139.59,No
CUST13495,Male,0,Yes,No,3,Yes,No,DSL,No,Yes,No,Yes,No,No,Month-to-month,No,Electronic check,60.32,179.02,No
CUST13496,Female,0,No,No,13,Yes,Yes,No,No internet service,No internet service,No internet service,No internet service,No internet service,No internet service,Month-to-month,No,Bank transfer (automatic),19.03,242.39,No
CUST13497,Male,1,Yes,No,72,Yes,No,No,No internet service,No internet service,No internet service,No internet service,No internet service,No internet service,Month-to-month,Yes,Electronic check,18.0,1266.68,No
CUST13498,Female,0,Yes,No,4,Yes,Yes,Fiber optic,Yes,No,No,No,Yes,Yes,Two year,No,Credit card (automatic),76.0,300.0,No
CUST13499,Male,0,No,Yes,12,Yes,No,Fiber optic,Yes,No,No,No,No,Yes,Two year,No,Electronic check,80.56,950.94,No
CUST13500,Female,1,Yes,Yes,6,No,No phone service,Fiber optic,No,No,No,No,Yes,Yes,Two year,Yes,Bank transfer (automatic),82.15,482.02,No
CUST13501,Male,0,No,No,51,Yes,No,Fiber optic,No,No,No,Yes,No,No,One year,Yes,Mailed check,84.93,4212.03,No
CUST13502,Male,0,No,Yes,16,Yes,No,Fiber optic,No,Yes,Yes,No,No,No,Month-to-month,No,Electronic check,75.63,1193.22,Yes
CUST13503,Female,0,Yes,No,17,No,No phone service,Fiber optic,No,No,Yes,Yes,No,Yes,Month-to-month,Yes,Mailed check,82.34,1389.31,No
CUST13504,Male,0,Yes,No,0,No,No phone service,Fiber optic,No,Yes,No,No,No,Yes,Month-to-month,Yes,Mailed check,72.83,70.43,Yes
CUST13505,Male,0,Yes,No,21,Yes,No,DSL,Yes,No,No,Yes,No,Yes,Month-to-month,Yes,Bank transfer (automatic),54.85,1148.1,No
CUST13506,Female,0,Yes,Yes,7,Yes,No,DSL,No,Yes,Yes,No,Yes,No,Two year,No,Bank transfer (automatic),64.47,448.18,No
CUST13507,Male,0,Yes,Yes,14,No,No phone service,Fiber optic,No,Yes,Yes,No,No,Yes,Month-to-month,No,Credit card (automatic),82.81,1128.06,No
CUST13508,Male,0,No,No,15,Yes,No,Fiber optic,No,Yes,No,No,No,Yes,Two year,Yes,Electronic check,91.72,1308.75,No
CUST13509,Male,0,No,No,17,Yes,Yes,No,No internet service,No internet service,No internet service,No internet service,No internet service,No internet service,Two year,Yes,Credit card (automatic),18.0,305.14,No
CUST13510,Female,1,No,No,34,Yes,Yes,Fiber optic,No,Yes,Yes,No,No,No,Two year,Yes,Mailed check,86.55,2863.17,No
CUST13511,Female,0,Yes,No,7,Yes,Yes,Fiber optic,No,Yes,No,No,Yes,Yes,One year,No,Electronic check,95.37,651.77,No
CUST13512,Female,1,No,Yes,5,Yes,No,Fiber optic,No,Yes,No,No,No,No,Month-to-month,No,Electronic check,75.62,374.27,Yes
CUST13513,Male,1,No,Yes,31,Yes,No,DSL,Yes,No,No,Yes,Yes,Yes,Month-to-month,Yes,Mailed check,68.29,2034.05,No
CUST13514,Male,0,Yes,No,25,Yes,Yes,No,No internet service,No internet service,No internet service,No internet service,No internet service,No internet service,One year,Yes,Mailed check,22.75,545.86,No
CUST13515,Male,0,Yes,No,5,Yes,Yes,Fiber optic,No,No,No,No,No,No,Month-to-month,Yes,Electronic check,70.74,349.41,Yes
CUST13516,Male,0,Yes,No,0,Yes,No,No,No internet service,No internet service,No internet service,No internet service,No internet service,No internet service,Month-to-month,Yes,Bank transfer (automatic),18.0,17.39,Yes
CUST13517,Female,1,No,Yes,21,Yes,No,DSL,No,No,No,No,No,No,One year,Yes,Electronic check,49.05,1010.63,No
CUST13518,Male,0,No,Yes,3,Yes,Yes,Fiber optic,Yes,No,Yes,Yes,Yes,No,Two year,No,Mailed check,90.46,264.3,No
CUST13519,Male,1,No,No,62,No,No phone service,Fiber optic,No,No,No,Yes,Yes,Yes,Two year,Yes,Mailed check,91.23,5415.05,No
CUST13520,Male,0,No,No,18,Yes,Yes,Fiber optic,No,No,Yes,No,No,Yes,Month-to-month,No,Credit card (automatic),88.36,1587.48,No
CUST13521,Female,0,No,Yes,37,No,No phone service,Fiber optic,Yes,No,No,No,No,Yes,Two year,No,Electronic check,73.96,2650.12,No
CUST13522,Male,0,Yes,No,32,Yes,Yes,DSL,Yes,No,Yes,No,Yes,No,One year,No,Mailed check,62.1,1919.85,No
CUST13523,Male,0,No,Yes,16,No,No phone service,DSL,No,No,No,No,No,No,One year,Yes,Electronic check,54.88,874.72,No
CUST13524,Male,0,No,No,11,Yes,Yes,Fiber optic,No,No,No,No,No,No,Month-to-month,Yes,Bank transfer (automatic),66.16,698.61,No
CUST13525,Male,0,Yes,Yes,13,No,No phone service,DSL,No,No,Yes,No,No,No,One year,No,Electronic check,51.24,633.3,No
CUST13526,Male,0,No,No,32,Yes,No,DSL,No,No,Yes,Yes,No,No,One year,Yes,Credit card (automatic),56.64,1756.21,Yes
CUST13527,Female,0,Yes,Yes,20,Yes,No,No,No internet service,No internet service,No internet service,No internet service,No internet service,No internet service,One year,Yes,Credit card (automatic),24.84,492.1,No
CUST13528,Male,1,Yes,Yes,4,Yes,No,Fiber optic,No,No,Yes,No,No,Yes,Month-to-month,Yes,Mailed check,81.33,309.5,No
CUST13529,Male,1,No,No,18,No,No phone service,No,No internet service,No internet service,No internet service,No internet service,No internet service,No internet service,Two year,No,Bank transfer (automatic),21.39,381.89,No
CUST13530,Male,0,No,No,10,Yes,Yes,Fiber optic,No,Yes,No,No,Yes,No,Two year,No,Electronic check,74.46,715.78,No
CUST13531,Male,0,Yes,No,1,No,No phone service,Fiber optic,Yes,Yes,No,No,No,No,Two year,Yes,Bank transfer (automatic),84.98,83.76,No
CUST13532,Male,0,No,Yes,9,Yes,Yes,DSL,No,No,Yes,No,Yes,No,Month-to-month,Yes,Mailed check,51.46,450.54,No
CUST13533,Male,0,No,No,5,Yes,No,No,No internet service,No internet service,No internet service,No internet service,No internet service,No internet service,Month-to-month,Yes,Electronic check,25.62,122.4,Yes
CUST13534,Male,0,No,No,36,Yes,Yes,Fiber optic,No,Yes,Yes,Yes,Yes,No,Month-to-month,Yes,Electronic check,96.38,3374.3,No
CUST13535,Male,0,Yes,No,2,Yes,Yes,Fiber optic,Yes,No,Yes,No,No,No,One year,No,Electronic check,73.94,142.27,No
CUST13536,Male,0,Yes,Yes,8,Yes,No,DSL,Yes,No,No,No,No,No,Two year,Yes,Bank transfer (automatic),49.41,381.24,No
CUST13537,Male,1,Yes,Yes,23,Yes,Yes,Fiber optic,No,No,No,No,No,No,Month-to-month,Yes,Bank transfer (automatic),74.44,1694.79,No
CUST13538,Female,0,Yes,No,45,Yes,No,No,No internet service,No internet service,No internet service,No internet service,No internet service,No internet service,Two year,Yes,Mailed check,18.0,804.24,No
CUST13539,Female,0,Yes,No,8,Yes,Yes,Fiber optic,No,Yes,No,No,No,Yes,One year,No,Electronic check,81.66,639.27,No
CUST13540,Female,0,No,No,18,Yes,No,No,No internet service,No internet service,No internet service,No internet service,No internet service,No internet service,Month-to-month,Yes,Mailed check,18.0,321.96,Yes
CUST13541,Female,0,Yes,No,9,Yes,Yes,Fiber optic,No,No,Yes,No,Yes,No,Month-to-month,Yes,Bank transfer (automatic),85.42,756.62,No
CUST13542,Male,0,Yes,No,4,Yes,Yes,Fiber optic,No,No,Yes,Yes,No,No,Month-to-month,Yes,Bank transfer (automatic),86.38,332.85,No
CUST13543,Female,0,Yes,No,7,No,No phone service,DSL,No,No,Yes,Yes,No,No,One year,No,Electronic check,54.58,379.27,No
CUST13544,Female,0,Yes,No,20,Yes,No,Fiber optic,Yes,No,No,No,Yes,No,Month-to-month,Yes,Mailed check,79.32,1516.44,No
CUST13545,Male,1,Yes,No,25,Yes,Yes,No,No internet service,No internet service,No internet service,No internet service,No internet service,No internet service,One year,Yes,Mailed check,18.0,437.39,No
CUST13546,Female,0,Yes,Yes,9,Yes,No,Fiber optic,No,No,Yes,Yes,No,No,One year,No,Bank transfer (automatic),85.73,749.07,No
CUST13547,Female,1,No,Yes,3,Yes,No,Fiber optic,No,Yes,Yes,No,Yes,Yes,Month-to-month,Yes,Mailed check,92.55,271.12,No
CUST13548,Male,0,Yes,Yes,3,Yes,Yes,No,No internet service,No internet service,No internet service,No internet service,No internet service,No internet service,Month-to-month,No,Credit card (automatic),22.72,67.29,No
CUST13549,Male,1,No,No,33,No,No phone service,DSL,No,No,No,No,No,No,One year,Yes,Bank transfer (automatic),44.59,1407.02,No
CUST13550,Male,0,No,No,21,Yes,Yes,DSL,No,Yes,Yes,No,No,Yes,Month-to-month,No,Bank transfer (automatic),61.03,1263.39,No
CUST13551,Female,0,Yes,No,26,Yes,No,Fiber optic,No,No,No,No,No,No,Two year,No,Bank transfer (automatic),68.42,1731.05,No
CUST13552,Female,0,Yes,No,13,Yes,No,DSL,Yes,No,Yes,No,No,No,Month-to-month,No,Credit card (automatic),48.39,606.07,No
CUST13553,Male,0,Yes,No,12,Yes,Yes,DSL,No,No,No,No,Yes,Yes,Month-to-month,Yes,Mailed check,64.26,763.74,No
CUST13554,Male,0,Yes,Yes,4,Yes,No,Fiber optic,No,Yes,Yes,Yes,Yes,No,One year,Yes,Electronic check,85.59,333.79,No
CUST13555,Female,0,Yes,No,3,Yes,No,Fiber optic,Yes,No,No,No,No,No,Two year,No,Electronic check,67.71,201.06,No
CUST13556,Male,0,No,No,3,Yes,Yes,Fiber optic,No,Yes,No,No,Yes,No,Month-to-month,No,Mailed check,85.05,245.73,No
CUST13557,Female,0,Yes,Yes,72,Yes,Yes,No,No internet service,No internet service,No internet service,No internet service,No internet service,No internet service,Month-to-month,No,Mailed check,18.96,1354.35,No
CUST13558,Male,1,No,Yes,34,Yes,No,DSL,No,Yes,No,No,No,No,One year,No,Mailed check,46.6,1514.89,Yes
CUST13559,Male,0,Yes,Yes,19,Yes,Yes,DSL,No,No,No,Yes,Yes,No,Month-to-month,Yes,Mailed check,50.03,950.4,No
CUST13560,Female,0,No,No,4,Yes,No,DSL,No,No,No,Yes,Yes,Yes,Month-to-month,Yes,Mailed check,64.62,255.31,No
CUST13561,Male,0,No,Yes,8,Yes,Yes,Fiber optic,No,No,No,No,No,No,One year,No,Electronic check,54.98,432.35,No
CUST13562,Male,0,Yes,No,8,No,No phone service,No,No internet service,No internet service,No internet service,No internet service,No internet service,No internet service,One year,Yes,Credit card (automatic),23.32,180.42,No
CUST13563,Male,0,Yes,No,12,Yes,Yes,No,No internet service,No internet service,No internet service,No internet service,No internet service,No internet service,Two year,No,Credit card (automatic),18.99,223.89,No
CUST13564,Female,0,No,No,10,Yes,No,DSL,No,No,Yes,No,Yes,No,Month-to-month,Yes,Bank transfer (automatic),59.71,594.15,No
CUST13565,Male,0,No,No,54,Yes,No,DSL,No,No,Yes,No,No,No,Month-to-month,No,Mailed check,55.46,2879.28,No
CUST13566,Male,0,Yes,No,25,Yes,No,Fiber optic,No,Yes,No,No,No,No,One year,No,Electronic check,82.71,2004.01,No
CUST13567,Male,0,Yes,Yes,1,Yes,Yes,Fiber optic,Yes,Yes,No,Yes,Yes,No,One year,Yes,Credit card (automatic),100.24,95.82,No
CUST13568,Male,0,Yes,Yes,8,No,No phone service,No,No internet service,No internet service,No internet service,No internet service,No internet service,No internet service,One year,No,Mailed check,18.0,141.31,No
CUST13569,Male,0,Yes,Yes,2,Yes,Yes,Fiber optic,No,No,No,Yes,No,No,Month-to-month,Yes,Bank transfer (automatic),65.24,126.58,Yes
CUST13570,Male,0,No,No,6,Yes,Yes,No,No internet service,No internet service,No internet service,No internet service,No internet service,No internet service,Month-to-month,Yes,Electronic check,20.65,122.78,No
CUST13571,Female,0,No,No,63,Yes,Yes,No,No internet service,No internet service,No internet service,No internet service,No internet service,No internet service,Two year,Yes,Credit card (automatic),23.25,1400.43,No
CUST13572,Female,1,Yes,No,24,Yes,No,Fiber optic,No,No,No,Yes,No,No,Month-to-month,Yes,Bank transfer (automatic),73.41,1685.81,No
CUST13573,Male,1,Yes,No,0,Yes,No,DSL,No,Yes,Yes,No,No,No,Month-to-month,No,Electronic check,41.82,40.4,Yes
CUST13574,Female,0,Yes,Yes,7,Yes,Yes,DSL,No,Yes,No,No,No,No,Month-to-month,Yes,Bank transfer (automatic),48.98,331.21,No
CUST13575,Female,0,No,No,11,Yes,No,Fiber optic,No,No,No,No,No,Yes,Two year,No,Electronic check,77.84,843.49,No
CUST13576,Male,0,No,Yes,18,Yes,No,Fiber optic,No,Yes,No,No,Yes,No,Two year,Yes,Electronic check,74.56,1300.77,No
CUST13577,Female,0,Yes,Yes,13,Yes,No,DSL,Yes,No,No,No,Yes,Yes,Month-to-month,No,Credit card (automatic),58.6,744.7,Yes
CUST13578,Female,0,Yes,No,1,Yes,No,DSL,Yes,Yes,Yes,Yes,No,No,Month-to-month,Yes,Credit card (automatic),61.33,59.96,Yes
CUST13579,Female,0,No,No,14,Yes,Yes,DSL,No,Yes,No,No,No,No,Month-to-month,Yes,Electronic check,41.95,564.81,No
CUST13580,Female,0,Yes,Yes,2,Yes,Yes,DSL,No,No,No,No,No,No,Month-to-month,Yes,Electronic check,39.48,78.66,Yes
CUST13581,Female,0,Yes,No,14,Yes,No,No,No internet service,No internet service,No internet service,No internet service,No internet service,No internet service,Month-to-month,No,Credit card (automatic),20.91,281.2,No
CUST13582,Female,0,Yes,No,5,No,No phone service,Fiber optic,No,No,No,No,No,No,Month-to-month,Yes,Credit card (automatic),73.7,362.7,No
CUST13583,Female,0,Yes,Yes,3,Yes,No,Fiber optic,No,Yes,No,Yes,Yes,No,One year,No,Bank transfer (automatic),84.52,246.74,No
CUST13584,Female,0,Yes,Yes,6,Yes,Yes,DSL,No,No,No,No,No,No,Month-to-month,Yes,Mailed check,41.19,241.58,No
CUST13585,Male,0,No,No,2,Yes,No,No,No internet service,No internet service,No internet service,No internet service,No internet service,No internet service,Two year,No,Mailed check,20.07,39.53,No
CUST13586,Male,0,No,No,6,Yes,Yes,Fiber optic,Yes,Yes,Yes,No,No,Yes,One year,Yes,Mailed check,92.78,555.54,No
CUST13587,Female,0,Yes,No,40,Yes,Yes,Fiber optic,No,No,No,No,No,Yes,Month-to-month,No,Credit card (automatic),72.2,2743.79,No
CUST13588,Female,0,Yes,Yes,7,Yes,Yes,DSL,Yes,No,No,Yes,Yes,No,Month-to-month,No,Bank transfer (automatic),64.14,442.7,No
CUST13589,Male,0,No,No,12,No,No phone service,No,No internet service,No internet service,No internet service,No internet service,No internet service,No internet service,Two year,Yes,Credit card (automatic),18.0,206.91,No
CUST13590,Female,0,Yes,No,14,Yes,Yes,No,No internet service,No internet service,No internet service,No internet service,No internet service,No internet service,Two year,No,Credit card (automatic),22.67,313.81,No
CUST13591,Female,0,Yes,No,3,No,No phone service,No,No internet service,No internet service,No internet service,No internet service,No internet service,No internet service,Month-to-month,Yes,Bank transfer (automatic),18.0,53.7,No
CUST13592,Male,0,Yes,Yes,11,Yes,Yes,Fiber optic,No,No,No,No,No,Yes,Month-to-month,Yes,Electronic check,83.91,901.63,No
CUST13593,Male,0,No,No,38,Yes,Yes,Fiber optic,No,No,No,Yes,No,Yes,Two year,No,Mailed check,84.99,3143.75,No
CUST13594,Male,0,Yes,No,1,No,No phone service,DSL,No,Yes,No,No,No,Yes,Month-to-month,Yes,Bank transfer (automatic),51.99,49.51,Yes
CUST13595,Female,0,Yes,No,51,Yes,No,DSL,No,Yes,Yes,Yes,No,Yes,Month-to-month,No,Mailed check,68.14,3448.57,No
CUST13596,Female,1,Yes,No,40,No,No phone service,DSL,No,No,No,No,Yes,No,Two year,Yes,Mailed check,53.4,2127.0,No
CUST13597,Male,1,Yes,No,38,Yes,No,DSL,No,No,No,No,No,Yes,Two year,No,Mailed check,42.28,1584.01,No
CUST13598,Male,0,No,No,4,No,No phone service,DSL,Yes,Yes,No,No,Yes,Yes,One year,Yes,Electronic check,67.33,259.11,No
CUST13599,Female,1,No,No,13,Yes,No,No,No internet service,No internet service,No internet service,No internet service,No internet service,No internet service,Month-to-month,Yes,Mailed check,18.0,225.14,No
CUST13600,Male,0,Yes,No,19,Yes,Yes,Fiber optic,Yes,No,No,Yes,No,Yes,Month-to-month,Yes,Credit card (automatic),86.12,1627.78,No
CUST13601,Female,0,Yes,No,2,Yes,No,Fiber optic,Yes,No,No,No,No,Yes,One year,Yes,Electronic check,73.5,140.03,No
CUST13602,Female,0,No,No,16,Yes,Yes,DSL,Yes,Yes,No,No,No,Yes,One year,Yes,Electronic check,49.91,761.95,No
CUST13603,Male,1,Yes,No,36,Yes,Yes,DSL,No,No,Yes,No,Yes,Yes,Month-to-month,Yes,Credit card (automatic),55.78,1969.27,Yes
CUST13604,Male,0,No,Yes,55,Yes,No,Fiber optic,No,Yes,No,No,No,No,Two year,No,Mailed check,71.8,3850.95,No
CUST13605,Female,0,No,No,6,Yes,Yes,No,No internet service,No internet service,No internet service,No internet service,No internet service,No internet service,Month-to-month,No,Bank transfer (automatic),24.1,137.62,No
CUST13606,Male,0,Yes,Yes,6,Yes,No,DSL,No,No,Yes,No,Yes,No,Month-to-month,No,Electronic check,48.32,288.33,No
CUST13607,Male,0,No,No,6,Yes,Yes,DSL,No,No,Yes,No,No,Yes,Month-to-month,No,Mailed check,53.94,312.5,No
CUST13608,Male,0,Yes,Yes,3,No,No phone service,DSL,Yes,No,No,No,No,Yes,One year,Yes,Bank transfer (automatic),52.96,153.05,No
CUST13609,Male,0,Yes,No,11,Yes,Yes,Fiber optic,No,No,No,No,Yes,No,One year,No,Electronic check,82.02,897.17,No
CUST13610,Female,0,No,No,30,Yes,No,Fiber optic,Yes,Yes,Yes,Yes,Yes,Yes,One year,Yes,Mailed check,94.39,2779.41,No
CUST13611,Female,0,No,Yes,24,Yes,Yes,DSL,Yes,Yes,No,No,No,No,Month-to-month,No,Mailed check,56.72,1320.53,Yes
CUST13612,Female,0,No,No,46,Yes,No,Fiber optic,No,Yes,Yes,No,No,No,Two year,Yes,Credit card (automatic),85.48,3817.79,No
CUST13613,Female,0,No,Yes,8,Yes,No,Fiber optic,Yes,No,No,Yes,Yes,No,Month-to-month,Yes,Bank transfer (automatic),83.25,649.35,No
CUST13614,Male,0,Yes,No,16,Yes,Yes,DSL,Yes,No,No,No,No,Yes,Month-to-month,No,Credit card (automatic),57.14,889.99,Yes
CUST13615,Male,0,Yes,No,29,Yes,Yes,Fiber optic,No,No,Yes,No,No,No,One year,Yes,Credit card (automatic),72.04,1992.96,No
CUST13616,Female,0,Yes,No,45,Yes,No,DSL,No,No,No,Yes,Yes,No,Month-to-month,No,Mailed check,56.01,2512.87,Yes
CUST13617,Female,0,No,No,41,Yes,No,No,No internet service,No internet service,No internet service,No internet service,No internet service,No internet service,Month-to-month,No,Mailed check,26.56,1044.3,No
CUST13618,Male,0,Yes,No,12,Yes,No,Fiber optic,Yes,No,Yes,Yes,Yes,Yes,Month-to-month,No,Mailed check,102.1,1168.54,No
CUST13619,Female,0,Yes,No,47,No,No phone service,Fiber optic,No,No,No,No,No,No,Month-to-month,Yes,Credit card (automatic),71.8,3219.26,No
CUST13620,Female,1,No,No,11,Yes,No,DSL,No,No,No,Yes,No,No,Month-to-month,No,Electronic check,46.46,501.5,No
CUST13621,Male,1,Yes,No,46,Yes,No,Fiber optic,No,Yes,Yes,Yes,Yes,No,Month-to-month,No,Electronic check,87.23,3988.56,No
CUST13622,Female,0,Yes,No,30,Yes,Yes,No,No internet service,No internet service,No internet service,No internet service,No internet service,No internet service,Month-to-month,No,Credit card (automatic),19.68,580.89,No
CUST13623,Male,0,Yes,Yes,5,Yes,No,Fiber optic,No,Yes,No,No,No,No,Month-to-month,Yes,Mailed check,83.53,404.12,No
CUST13624,Male,1,Yes,Yes,53,Yes,Yes,Fiber optic,Yes,No,Yes,Yes,No,No,One year,No,Credit card (automatic),83.4,4316.98,Yes
CUST13625,Female,1,Yes,Yes,5,Yes,Yes,DSL,No,No,No,No,No,No,Month-to-month,No,Bank transfer (automatic),46.81,225.44,No
CUST13626,Male,1,Yes,No,47,Yes,No,DSL,Yes,No,No,No,No,Yes,One year,No,Credit card (automatic),65.0,2918.67,No
CUST13627,Female,1,Yes,No,19,No,No phone service,Fiber optic,No,No,No,No,Yes,Yes,One year,Yes,Mailed check,76.31,1383.96,No
CUST13628,Male,0,Yes,Yes,22,Yes,Yes,DSL,No,No,No,No,Yes,No,Two year,Yes,Electronic check,54.13,1172.29,No
CUST13629,Female,0,Yes,Yes,2,Yes,No,DSL,No,No,No,No,No,No,Two year,No,Bank transfer (automatic),42.5,82.54,No
CUST13630,Female,0,Yes,No,1,Yes,No,Fiber optic,Yes,No,No,No,Yes,No,Month-to-month,Yes,Mailed check,75.17,73.77,Yes
CUST13631,Female,0,Yes,Yes,69,Yes,No,DSL,No,Yes,No,No,Yes,No,Month-to-month,Yes,Credit card (automatic),54.34,3688.46,No
CUST13632,Male,0,Yes,No,8,Yes,No,Fiber optic,No,Yes,Yes,Yes,Yes,Yes,One year,Yes,Electronic check,97.63,779.37,No
CUST13633,Male,0,Yes,No,37,Yes,No,Fiber optic,Yes,No,Yes,No,No,Yes,One year,No,Bank transfer (automatic),77.81,2786.42,No
CUST13634,Female,0,No,No,24,Yes,No,Fiber optic,No,No,Yes,No,No,Yes,Month-to-month,Yes,Electronic check,85.74,1975.3,No
CUST13635,Male,0,No,Yes,18,Yes,No,Fiber optic,Yes,Yes,No,No,Yes,No,Month-to-month,Yes,Mailed check,90.33,1555.15,Yes
CUST13636,Female,0,Yes,No,23,No,No phone service,Fiber optic,No,No,Yes,No,No,Yes,Two year,No,Electronic check,82.45,1803.31,No
CUST13637,Female,0,Yes,No,1,No,No phone service,Fiber optic,No,Yes,No,Yes,Yes,No,Two year,Yes,Credit card (automatic),81.89,78.42,No
CUST13638,Male,0,No,Yes,10,Yes,No,DSL,No,No,No,No,Yes,No,One year,Yes,Credit card (automatic),53.76,529.31,No
CUST13639,Female,0,No,No,18,Yes,Yes,No,No internet service,No internet service,No internet service,No internet service,No internet service,No internet service,Month-to-month,No,Mailed check,25.04,437.86,No
CUST13640,Male,0,No,No,40,Yes,Yes,Fiber optic,No,No,Yes,Yes,No,No,Month-to-month,Yes,Electronic check,77.64,3086.17,No
CUST13641,Female,0,Yes,Yes,25,Yes,Yes,Fiber optic,No,Yes,No,No,No,No,Month-to-month,No,Bank transfer (automatic),73.14,1738.27,No
CUST13642,Male,0,No,No,5,Yes,No,Fiber optic,Yes,Yes,No,Yes,No,No,Month-to-month,Yes,Electronic check,82.92,413.17,No
CUST13643,Female,0,No,Yes,72,Yes,No,DSL,Yes,No,Yes,No,Yes,No,Two year,Yes,Electronic check,57.26,3927.22,No
CUST13644,Female,0,Yes,No,20,No,No phone service,No,No internet service,No internet service,No internet service,No internet service,No internet service,No internet service,Month-to-month,Yes,Credit card (automatic),22.35,446.58,No
CUST13645,Male,0,Yes,No,13,Yes,No,No,No internet service,No internet service,No internet service,No internet service,No internet service,No internet service,Month-to-month,Yes,Electronic check,24.92,309.45,No
CUST13646,Female,0,Yes,Yes,30,Yes,No,No,No internet service,No internet service,No internet service,No internet service,No internet service,No internet service,Month-to-month,No,Credit card (automatic),23.89,688.28,No
CUST13647,Female,1,Yes,Yes,18,Yes,Yes,No,No internet service,No internet service,No internet service,No internet service,No internet service,No internet service,One year,Yes,Bank transfer (automatic),22.27,395.32,No
CUST13648,Male,0,Yes,No,24,Yes,Yes,DSL,No,Yes,Yes,No,Yes,No,Month-to-month,No,Electronic check,56.48,1314.02,No
CUST13649,Female,0,No,No,19,Yes,Yes,DSL,No,Yes,No,Yes,Yes,No,One year,No,Electronic check,59.85,1133.42,No
CUST13650,Male,0,Yes,No,3,Yes,Yes,No,No internet service,No internet service,No internet service,No internet service,No internet service,No internet service,Two year,Yes,Credit card (automatic),26.2,75.11,No
CUST13651,Female,0,Yes,No,15,Yes,Yes,DSL,No,No,No,No,Yes,Yes,Month-to-month,No,Bank transfer (automatic),62.58,926.22,No
CUST13652,Male,0,No,No,6,Yes,Yes,DSL,No,No,No,No,No,No,Month-to-month,No,Mailed check,40.03,234.69,Yes
CUST13653,Female,1,Yes,Yes,16,Yes,No,No,No internet service,No internet service,No internet service,No internet service,No internet service,No internet service,Two year,Yes,Credit card (automatic),20.57,326.79,No
CUST13654,Female,0,Yes,No,2,Yes,No,Fiber optic,No,No,No,No,No,Yes,Two year,Yes,Electronic check,85.97,164.31,No
CUST13655,Female,0,Yes,No,5,No,No phone service,Fiber optic,No,Yes,No,No,Yes,No,Month-to-month,Yes,Mailed check,78.01,388.17,No
CUST13656,Male,0,Yes,No,33,Yes,No,Fiber optic,No,No,No,No,No,Yes,Month-to-month,Yes,Credit card (automatic),77.23,2425.72,No
CUST13657,Male,0,Yes,Yes,10,Yes,Yes,No,No internet service,No internet service,No internet service,No internet service,No internet service,No internet service,Two year,No,Credit card (automatic),28.7,285.31,No
CUST13658,Male,0,No,No,22,Yes,Yes,Fiber optic,No,No,No,Yes,Yes,Yes,Month-to-month,Yes,Bank transfer (automatic),88.82,1949.66,No
CUST13659,Male,0,Yes,No,13,Yes,No,Fiber optic,No,No,No,No,No,No,Month-to-month,Yes,Bank transfer (automatic),73.85,916.71,No
CUST13660,Female,0,No,No,8,Yes,Yes,No,No internet service,No internet service,No internet service,No internet service,No internet service,No internet service,Two year,Yes,Electronic check,18.0,139.41,No
CUST13661,Female,0,Yes,No,13,Yes,No,Fiber optic,No,No,No,No,Yes,No,Month-to-month,Yes,Mailed check,73.44,948.21,Yes
CUST13662,Male,1,No,No,33,Yes,No,DSL,Yes,No,No,Yes,No,Yes,One year,No,Bank transfer (automatic),52.96,1690.48,No
CUST13663,Male,0,No,Yes,6,Yes,Yes,Fiber optic,No,No,No,No,No,No,Month-to-month,Yes,Credit card (automatic),75.81,437.52,No
CUST13664,Male,0,No,No,10,Yes,Yes,DSL,No,No,No,No,No,No,Month-to-month,Yes,Bank transfer (automatic),44.81,429.99,Yes
CUST13665,Female,0,Yes,Yes,4,No,No phone service,DSL,No,Yes,No,No,No,No,One year,No,Credit card (automatic),48.49,190.41,No
CUST13666,Male,0,No,Yes,8,Yes,Yes,DSL,No,No,No,Yes,Yes,No,Month-to-month,No,Bank transfer (automatic),58.39,447.76,No
CUST13667,Male,0,No,No,43,Yes,Yes,Fiber optic,Yes,No,No,No,No,Yes,One year,Yes,Electronic check,81.13,3338.76,No
CUST13668,Female,0,No,No,30,Yes,Yes,Fiber optic,No,No,Yes,No,No,No,Month-to-month,Yes,Bank transfer (automatic),69.42,1994.66,No
CUST13669,Female,0,Yes,No,9,Yes,No,DSL,No,Yes,No,No,No,No,Month-to-month,Yes,Bank transfer (automatic),48.95,433.22,Yes
CUST13670,Male,0,Yes,No,2,Yes,Yes,DSL,No,No,No,No,No,Yes,Month-to-month,Yes,Mailed check,57.52,114.03,Yes
CUST13671,Female,0,Yes,No,10,Yes,Yes,DSL,No,No,Yes,Yes,No,No,Two year,Yes,Credit card (automatic),53.02,526.31,No
CUST13672,Male,0,Yes,No,29,Yes,Yes,Fiber optic,No,Yes,Yes,No,No,No,Month-to-month,No,Credit card (automatic),78.33,2244.8,No
CUST13673,Female,0,No,Yes,0,Yes,No,DSL,No,Yes,Yes,No,Yes,Yes,Month-to-month,Yes,Bank transfer (automatic),56.35,54.48,Yes
CUST13674,Male,0,No,No,27,Yes,No,Fiber optic,No,No,Yes,No,Yes,No,Month-to-month,No,Mailed check,80.59,2073.41,Yes
CUST13675,Male,1,No,Yes,22,Yes,No,Fiber optic,No,No,No,No,No,No,One year,No,Electronic check,70.93,1534.79,No
CUST13676,Male,0,Yes,No,1,Yes,Yes,DSL,No,No,Yes,No,No,No,Month-to-month,No,Electronic check,55.95,55.46,Yes
CUST13677,Male,0,Yes,No,20,Yes,No,Fiber optic,Yes,Yes,No,No,No,No,Two year,No,Credit card (automatic),82.4,1627.53,No
CUST13678,Female,0,Yes,Yes,7,No,No phone service,Fiber optic,No,No,Yes,Yes,No,No,Two year,No,Bank transfer (automatic),79.5,552.38,No
CUST13679,Female,0,Yes,Yes,3,Yes,Yes,DSL,No,No,No,No,Yes,Yes,Month-to-month,Yes,Bank transfer (automatic),60.09,176.73,No
CUST13680,Female,0,No,No,9,Yes,No,DSL,Yes,No,Yes,No,No,Yes,Month-to-month,No,Electronic check,61.29,546.81,No
CUST13681,Female,1,Yes,No,4,Yes,No,Fiber optic,No,No,Yes,Yes,Yes,No,Two year,No,Mailed check,85.74,335.58,No
CUST13682,Male,0,No,No,34,Yes,Yes,No,No internet service,No internet service,No internet service,No internet service,No internet service,No internet service,Month-to-month,Yes,Credit card (automatic),27.9,902.0,Yes
CUST13683,Male,1,No,No,27,Yes,No,No,No internet service,No internet service,No internet service,No internet service,No internet service,No internet service,Two year,No,Mailed check,20.96,544.29,No
CUST13684,Female,0,No,No,72,Yes,No,DSL,No,No,No,No,No,No,Month-to-month,No,Mailed check,44.89,3154.26,No
CUST13685,Female,0,Yes,No,15,Yes,Yes,DSL,Yes,No,Yes,Yes,Yes,Yes,Month-to-month,No,Credit card (automatic),71.85,1030.68,No
CUST13686,Female,0,Yes,No,1,Yes,No,DSL,Yes,Yes,Yes,No,No,No,Two year,Yes,Credit card (automatic),57.01,55.92,No
CUST13687,Female,0,Yes,Yes,9,Yes,No,Fiber optic,No,No,No,No,No,No,Month-to-month,No,Electronic check,79.65,682.34,No
CUST13688,Female,0,Yes,No,36,Yes,Yes,Fiber optic,No,No,Yes,No,No,Yes,Month-to-month,Yes,Credit card (automatic),76.09,2660.32,No
CUST13689,Male,1,No,No,10,No,No phone service,No,No internet service,No internet service,No internet service,No internet service,No internet service,No internet service,One year,Yes,Bank transfer (automatic),27.54,271.48,No
CUST13690,Male,0,No,No,12,No,No phone service,No,No internet service,No internet service,No internet service,No internet service,No internet service,No internet service,Two year,Yes,Mailed check,23.66,272.07,No
CUST13691,Male,1,Yes,No,10,Yes,Yes,Fiber optic,No,No,No,No,No,No,Month-to-month,Yes,Bank transfer (automatic),72.4,708.73,No
CUST13692,Female,1,Yes,No,5,Yes,Yes,Fiber optic,No,No,No,No,No,No,Two year,No,Mailed check,71.53,348.77,No
CUST13693,Female,1,No,Yes,1,Yes,Yes,DSL,No,Yes,Yes,No,Yes,No,One year,Yes,Mailed check,62.12,61.32,No
CUST13694,Female,0,Yes,No,3,Yes,No,Fiber optic,No,Yes,No,No,No,No,Two year,No,Bank transfer (automatic),81.76,243.2,No
CUST13695,Female,0,No,Yes,9,Yes,No,Fiber optic,No,Yes,Yes,No,No,No,One year,Yes,Credit card (automatic),79.26,693.16,No
CUST13696,Male,0,No,Yes,5,Yes,Yes,Fiber optic,No,No,No,Yes,No,No,One year,Yes,Mailed check,82.68,413.21,No
CUST13697,Male,0,No,No,17,Yes,No,DSL,No,No,No,No,Yes,No,Two year,Yes,Electronic check,46.7,759.14,No
CUST13698,Female,0,No,No,19,Yes,No,Fiber optic,No,No,No,Yes,No,No,Month-to-month,No,Bank transfer (automatic),70.4,1332.1,Yes
CUST13699,Male,0,No,No,16,Yes,No,Fiber optic,No,No,No,No,No,Yes,Two year,No,Credit card (automatic),83.79,1305.65,No
CUST13700,Male,0,No,Yes,1,Yes,No,Fiber optic,No,Yes,Yes,Yes,No,Yes,Month-to-month,Yes,Electronic check,87.2,86.63,Yes
CUST13701,Female,1,No,No,21,Yes,No,Fiber optic,No,No,Yes,Yes,Yes,Yes,Month-to-month,Yes,Electronic check,87.69,1820.9,No
CUST13702,Female,1,Yes,Yes,9,Yes,Yes,DSL,Yes,No,No,No,Yes,No,One year,No,Mailed check,53.26,467.53,No
CUST13703,Female,0,Yes,No,42,Yes,Yes,Fiber optic,No,No,No,No,No,No,Month-to-month,No,Mailed check,74.28,3057.0,Yes
CUST13704,Female,0,No,No,14,Yes,No,No,No internet service,No internet service,No internet service,No internet service,No internet service,No internet service,One year,Yes,Mailed check,18.02,243.19,No
CUST13705,Female,0,Yes,No,1,Yes,Yes,Fiber optic,Yes,Yes,No,No,No,No,Two year,No,Electronic check,81.98,80.24,No
CUST13706,Female,0,No,No,0,Yes,No,Fiber optic,No,Yes,Yes,No,No,Yes,Month-to-month,Yes,Credit card (automatic),73.3,71.41,Yes
CUST13707,Male,0,No,Yes,24,No,No phone service,Fiber optic,No,Yes,No,No,Yes,Yes,Month-to-month,No,Electronic check,77.66,1794.02,No
CUST13708,Male,0,No,No,10,Yes,No,Fiber optic,Yes,No,Yes,Yes,No,No,Month-to-month,No,Electronic check,81.58,785.22,No
CUST13709,Female,0,Yes,No,6,Yes,No,DSL,No,No,No,No,No,Yes,Two year,No,Electronic check,46.97,271.15,No
CUST13710,Male,0,Yes,No,11,Yes,Yes,DSL,No,No,No,No,No,No,Two year,Yes,Electronic check,29.61,320.42,No
CUST13711,Female,0,Yes,No,1,Yes,Yes,No,No internet service,No internet service,No internet service,No internet service,No internet service,No internet service,Month-to-month,Yes,Credit card (automatic),18.3,17.78,Yes
CUST13712,Female,0,Yes,No,9,Yes,Yes,Fiber optic,No,No,No,Yes,Yes,Yes,Two year,Yes,Mailed check,84.31,751.74,No
CUST13713,Female,1,No,No,7,Yes,No,Fiber optic,No,No,No,No,No,No,Month-to-month,No,Credit card (automatic),77.45,532.53,No
CUST13714,Female,0,No,No,32,Yes,No,DSL,No,No,Yes,Yes,Yes,Yes,Month-to-month,No,Bank transfer (automatic),63.82,1985.99,No
CUST13715,Male,0,No,No,3,Yes,No,Fiber optic,No,No,No,No,Yes,Yes,Month-to-month,Yes,Mailed check,69.67,205.42,Yes
CUST13716,Female,0,Yes,Yes,28,Yes,Yes,No,No internet service,No internet service,No internet service,No internet service,No internet service,No internet service,Month-to-month,Yes,Electronic check,21.22,589.13,Yes
CUST13717,Male,0,Yes,Yes,13,Yes,No,DSL,No,No,No,No,Yes,No,One year,Yes,Electronic check,52.57,679.75,No
CUST13718,Female,0,Yes,Yes,1,Yes,No,DSL,Yes,No,No,No,Yes,No,Month-to-month,No,Mailed check,51.19,49.63,Yes
CUST13719,Female,0,Yes,No,69,Yes,Yes,DSL,Yes,No,Yes,No,No,Yes,Two year,Yes,Electronic check,69.41,4696.03,No
CUST13720,Female,0,No,Yes,26,Yes,No,DSL,No,No,No,Yes,No,No,One year,No,Mailed check,56.57,1427.39,No
CUST13721,Male,0,Yes,Yes,6,No,No phone service,Fiber optic,No,No,No,No,No,No,Month-to-month,No,Credit card (automatic),66.3,393.9,No
CUST13722,Female,0,Yes,No,17,Yes,Yes,Fiber optic,No,No,No,No,No,No,One year,Yes,Electronic check,78.01,1260.46,No
CUST13723,Female,0,No,No,46,Yes,Yes,Fiber optic,No,Yes,No,No,No,No,Month-to-month,No,Bank transfer (automatic),80.79,3589.46,No
CUST13724,Female,0,No,No,53,Yes,No,Fiber optic,No,No,Yes,No,No,No,One year,Yes,Electronic check,72.09,3786.8,No
CUST13725,Male,0,Yes,No,26,Yes,Yes,Fiber optic,Yes,Yes,Yes,No,Yes,No,Month-to-month,No,Electronic check,90.79,2299.31,No
CUST13726,Male,0,No,Yes,26,Yes,No,DSL,No,No,Yes,No,Yes,No,Month-to-month,Yes,Bank transfer (automatic),43.78,1130.94,No
CUST13727,Male,0,Yes,No,6,Yes,Yes,No,No internet service,No internet service,No internet service,No internet service,No internet service,No internet service,Month-to-month,Yes,Electronic check,21.27,126.1,No
CUST13728,Female,1,Yes,Yes,72,No,No phone service,Fiber optic,Yes,Yes,No,No,No,No,Two year,Yes,Mailed check,81.92,5797.91,No
CUST13729,Male,0,Yes,No,5,Yes,Yes,DSL,No,No,Yes,No,No,No,One year,No,Mailed check,56.53,270.12,No
CUST13730,Female,1,No,Yes,1,Yes,No,DSL,No,No,No,Yes,No,No,Two year,No,Mailed check,50.77,48.27,No
CUST13731,Male,0,Yes,No,72,Yes,No,Fiber optic,No,No,No,Yes,No,No,Month-to-month,Yes,Electronic check,74.9,5244.92,No
CUST13732,Male,1,Yes,Yes,3,Yes,No,DSL,Yes,No,No,Yes,Yes,Yes,Two year,Yes,Electronic check,68.81,196.99,No
CUST13733,Female,0,No,No,14,Yes,No,No,No internet service,No internet service,No internet service,No internet service,No internet service,No internet service,Month-to-month,No,Bank transfer (automatic),21.73,299.3,No
CUST13734,Male,0,Yes,Yes,12,Yes,Yes,Fiber optic,No,No,Yes,Yes,No,No,One year,Yes,Electronic check,80.83,955.04,No
CUST13735,Female,1,Yes,Yes,37,Yes,Yes,No,No internet service,No internet service,No internet service,No internet service,No internet service,No internet service,Month-to-month,Yes,Credit card (automatic),21.43,785.4,No
CUST13736,Female,0,Yes,No,10,Yes,Yes,Fiber optic,Yes,Yes,No,Yes,No,Yes,Month-to-month,Yes,Credit card (automatic),88.72,848.46,Yes
CUST13737,Male,0,Yes,Yes,13,Yes,No,No,No internet service,No internet service,No internet service,No internet service,No internet service,No internet service,Two year,Yes,Credit card (automatic),18.0,222.38,No
CUST13738,Female,0,No,No,0,Yes,Yes,Fiber optic,No,Yes,No,Yes,Yes,No,Two year,Yes,Electronic check,86.84,82.91,No
CUST13739,Female,0,No,No,4,Yes,Yes,DSL,No,No,No,No,No,No,Two year,Yes,Credit card (automatic),39.6,153.8,No
CUST13740,Male,0,Yes,No,35,Yes,No,Fiber optic,Yes,Yes,No,No,Yes,No,Month-to-month,Yes,Mailed check,77.54,2587.09,No
CUST13741,Male,0,Yes,No,13,Yes,Yes,Fiber optic,Yes,No,No,Yes,No,Yes,One year,Yes,Bank transfer (automatic),85.32,1073.24,No
CUST13742,Female,1,No,No,5,Yes,Yes,No,No internet service,No internet service,No internet service,No internet service,No internet service,No internet service,Month-to-month,Yes,Credit card (automatic),19.56,95.3,No
CUST13743,Male,0,Yes,No,9,Yes,No,DSL,Yes,No,No,Yes,No,No,Month-to-month,No,Electronic check,53.28,475.06,No
CUST13744,Female,1,No,No,6,Yes,Yes,Fiber optic,Yes,No,No,Yes,No,No,Two year,Yes,Electronic check,86.22,493.24,No
CUST13745,Female,1,Yes,Yes,16,Yes,Yes,No,No internet service,No internet service,No internet service,No internet service,No internet service,No internet service,Month-to-month,No,Electronic check,32.75,523.11,No
CUST13746,Male,0,No,Yes,1,Yes,No,Fiber optic,Yes,Yes,No,No,No,Yes,Two year,Yes,Mailed check,77.34,75.71,No
CUST13747,Male,0,No,Yes,5,Yes,Yes,No,No internet service,No internet service,No internet service,No internet service,No internet service,No internet service,Month-to-month,Yes,Bank transfer (automatic),20.95,104.3,Yes
CUST13748,Male,0,No,No,8,Yes,No,DSL,No,No,No,Yes,Yes,No,Two year,Yes,Bank transfer (automatic),55.88,442.27,No
CUST13749,Male,0,Yes,No,52,Yes,No,Fiber optic,Yes,No,No,No,Yes,Yes,One year,Yes,Credit card (automatic),88.53,4374.67,No
CUST13750,Female,0,No,No,19,Yes,No,Fiber optic,No,No,No,Yes,Yes,No,Month-to-month,No,Mailed check,82.88,1566.47,No
CUST13751,Female,0,No,No,14,Yes,No,DSL,Yes,No,Yes,No,No,Yes,Month-to-month,No,Mailed check,64.12,890.57,No
CUST13752,Male,0,No,No,4,Yes,Yes,DSL,Yes,No,Yes,No,No,No,Two year,No,Electronic check,58.0,231.86,No
CUST13753,Male,0,Yes,No,16,Yes,No,DSL,Yes,Yes,No,No,Yes,No,Two year,Yes,Bank transfer (automatic),73.97,1131.93,No
CUST13754,Female,0,No,No,52,Yes,No,DSL,No,No,No,Yes,No,Yes,Month-to-month,No,Mailed check,64.67,3327.1,No
CUST13755,Female,0,Yes,No,16,Yes,No,DSL,No,Yes,Yes,No,No,No,One year,Yes,Electronic check,45.21,688.49,Yes
CUST13756,Female,0,Yes,No,3,Yes,No,DSL,Yes,No,No,No,Yes,No,Month-to-month,No,Electronic check,52.76,156.74,No
CUST13757,Female,0,No,Yes,72,Yes,No,Fiber optic,Yes,No,No,Yes,No,Yes,One year,No,Credit card (automatic),78.6,5486.15,No
CUST13758,Male,0,Yes,No,13,Yes,No,DSL,No,No,No,No,No,No,Two year,Yes,Bank transfer (automatic),53.39,692.04,No
CUST13759,Female,1,No,No,7,Yes,No,No,No internet service,No internet service,No internet service,No internet service,No internet service,No internet service,Month-to-month,Yes,Bank transfer (automatic),21.83,147.03,No
CUST13760,Female,0,No,Yes,13,Yes,No,Fiber optic,No,Yes,No,Yes,Yes,No,One year,No,Electronic check,87.22,1110.23,No
CUST13761,Male,0,No,No,6,Yes,Yes,DSL,No,No,No,Yes,No,No,Month-to-month,No,Mailed check,51.75,299.2,No
CUST13762,Female,0,No,Yes,0,No,No phone service,Fiber optic,No,Yes,Yes,No,No,No,Month-to-month,Yes,Electronic check,85.27,84.86,Yes
CUST13763,Female,1,No,No,44,Yes,Yes,No,No internet service,No internet service,No internet service,No internet service,No internet service,No internet service,Two year,Yes,Mailed check,18.0,780.11,No
CUST13764,Male,0,Yes,Yes,11,Yes,Yes,DSL,No,Yes,Yes,No,Yes,No,Month-to-month,Yes,Electronic check,48.31,514.04,No
CUST13765,Male,0,No,No,27,Yes,No,No,No internet service,No internet service,No internet service,No internet service,No internet service,No internet service,Month-to-month,Yes,Electronic check,24.44,642.8,Yes
CUST13766,Male,1,Yes,No,70,No,No phone service,Fiber optic,No,No,Yes,No,Yes,No,Two year,Yes,Credit card (automatic),78.72,5507.91,No
CUST13767,Female,0,Yes,No,20,Yes,No,No,No internet service,No internet service,No internet service,No internet service,No internet service,No internet service,One year,No,Bank transfer (automatic),18.86,365.86,No
CUST13768,Female,0,No,No,23,Yes,Yes,Fiber optic,No,No,No,No,No,No,Month-to-month,No,Credit card (automatic),65.13,1426.23,Yes
CUST13769,Male,0,Yes,No,57,No,No phone service,Fiber optic,Yes,No,Yes,Yes,Yes,No,Month-to-month,Yes,Credit card (automatic),83.06,4726.93,Yes
CUST13770,Male,1,Yes,No,14,Yes,No,DSL,No,No,Yes,No,Yes,Yes,Month-to-month,Yes,Mailed check,64.46,901.13,Yes
CUST13771,Female,0,No,No,7,No,No phone service,DSL,Yes,No,No,No,No,No,Month-to-month,Yes,Bank transfer (automatic),46.64,320.51,No
CUST13772,Male,0,Yes,Yes,50,Yes,No,Fiber optic,Yes,No,No,No,Yes,Yes,One year,No,Bank transfer (automatic),81.82,3992.08,Yes
CUST13773,Male,0,Yes,No,1,Yes,No,DSL,No,Yes,No,No,No,No,Month-to-month,Yes,Electronic check,45.95,45.65,Yes
CUST13774,Male,0,Yes,No,4,Yes,No,Fiber optic,No,Yes,Yes,No,Yes,Yes,One year,Yes,Bank transfer (automatic),80.83,323.29,No
CUST13775,Female,0,No,No,8,No,No phone service,Fiber optic,No,No,No,No,No,No,Month-to-month,Yes,Credit card (automatic),70.12,560.74,No
CUST13776,Female,0,No,Yes,30,Yes,No,DSL,Yes,No,No,No,No,No,Month-to-month,Yes,Bank transfer (automatic),51.2,1516.13,No
CUST13777,Female,0,No,Yes,46,Yes,Yes,DSL,No,Yes,No,Yes,No,No,Month-to-month,Yes,Electronic check,59.25,2624.15,Yes
CUST13778,Female,0,Yes,No,12,Yes,No,DSL,Yes,No,Yes,No,Yes,No,One year,Yes,Bank transfer (automatic),57.08,671.65,No
CUST13779,Female,0,No,No,6,Yes,No,Fiber optic,No,Yes,Yes,Yes,Yes,No,Month-to-month,Yes,Bank transfer (automatic),80.03,457.91,No
CUST13780,Female,0,No,Yes,8,Yes,No,Fiber optic,No,No,No,No,No,No,Two year,Yes,Credit card (automatic),74.68,589.46,No
CUST13781,Male,0,Yes,No,21,Yes,Yes,Fiber optic,Yes,Yes,Yes,No,No,Yes,Month-to-month,Yes,Electronic check,89.07,1789.42,No
CUST13782,Female,0,Yes,Yes,3,Yes,Yes,DSL,No,No,No,Yes,Yes,Yes,Month-to-month,Yes,Electronic check,50.92,147.65,No
CUST13783,Female,0,No,No,15,Yes,No,No,No internet service,No internet service,No internet service,No internet service,No internet service,No internet service,Month-to-month,No,Mailed check,25.97,387.92,No
CUST13784,Male,0,No,No,17,Yes,No,Fiber optic,Yes,No,No,No,No,No,Month-to-month,Yes,Bank transfer (automatic),63.64,1060.51,No
CUST13785,Female,0,No,No,24,Yes,Yes,Fiber optic,Yes,Yes,No,No,Yes,Yes,Two year,Yes,Electronic check,89.61,2111.97,No
CUST13786,Female,0,Yes,Yes,18,Yes,No,DSL,Yes,No,No,Yes,Yes,No,Two year,Yes,Electronic check,51.74,891.86,No
CUST13787,Male,0,No,Yes,2,Yes,No,Fiber optic,No,No,No,Yes,Yes,No,Month-to-month,Yes,Electronic check,79.93,157.79,Yes
CUST13788,Male,0,Yes,No,23,Yes,No,No,No internet service,No internet service,No internet service,No internet service,No internet service,No internet service,One year,No,Bank transfer (automatic),18.0,409.55,No
CUST13789,Male,0,Yes,No,0,Yes,No,DSL,No,Yes,No,No,No,Yes,One year,Yes,Bank transfer (automatic),52.17,52.06,No
CUST13790,Female,1,Yes,No,9,Yes,Yes,Fiber optic,No,Yes,No,No,No,No,Two year,Yes,Bank transfer (automatic),70.1,618.97,No
CUST13791,Male,0,No,No,10,Yes,No,Fiber optic,No,No,No,No,No,No,Month-to-month,No,Mailed check,70.01,696.42,No
CUST13792,Female,0,No,No,2,Yes,Yes,DSL,No,No,No,Yes,No,Yes,Month-to-month,Yes,Mailed check,67.27,132.99,Yes
CUST13793,Female,1,No,Yes,0,Yes,No,Fiber optic,No,No,Yes,No,No,No,Month-to-month,No,Mailed check,77.33,74.97,Yes
CUST13794,Female,0,No,Yes,1,Yes,Yes,DSL,No,No,No,No,No,Yes,Month-to-month,Yes,Credit card (automatic),51.15,49.03,Yes
CUST13795,Female,0,Yes,No,11,Yes,Yes,Fiber optic,Yes,Yes,Yes,No,Yes,Yes,Two year,Yes,Bank transfer (automatic),96.73,1061.45,No
CUST13796,Male,0,No,No,5,Yes,No,DSL,No,Yes,No,No,Yes,No,Two year,No,Bank transfer (automatic),60.55,302.09,No
CUST13797,Male,0,No,No,1,Yes,Yes,Fiber optic,No,Yes,Yes,No,No,No,Month-to-month,No,Electronic check,82.71,79.62,Yes
CUST13798,Female,0,Yes,No,5,Yes,No,DSL,No,Yes,Yes,No,No,Yes,Two year,Yes,Mailed check,62.31,311.2,No
CUST13799,Male,0,Yes,Yes,15,Yes,No,Fiber optic,No,No,No,No,Yes,Yes,Two year,No,Bank transfer (automatic),69.33,1017.54,No
CUST13800,Female,0,Yes,No,27,Yes,No,DSL,No,Yes,No,Yes,No,No,Two year,Yes,Electronic check,55.23,1438.18,No
CUST13801,Female,0,Yes,No,10,Yes,No,Fiber optic,Yes,No,No,No,No,No,Two year,Yes,Mailed check,70.69,702.14,No
CUST13802,Female,0,Yes,No,18,Yes,No,DSL,No,No,Yes,No,Yes,No,One year,Yes,Credit card (automatic),58.82,1042.01,No
CUST13803,Male,1,Yes,No,18,No,No phone service,DSL,No,Yes,No,Yes,No,No,Month-to-month,Yes,Electronic check,53.97,945.77,No
CUST13804,Female,0,No,No,45,Yes,No,DSL,No,No,No,Yes,No,Yes,Two year,Yes,Credit card (automatic),60.34,2645.3,No
CUST13805,Female,0,Yes,Yes,3,No,No phone service,Fiber optic,No,No,No,Yes,Yes,Yes,Month-to-month,No,Bank transfer (automatic),79.33,237.36,No
CUST13806,Male,0,Yes,No,12,Yes,Yes,Fiber optic,Yes,Yes,Yes,No,No,No,Month-to-month,No,Mailed check,90.65,1054.18,No
CUST13807,Male,0,No,Yes,19,Yes,Yes,DSL,No,Yes,Yes,No,No,No,Month-to-month,Yes,Mailed check,59.97,1103.65,No
CUST13808,Male,0,Yes,No,14,Yes,Yes,Fiber optic,No,No,No,Yes,Yes,Yes,One year,No,Bank transfer (automatic),88.69,1202.86,Yes
CUST13809,Male,0,No,Yes,11,No,No phone service,Fiber optic,No,No,No,No,Yes,No,Month-to-month,Yes,Bank transfer (automatic),76.75,841.78,No
CUST13810,Female,0,No,Yes,72,Yes,Yes,No,No internet service,No internet service,No internet service,No internet service,No internet service,No internet service,One year,Yes,Credit card (automatic),25.34,1789.84,No
CUST13811,Male,0,Yes,Yes,56,Yes,No,DSL,No,No,No,Yes,Yes,No,Month-to-month,No,Bank transfer (automatic),56.44,3154.96,No
CUST13812,Female,0,Yes,Yes,18,Yes,No,Fiber optic,Yes,No,Yes,No,Yes,Yes,Month-to-month,Yes,Electronic check,93.83,1666.46,No
CUST13813,Male,0,Yes,No,11,Yes,No,Fiber optic,Yes,No,No,No,No,No,Month-to-month,Yes,Mailed check,76.74,836.71,No
CUST13814,Male,1,Yes,No,28,No,No phone service,DSL,No,No,No,No,Yes,Yes,Month-to-month,Yes,Mailed check,53.41,1459.98,No
CUST13815,Male,1,Yes,No,14,Yes,No,DSL,No,No,Yes,No,No,Yes,Month-to-month,Yes,Bank transfer (automatic),63.6,877.05,No
CUST13816,Male,0,Yes,No,72,Yes,No,Fiber optic,No,No,Yes,No,No,Yes,Month-to-month,Yes,Bank transfer (automatic),82.21,5708.98,No
CUST13817,Male,0,Yes,Yes,23,No,No phone service,Fiber optic,No,No,No,Yes,No,No,Month-to-month,Yes,Bank transfer (automatic),73.76,1618.26,No
CUST13818,Male,0,No,No,1,Yes,No,DSL,No,Yes,Yes,No,No,No,Two year,Yes,Mailed check,60.8,58.26,No
CUST13819,Female,0,Yes,Yes,10,Yes,No,Fiber optic,No,No,No,No,No,No,One year,Yes,Mailed check,78.01,779.03,No
CUST13820,Male,1,No,Yes,26,Yes,Yes,DSL,No,No,Yes,No,No,Yes,One year,No,Electronic check,45.84,1136.31,No
CUST13821,Male,0,Yes,Yes,36,Yes,Yes,Fiber optic,No,No,No,Yes,No,Yes,Month-to-month,No,Credit card (automatic),81.6,2854.3,No
CUST13822,Male,0,No,No,33,Yes,Yes,No,No internet service,No internet service,No internet service,No internet service,No internet service,No internet service,Month-to-month,No,Credit card (automatic),18.0,593.29,No
CUST13823,Male,1,Yes,Yes,72,Yes,No,Fiber optic,No,No,No,No,No,No,One year,No,Mailed check,82.01,5727.54,No
CUST13824,Female,1,No,No,13,Yes,Yes,Fiber optic,Yes,No,Yes,No,No,No,One year,Yes,Mailed check,88.38,1140.84,No
CUST13825,Male,0,Yes,No,3,Yes,No,Fiber optic,No,No,Yes,No,No,No,Month-to-month,No,Mailed check,69.03,198.41,No
CUST13826,Male,0,No,No,21,Yes,No,No,No internet service,No internet service,No internet service,No internet service,No internet service,No internet service,Month-to-month,Yes,Electronic check,20.94,428.96,No
CUST13827,Male,0,Yes,No,1,Yes,No,DSL,No,No,No,No,No,No,Two year,Yes,Mailed check,41.27,39.99,No
CUST13828,Male,0,No,No,72,Yes,No,Fiber optic,No,No,No,Yes,Yes,Yes,Month-to-month,Yes,Mailed check,71.86,5107.18,No
CUST13829,Female,0,Yes,No,28,Yes,No,No,No internet service,No internet service,No internet service,No internet service,No internet service,No internet service,Month-to-month,Yes,Electronic check,18.0,479.47,No
CUST13830,Male,0,No,Yes,72,Yes,Yes,Fiber optic,No,Yes,Yes,Yes,No,Yes,Month-to-month,No,Electronic check,89.94,6400.77,No
CUST13831,Female,0,Yes,No,9,Yes,No,DSL,No,No,No,No,Yes,No,Two year,Yes,Electronic check,46.0,399.12,No
CUST13832,Male,0,Yes,Yes,0,Yes,No,No,No internet service,No internet service,No internet service,No internet service,No internet service,No internet service,One year,Yes,Electronic check,21.52,21.29,No
CUST13833,Female,0,Yes,No,14,Yes,Yes,DSL,No,No,No,No,No,Yes,Month-to-month,Yes,Electronic check,48.35,655.23,No
CUST13834,Female,0,Yes,No,2,Yes,Yes,Fiber optic,Yes,Yes,No,Yes,No,Yes,Month-to-month,Yes,Electronic check,91.02,173.35,Yes
CUST13835,Male,0,No,No,22,Yes,No,No,No internet service,No internet service,No internet service,No internet service,No internet service,No internet service,Month-to-month,Yes,Electronic check,22.98,480.59,Yes
CUST13836,Male,0,No,No,13,Yes,Yes,Fiber optic,Yes,No,No,No,No,Yes,Month-to-month,Yes,Credit card (automatic),79.99,1034.47,No
CUST13837,Female,0,Yes,Yes,28,Yes,No,No,No internet service,No internet service,No internet service,No internet service,No internet service,No internet service,Month-to-month,No,Electronic check,26.13,729.28,Yes
CUST13838,Female,0,No,No,6,Yes,Yes,Fiber optic,Yes,No,Yes,No,No,No,Month-to-month,No,Credit card (automatic),85.52,496.07,No
CUST13839,Male,0,No,No,35,No,No phone service,No,No internet service,No internet service,No internet service,No internet service,No internet service,No internet service,Month-to-month,Yes,Electronic check,18.03,612.77,No
CUST13840,Female,0,No,No,21,Yes,No,No,No internet service,No internet service,No internet service,No internet service,No internet service,No internet service,Two year,Yes,Electronic check,31.79,665.32,No
CUST13841,Female,0,Yes,Yes,72,Yes,Yes,DSL,No,Yes,No,No,No,No,One year,Yes,Credit card (automatic),47.29,3315.88,No
CUST13842,Female,0,Yes,No,3,Yes,No,DSL,No,Yes,No,No,No,No,Two year,Yes,Electronic check,45.71,134.93,No
CUST13843,Male,0,No,No,1,Yes,No,Fiber optic,No,No,No,No,No,Yes,Month-to-month,Yes,Bank transfer (automatic),80.54,78.55,Yes
CUST13844,Female,0,Yes,No,38,Yes,No,No,No internet service,No internet service,No internet service,No internet service,No internet service,No internet service,Two year,No,Electronic check,18.0,679.43,No
CUST13845,Female,0,No,No,8,Yes,No,Fiber optic,Yes,Yes,No,No,Yes,Yes,Two year,Yes,Credit card (automatic),90.84,724.92,No
CUST13846,Female,0,No,No,11,Yes,No,No,No internet service,No internet service,No internet service,No internet service,No internet service,No internet service,Month-to-month,Yes,Electronic check,19.74,214.19,No
CUST13847,Male,0,Yes,No,51,Yes,Yes,Fiber optic,No,No,No,Yes,Yes,No,Month-to-month,Yes,Electronic check,82.82,4063.83,Yes
CUST13848,Male,0,Yes,No,11,Yes,Yes,Fiber optic,Yes,No,No,Yes,No,Yes,One year,No,Mailed check,84.46,889.44,No
CUST13849,Female,1,No,No,7,Yes,Yes,Fiber optic,No,Yes,No,Yes,Yes,Yes,Two year,Yes,Credit card (automatic),91.86,611.85,No
CUST13850,Male,0,Yes,No,1,Yes,No,Fiber optic,No,No,No,No,No,No,Two year,No,Bank transfer (automatic),60.27,59.31,No
CUST13851,Female,0,Yes,No,11,Yes,No,DSL,No,No,No,No,No,No,One year,No,Credit card (automatic),43.51,473.31,Yes
CUST13852,Male,0,Yes,Yes,21,Yes,Yes,No,No internet service,No internet service,No internet service,No internet service,No internet service,No internet service,Month-to-month,No,Credit card (automatic),23.32,481.05,No
CUST13853,Male,0,No,No,6,Yes,No,DSL,No,No,No,No,No,Yes,Month-to-month,Yes,Credit card (automatic),52.28,299.69,No
CUST13854,Female,0,Yes,No,25,Yes,No,No,No internet service,No internet service,No internet service,No internet service,No internet service,No internet service,Month-to-month,No,Electronic check,18.0,430.28,Yes
CUST13855,Male,0,No,No,13,Yes,No,Fiber optic,No,Yes,No,No,No,No,Two year,Yes,Mailed check,73.33,934.96,No
CUST13856,Male,0,Yes,Yes,39,Yes,No,DSL,Yes,Yes,No,Yes,Yes,No,Two year,Yes,Mailed check,65.57,2513.22,No
CUST13857,Male,0,Yes,No,3,Yes,No,DSL,Yes,No,No,No,Yes,Yes,Month-to-month,No,Electronic check,51.19,147.76,No
CUST13858,Female,0,No,No,28,Yes,No,No,No internet service,No internet service,No internet service,No internet service,No internet service,No internet service,One year,No,Credit card (automatic),23.14,628.52,No
CUST13859,Male,1,No,No,53,Yes,No,DSL,No,Yes,No,No,No,Yes,Month-to-month,Yes,Mailed check,54.15,2860.38,No
CUST13860,Male,0,Yes,Yes,27,Yes,No,Fiber optic,No,No,No,No,No,Yes,Month-to-month,No,Bank transfer (automatic),72.88,1876.08,No
CUST13861,Female,0,No,Yes,10,Yes,No,DSL,No,No,No,No,Yes,Yes,Two year,No,Bank transfer (automatic),57.48,552.45,Yes
CUST13862,Male,0,Yes,No,5,No,No phone service,Fiber optic,No,No,No,Yes,No,No,One year,Yes,Electronic check,66.8,331.05,No
CUST13863,Male,0,No,No,2,Yes,Yes,DSL,No,No,No,No,No,No,Month-to-month,No,Bank transfer (automatic),49.1,96.66,Yes
CUST13864,Male,0,Yes,No,20,Yes,No,DSL,Yes,Yes,No,Yes,No,No,Month-to-month,Yes,Electronic check,61.67,1204.68,No
CUST13865,Male,0,No,No,3,Yes,No,DSL,No,No,Yes,No,No,No,Month-to-month,No,Electronic check,41.07,120.69,Yes
CUST13866,Male,0,No,No,36,Yes,No,Fiber optic,No,Yes,Yes,Yes,Yes,Yes,Month-to-month,Yes,Mailed check,94.45,3256.13,No
CUST13867,Female,0,Yes,No,64,Yes,No,Fiber optic,No,Yes,No,No,Yes,No,Month-to-month,Yes,Mailed check,83.05,5222.18,No
CUST13868,Female,0,No,Yes,2,No,No phone service,Fiber optic,No,Yes,Yes,No,No,No,Month-to-month,No,Mailed check,75.18,145.81,Yes
CUST13869,Male,0,No,Yes,9,Yes,No,DSL,No,No,No,No,Yes,Yes,One year,No,Mailed check,50.78,456.94,No
CUST13870,Male,0,Yes,No,55,Yes,Yes,DSL,No,No,No,Yes,No,No,One year,Yes,Bank transfer (automatic),47.33,2476.5,No
CUST13871,Male,0,No,No,12,Yes,No,Fiber optic,No,No,No,No,No,No,One year,No,Electronic check,60.78,727.52,No
CUST13872,Female,1,No,No,15,Yes,Yes,DSL,No,No,Yes,No,Yes,Yes,Two year,No,Electronic check,58.1,838.14,No
CUST13873,Female,1,No,No,27,Yes,Yes,Fiber optic,No,No,Yes,Yes,Yes,No,Two year,Yes,Bank transfer (automatic),88.83,2318.65,No
CUST13874,Male,0,No,No,4,Yes,Yes,Fiber optic,No,No,Yes,No,No,No,Two year,Yes,Credit card (automatic),77.66,296.05,No
CUST13875,Male,0,No,No,72,Yes,Yes,Fiber optic,No,No,Yes,Yes,Yes,Yes,Month-to-month,Yes,Electronic check,81.84,5785.1,No
CUST13876,Female,0,No,No,30,Yes,No,DSL,No,No,No,Yes,No,No,Month-to-month,No,Mailed check,43.63,1280.92,Yes
CUST13877,Male,0,No,Yes,3,Yes,No,Fiber optic,Yes,Yes,No,No,No,Yes,Month-to-month,Yes,Electronic check,95.69,284.1,No
CUST13878,Female,0,Yes,No,2,Yes,No,No,No internet service,No internet service,No internet service,No internet service,No internet service,No internet service,One year,No,Bank transfer (automatic),18.0,35.08,Yes
CUST13879,Female,1,No,No,54,Yes,Yes,Fiber optic,Yes,Yes,Yes,No,No,No,Two year,Yes,Electronic check,82.41,4377.34,No
CUST13880,Male,0,Yes,No,23,No,No phone service,Fiber optic,Yes,Yes,No,Yes,No,Yes,One year,Yes,Mailed check,80.88,1855.79,No
CUST13881,Female,0,No,No,0,Yes,No,DSL,No,No,No,No,No,No,Month-to-month,Yes,Mailed check,45.86,44.51,Yes
CUST13882,Male,0,No,No,3,Yes,Yes,DSL,No,No,Yes,No,No,No,One year,No,Bank transfer (automatic),50.78,148.33,No
CUST13883,Male,0,Yes,No,0,Yes,No,No,No internet service,No internet service,No internet service,No internet service,No internet service,No internet service,Month-to-month,Yes,Credit card (automatic),19.14,18.67,Yes
CUST13884,Male,0,Yes,No,72,Yes,No,Fiber optic,No,Yes,No,Yes,No,No,Two year,Yes,Bank transfer (automatic),83.41,5866.84,No
CUST13885,Male,0,Yes,Yes,13,Yes,Yes,DSL,Yes,Yes,Yes,No,Yes,No,Two year,Yes,Mailed check,64.13,802.45,No
CUST13886,Male,0,Yes,No,12,Yes,No,DSL,No,No,No,Yes,No,Yes,Two year,Yes,Mailed check,53.59,618.34,No
CUST13887,Male,0,No,Yes,62,Yes,No,DSL,No,No,Yes,Yes,No,Yes,Month-to-month,No,Mailed check,60.06,3609.75,No
CUST13888,Female,1,Yes,No,14,Yes,Yes,No,No internet service,No internet service,No internet service,No internet service,No internet service,No internet service,Month-to-month,Yes,Mailed check,18.0,250.27,No
CUST13889,Female,0,No,No,14,Yes,No,Fiber optic,No,Yes,No,No,No,No,Month-to-month,Yes,Bank transfer (automatic),82.92,1150.43,No
CUST13890,Female,1,No,No,72,Yes,No,No,No internet service,No internet service,No internet service,No internet service,No internet service,No internet service,Month-to-month,Yes,Electronic check,22.54,1545.17,No
CUST13891,Female,0,No,Yes,2,Yes,No,Fiber optic,Yes,No,No,Yes,No,No,Month-to-month,Yes,Bank transfer (automatic),87.04,172.4,Yes
CUST13892,Male,0,Yes,No,72,Yes,No,No,No internet service,No internet service,No internet service,No internet service,No internet service,No internet service,Two year,Yes,Credit card (automatic),19.56,1358.65,No
CUST13893,Female,0,No,No,3,Yes,No,DSL,No,No,No,No,No,Yes,Month-to-month,No,Electronic check,44.33,126.67,Yes
CUST13894,Female,0,Yes,Yes,12,Yes,Yes,Fiber optic,No,No,Yes,No,No,Yes,Month-to-month,No,Electronic check,80.11,932.19,No
CUST13895,Female,0,No,No,8,Yes,No,Fiber optic,No,No,No,No,Yes,Yes,Month-to-month,No,Bank transfer (automatic),94.84,724.46,No
CUST13896,Male,0,No,No,62,Yes,No,No,No internet service,No internet service,No internet service,No internet service,No internet service,No internet service,Month-to-month,Yes,Bank transfer (automatic),22.43,1337.85,No
CUST13897,Female,0,Yes,No,13,Yes,No,DSL,No,No,No,No,No,No,Two year,No,Mailed check,47.0,603.31,No
CUST13898,Male,0,Yes,No,0,No,No phone service,Fiber optic,No,No,No,Yes,No,Yes,Month-to-month,No,Credit card (automatic),78.79,75.06,No
CUST13899,Female,0,Yes,No,5,Yes,Yes,Fiber optic,No,No,No,Yes,No,Yes,Two year,No,Bank transfer (automatic),80.44,391.0,No
CUST13900,Male,0,No,Yes,11,Yes,Yes,No,No internet service,No internet service,No internet service,No internet service,No internet service,No internet service,Month-to-month,No,Credit card (automatic),18.0,190.08,No
CUST13901,Male,0,Yes,No,22,Yes,Yes,No,No internet service,No internet service,No internet service,No internet service,No internet service,No internet service,Two year,Yes,Credit card (automatic),18.0,384.7,No
CUST13902,Female,0,No,No,16,Yes,No,Fiber optic,No,No,No,No,No,No,Month-to-month,Yes,Electronic check,68.12,1083.28,Yes
CUST13903,Male,0,Yes,No,37,Yes,No,No,No internet service,No internet service,No internet service,No internet service,No internet service,No internet service,One year,No,Mailed check,18.0,659.72,No
CUST13904,Male,0,No,No,35,Yes,No,Fiber optic,No,No,Yes,Yes,No,Yes,Month-to-month,No,Mailed check,87.93,2986.92,No
CUST13905,Female,0,Yes,No,17,Yes,No,No,No internet service,No internet service,No internet service,No internet service,No internet service,No internet service,One year,No,Credit card (automatic),18.0,293.08,No
CUST13906,Female,1,Yes,No,16,Yes,No,No,No internet service,No internet service,No internet service,No internet service,No internet service,No internet service,One year,Yes,Electronic check,20.13,321.43,No
CUST13907,Female,0,Yes,No,6,Yes,Yes,DSL,No,No,Yes,No,Yes,No,Month-to-month,Yes,Electronic check,53.41,312.27,No
CUST13908,Male,0,No,No,63,Yes,No,Fiber optic,No,No,Yes,No,No,No,Month-to-month,Yes,Electronic check,75.77,4569.96,No
CUST13909,Male,1,No,No,1,Yes,Yes,Fiber optic,No,No,Yes,No,Yes,No,Two year,Yes,Mailed check,72.72,69.98,No
CUST13910,Male,1,Yes,No,10,Yes,No,No,No internet service,No internet service,No internet service,No internet service,No internet service,No internet service,Month-to-month,Yes,Electronic check,22.83,226.35,Yes
CUST13911,Female,0,Yes,Yes,21,Yes,Yes,Fiber optic,No,No,No,Yes,No,No,Two year,No,Electronic check,66.28,1337.17,No
CUST13912,Male,1,Yes,No,58,Yes,Yes,DSL,No,Yes,Yes,Yes,No,Yes,One year,Yes,Credit card (automatic),63.47,3514.51,No
CUST13913,Male,0,No,Yes,13,Yes,Yes,Fiber optic,No,No,No,No,No,Yes,Month-to-month,Yes,Electronic check,81.89,1027.64,Yes
CUST13914,Male,0,Yes,No,45,Yes,Yes,Fiber optic,No,No,Yes,Yes,No,No,Month-to-month,No,Mailed check,88.53,3932.74,No
CUST13915,Male,0,No,No,2,Yes,Yes,No,No internet service,No internet service,No internet service,No internet service,No internet service,No internet service,Two year,No,Mailed check,18.0,34.91,No
CUST13916,Male,0,No,Yes,15,Yes,Yes,Fiber optic,No,No,No,No,Yes,No,One year,Yes,Mailed check,73.48,1057.51,No
CUST13917,Male,0,No,No,7,Yes,No,DSL,Yes,Yes,Yes,No,Yes,Yes,Month-to-month,Yes,Bank transfer (automatic),70.56,491.42,No
CUST13918,Male,0,No,Yes,31,Yes,No,No,No internet service,No internet service,No internet service,No internet service,No internet service,No internet service,One year,Yes,Electronic check,22.24,673.14,No
CUST13919,Female,1,Yes,No,11,Yes,Yes,Fiber optic,No,No,No,No,Yes,No,Month-to-month,No,Electronic check,63.67,698.86,No
CUST13920,Female,0,No,No,12,Yes,No,Fiber optic,No,No,No,Yes,Yes,No,Two year,No,Bank transfer (automatic),73.75,882.58,No
CUST13921,Female,0,Yes,Yes,1,Yes,No,No,No internet service,No internet service,No internet service,No internet service,No internet service,No internet service,Month-to-month,No,Electronic check,18.33,17.97,Yes
CUST13922,Male,0,Yes,No,11,Yes,Yes,Fiber optic,Yes,Yes,Yes,No,Yes,No,Month-to-month,Yes,Bank transfer (automatic),91.54,979.45,No
CUST13923,Male,0,No,No,1,No,No phone service,Fiber optic,No,No,No,No,No,No,Month-to-month,No,Electronic check,69.47,67.44,Yes
CUST13924,Female,0,Yes,No,7,Yes,No,DSL,Yes,No,No,Yes,No,No,Month-to-month,Yes,Electronic check,51.14,347.79,No
CUST13925,Male,0,Yes,No,2,Yes,Yes,No,No internet service,No internet service,No internet service,No internet service,No internet service,No internet service,Month-to-month,Yes,Electronic check,25.77,49.04,Yes
CUST13926,Female,1,Yes,No,8,Yes,No,DSL,Yes,No,Yes,Yes,No,Yes,One year,No,Credit card (automatic),74.27,584.73,No
CUST13927,Male,0,Yes,Yes,5,Yes,No,DSL,No,No,No,No,No,Yes,Two year,No,Mailed check,44.14,213.12,No
CUST13928,Male,0,Yes,No,6,Yes,Yes,No,No internet service,No internet service,No internet service,No internet service,No internet service,No internet service,One year,No,Mailed check,24.22,140.47,Yes
CUST13929,Female,0,Yes,No,3,Yes,No,Fiber optic,No,No,No,No,Yes,Yes,Month-to-month,No,Electronic check,84.23,249.97,No
CUST13930,Female,0,Yes,No,11,Yes,No,DSL,Yes,No,No,No,No,No,One year,Yes,Mailed check,45.88,504.18,No
CUST13931,Female,1,No,Yes,13,Yes,No,DSL,No,No,No,No,Yes,Yes,Two year,Yes,Bank transfer (automatic),56.5,701.89,No
CUST13932,Female,0,No,No,36,Yes,Yes,No,No internet service,No internet service,No internet service,No internet service,No internet service,No internet service,Month-to-month,Yes,Bank transfer (automatic),18.0,622.53,No
CUST13933,Female,0,No,No,15,Yes,No,Fiber optic,Yes,No,No,No,Yes,No,Month-to-month,No,Electronic check,83.4,1193.94,Yes
CUST13934,Male,0,No,No,5,Yes,No,Fiber optic,No,No,Yes,No,No,Yes,Month-to-month,Yes,Electronic check,77.5,383.44,No
CUST13935,Male,0,No,No,26,Yes,No,No,No internet service,No internet service,No internet service,No internet service,No internet service,No internet service,Month-to-month,Yes,Credit card (automatic),18.0,461.53,Yes
CUST13936,Male,0,No,No,7,Yes,Yes,Fiber optic,Yes,Yes,Yes,No,Yes,No,Month-to-month,Yes,Electronic check,89.74,616.83,No
CUST13937,Female,0,No,No,28,Yes,Yes,DSL,Yes,No,No,No,Yes,Yes,Two year,Yes,Bank transfer (automatic),70.1,1883.48,No
CUST13938,Female,0,No,No,9,Yes,No,DSL,No,Yes,No,No,No,No,Two year,Yes,Electronic check,44.36,390.13,No
CUST13939,Female,0,Yes,No,14,Yes,No,Fiber optic,No,No,Yes,No,Yes,Yes,Month-to-month,No,Electronic check,88.63,1215.96,Yes
CUST13940,Female,0,No,No,14,Yes,No,Fiber optic,Yes,No,Yes,No,Yes,Yes,Two year,No,Electronic check,85.18,1189.54,No
CUST13941,Female,0,No,No,62,Yes,Yes,DSL,No,Yes,No,Yes,No,Yes,Month-to-month,No,Credit card (automatic),65.61,4001.78,No
CUST13942,Female,0,No,No,3,No,No phone service,Fiber optic,Yes,Yes,No,No,No,No,Month-to-month,Yes,Credit card (automatic),85.67,255.3,No
CUST13943,Male,0,No,Yes,55,Yes,No,DSL,No,No,No,Yes,No,No,One year,Yes,Credit card (automatic),49.95,2724.97,No
CUST13944,Male,1,Yes,Yes,16,Yes,No,No,No internet service,No internet service,No internet service,No internet service,No internet service,No internet service,Month-to-month,No,Credit card (automatic),18.0,284.46,No
CUST13945,Male,0,Yes,No,72,Yes,No,DSL,Yes,Yes,No,No,Yes,No,Month-to-month,No,Mailed check,56.12,3912.79,No
CUST13946,Male,0,No,No,17,Yes,Yes,Fiber optic,No,No,Yes,No,No,No,One year,No,Electronic check,77.31,1306.26,No
CUST13947,Male,0,No,Yes,21,Yes,Yes,Fiber optic,No,No,Yes,No,Yes,No,Two year,Yes,Bank transfer (automatic),84.13,1745.33,No
CUST13948,Female,0,Yes,No,27,No,No phone service,Fiber optic,No,Yes,No,No,No,Yes,One year,Yes,Electronic check,85.23,2269.99,No
CUST13949,Female,0,Yes,No,34,Yes,No,Fiber optic,No,No,No,Yes,Yes,Yes,Month-to-month,No,Credit card (automatic),79.58,2589.12,No
CUST13950,Female,1,No,No,12,Yes,Yes,DSL,Yes,No,Yes,No,No,Yes,Month-to-month,No,Bank transfer (automatic),62.6,748.46,No
CUST13951,Female,0,Yes,No,22,Yes,No,No,No internet service,No internet service,No internet service,No internet service,No internet service,No internet service,Month-to-month,Yes,Electronic check,18.0,376.24,Yes
CUST13952,Female,0,Yes,No,19,Yes,Yes,DSL,Yes,No,No,No,No,No,Month-to-month,Yes,Credit card (automatic),51.9,952.06,No
CUST13953,Female,0,Yes,Yes,10,Yes,Yes,Fiber optic,No,Yes,No,Yes,Yes,Yes,Two year,No,Credit card (automatic),89.09,876.52,No
CUST13954,Male,1,Yes,No,34,Yes,No,DSL,No,No,Yes,No,Yes,No,One year,Yes,Electronic check,56.18,1828.9,No
CUST13955,Female,0,Yes,No,4,Yes,Yes,DSL,Yes,Yes,Yes,No,Yes,No,One year,No,Bank transfer (automatic),62.04,245.34,No
CUST13956,Female,0,No,No,3,Yes,Yes,Fiber optic,No,Yes,No,No,No,No,Two year,Yes,Electronic check,88.77,254.91,No
CUST13957,Female,1,Yes,No,26,Yes,No,Fiber optic,No,No,Yes,No,No,No,Month-to-month,No,Mailed check,83.17,2054.46,No
CUST13958,Female,0,Yes,Yes,20,Yes,No,No,No internet service,No internet service,No internet service,No internet service,No internet service,No internet service,One year,Yes,Electronic check,28.04,533.56,No
CUST13959,Male,0,No,No,7,Yes,No,No,No internet service,No internet service,No internet service,No internet service,No internet service,No internet service,Month-to-month,No,Mailed check,20.85,140.23,No
CUST13960,Male,0,No,No,20,No,No phone service,No,No internet service,No internet service,No internet service,No internet service,No internet service,No internet service,Month-to-month,Yes,Mailed check,21.67,423.54,Yes
CUST13961,Female,0,Yes,No,29,Yes,Yes,Fiber optic,No,Yes,No,No,No,No,Month-to-month,Yes,Electronic check,67.41,1864.54,Yes
CUST13962,Male,0,No,Yes,4,Yes,Yes,DSL,No,Yes,Yes,Yes,No,Yes,Two year,Yes,Electronic check,59.76,231.38,No
CUST13963,Male,0,No,No,17,Yes,No,Fiber optic,Yes,No,No,No,No,Yes,Month-to-month,No,Bank transfer (automatic),80.64,1315.4,No
CUST13964,Female,0,No,Yes,34,Yes,No,Fiber optic,No,No,No,No,No,Yes,Month-to-month,Yes,Mailed check,80.21,2710.71,No
CUST13965,Female,0,No,No,10,Yes,Yes,DSL,No,No,No,No,Yes,No,One year,Yes,Bank transfer (automatic),53.97,519.93,No
CUST13966,Female,0,No,No,16,Yes,No,No,No internet service,No internet service,No internet service,No internet service,No internet service,No internet service,Month-to-month,No,Credit card (automatic),21.96,345.25,Yes
CUST13967,Female,0,Yes,No,1,Yes,No,Fiber optic,No,No,No,No,No,Yes,Month-to-month,Yes,Electronic check,78.07,77.03,Yes
CUST13968,Female,0,No,No,35,Yes,Yes,Fiber optic,Yes,Yes,No,Yes,No,No,One year,Yes,Bank transfer (automatic),87.46,2929.15,No
CUST13969,Male,0,No,No,31,Yes,No,Fiber optic,Yes,No,No,Yes,Yes,No,Month-to-month,Yes,Credit card (automatic),78.52,2327.2,No
CUST13970,Female,0,Yes,Yes,12,Yes,No,No,No internet service,No internet service,No internet service,No internet service,No internet service,No internet service,Two year,No,Credit card (automatic),18.0,215.02,No
CUST13971,Female,0,No,No,2,Yes,No,DSL,No,No,No,No,Yes,Yes,One year,Yes,Electronic check,57.04,109.28,No
CUST13972,Female,0,No,No,21,Yes,No,Fiber optic,No,No,No,No,Yes,Yes,Month-to-month,Yes,Electronic check,73.52,1509.25,Yes
CUST13973,Male,0,No,Yes,17,Yes,No,Fiber optic,Yes,No,Yes,Yes,No,Yes,Month-to-month,Yes,Electronic check,84.93,1415.21,No
CUST13974,Female,0,Yes,Yes,50,Yes,No,Fiber optic,No,Yes,No,No,No,Yes,One year,Yes,Electronic check,84.33,4073.08,No
CUST13975,Female,0,Yes,No,6,Yes,No,No,No internet service,No internet service,No internet service,No internet service,No internet service,No internet service,Month-to-month,No,Credit card (automatic),27.27,159.38,No
CUST13976,Female,0,No,No,0,Yes,No,DSL,No,No,No,No,No,No,Month-to-month,No,Bank transfer (automatic),39.03,37.67,Yes
CUST13977,Male,0,Yes,No,5,Yes,Yes,No,No internet service,No internet service,No internet service,No internet service,No internet service,No internet service,Two year,Yes,Credit card (automatic),18.62,92.29,No
CUST13978,Female,0,No,No,11,No,No phone service,Fiber optic,Yes,No,No,No,No,No,Two year,No,Mailed check,75.18,791.94,No
CUST13979,Female,0,Yes,No,3,Yes,No,Fiber optic,No,No,Yes,Yes,Yes,No,One year,Yes,Credit card (automatic),85.1,246.4,No
CUST13980,Female,0,No,No,72,Yes,Yes,DSL,No,No,No,No,Yes,Yes,Two year,Yes,Bank transfer (automatic),59.13,4152.33,No
CUST13981,Male,0,No,Yes,5,Yes,Yes,Fiber optic,No,No,Yes,No,No,Yes,Month-to-month,Yes,Credit card (automatic),80.77,389.72,No
CUST13982,Female,0,Yes,No,22,Yes,Yes,Fiber optic,No,No,No,Yes,No,Yes,Month-to-month,Yes,Bank transfer (automatic),85.95,1877.86,No
CUST13983,Female,0,Yes,No,12,Yes,Yes,DSL,No,Yes,No,No,No,No,Two year,No,Electronic check,42.77,510.55,No
CUST13984,Female,0,Yes,No,16,Yes,No,Fiber optic,No,No,Yes,Yes,No,No,Month-to-month,Yes,Mailed check,83.76,1327.13,Yes
CUST13985,Male,1,Yes,No,53,Yes,No,DSL,Yes,No,Yes,Yes,No,No,Month-to-month,Yes,Bank transfer (automatic),55.71,2935.72,No
CUST13986,Female,0,No,No,15,Yes,No,Fiber optic,No,No,No,No,No,Yes,One year,No,Bank transfer (automatic),74.57,1086.68,No
CUST13987,Female,0,No,No,7,Yes,No,Fiber optic,No,No,Yes,Yes,Yes,No,Month-to-month,Yes,Mailed check,83.51,571.11,No
CUST13988,Female,0,Yes,No,4,Yes,No,Fiber optic,No,No,No,No,Yes,Yes,Month-to-month,No,Electronic check,87.26,342.66,Yes
CUST13989,Male,0,Yes,No,44,Yes,No,DSL,No,No,Yes,No,No,Yes,One year,Yes,Bank transfer (automatic),56.54,2460.58,No
CUST13990,Male,0,Yes,Yes,72,Yes,No,DSL,No,No,Yes,Yes,Yes,No,Two year,Yes,Credit card (automatic),57.04,3973.23,No
CUST13991,Female,0,No,No,5,Yes,No,No,No internet service,No internet service,No internet service,No internet service,No internet service,No internet service,Month-to-month,No,Credit card (automatic),21.45,102.22,No
CUST13992,Male,0,Yes,Yes,25,Yes,Yes,Fiber optic,No,No,Yes,No,No,No,One year,No,Credit card (automatic),70.92,1761.41,No
CUST13993,Male,0,No,Yes,14,Yes,No,No,No internet service,No internet service,No internet service,No internet service,No internet service,No internet service,Month-to-month,No,Bank transfer (automatic),18.0,249.13,No
CUST13994,Male,0,No,No,23,No,No phone service,DSL,Yes,No,Yes,No,No,No,Month-to-month,Yes,Mailed check,56.38,1264.11,Yes
CUST13995,Female,0,No,No,66,No,No phone service,Fiber optic,No,No,No,No,No,No,Month-to-month,Yes,Electronic check,75.88,4778.52,No
CUST13996,Female,1,No,No,6,Yes,Yes,DSL,Yes,No,Yes,No,No,No,Month-to-month,Yes,Mailed check,52.83,308.02,No
CUST13997,Male,0,No,No,26,Yes,No,Fiber optic,No,Yes,No,No,No,Yes,One year,Yes,Credit card (automatic),79.78,1976.09,No
CUST13998,Male,1,No,Yes,11,Yes,No,No,No internet service,No internet service,No internet service,No internet service,No internet service,No internet service,Month-to-month,No,Electronic check,29.24,314.26,No
CUST13999,Male,0,No,Yes,21,Yes,No,DSL,Yes,No,Yes,No,No,No,Two year,Yes,Credit card (automatic),55.35,1108.6,No
CUST14000,Female,1,Yes,Yes,10,Yes,No,Fiber optic,No,No,No,No,Yes,Yes,Month-to-month,No,Electronic check,79.92,788.92,Yes
CUST14001,Female,0,No,No,24,Yes,No,Fiber optic,No,No,Yes,No,Yes,No,Two year,No,Mailed check,82.17,1885.38,No
CUST14002,Male,0,Yes,Yes,8,Yes,Yes,No,No internet service,No internet service,No internet service,No internet service,No internet service,No internet service,Month-to-month,Yes,Electronic check,18.0,139.43,No
CUST14003,Male,0,No,Yes,13,Yes,No,DSL,No,Yes,No,No,Yes,No,Month-to-month,Yes,Electronic check,58.01,727.85,No
CUST14004,Male,1,No,No,24,Yes,No,No,No internet service,No internet service,No internet service,No internet service,No internet service,No internet service,Month-to-month,Yes,Credit card (automatic),20.85,480.67,Yes
CUST14005,Male,0,No,Yes,0,Yes,No,Fiber optic,No,Yes,Yes,No,No,Yes,One year,Yes,Bank transfer (automatic),91.67,91.43,No
CUST14006,Female,0,No,Yes,7,Yes,Yes,DSL,No,No,Yes,Yes,Yes,No,Two year,No,Electronic check,55.58,384.3,No
CUST14007,Male,1,Yes,No,15,Yes,No,Fiber optic,No,Yes,Yes,No,No,No,One year,No,Mailed check,78.57,1163.85,No
CUST14008,Female,0,No,No,1,Yes,Yes,DSL,No,No,Yes,No,Yes,No,One year,No,Mailed check,55.65,53.96,No
CUST14009,Male,0,Yes,No,24,Yes,No,Fiber optic,No,No,No,No,No,No,Month-to-month,No,Bank transfer (automatic),70.84,1677.14,Yes
CUST14010,Male,1,Yes,No,33,Yes,No,Fiber optic,No,No,Yes,No,No,No,Month-to-month,No,Bank transfer (automatic),76.76,2468.57,No
CUST14011,Male,0,Yes,No,3,Yes,No,DSL,No,Yes,Yes,No,Yes,No,Month-to-month,Yes,Bank transfer (automatic),58.63,171.18,No
CUST14012,Male,0,Yes,Yes,26,Yes,No,Fiber optic,No,No,Yes,Yes,No,Yes,Month-to-month,Yes,Mailed check,92.53,2383.81,No
CUST14013,Male,0,No,No,20,Yes,Yes,Fiber optic,Yes,No,No,No,No,No,Two year,No,Electronic check,76.59,1481.79,No
CUST14014,Female,0,No,No,10,Yes,Yes,DSL,No,Yes,No,No,Yes,No,Two year,No,Mailed check,52.13,497.58,No
CUST14015,Male,0,No,No,3,Yes,No,No,No internet service,No internet service,No internet service,No internet service,No internet service,No internet service,Month-to-month,Yes,Bank transfer (automatic),21.01,60.03,No
CUST14016,Male,1,Yes,No,61,Yes,Yes,No,No internet service,No internet service,No internet service,No internet service,No internet service,No internet service,Two year,Yes,Credit card (automatic),18.0,1089.51,No
CUST14017,Male,0,No,No,12,Yes,No,DSL,No,No,No,No,No,Yes,Month-to-month,Yes,Bank transfer (automatic),42.34,502.95,No
CUST14018,Female,0,No,No,4,Yes,No,No,No internet service,No internet service,No internet service,No internet service,No internet service,No internet service,Month-to-month,No,Mailed check,18.6,72.74,No
CUST14019,Female,0,No,No,25,Yes,No,No,No internet service,No internet service,No internet service,No internet service,No internet service,No internet service,Month-to-month,No,Credit card (automatic),18.0,435.27,No
CUST14020,Female,0,No,No,18,No,No phone service,DSL,No,No,No,Yes,No,No,Month-to-month,Yes,Credit card (automatic),50.31,870.96,No
CUST14021,Female,0,No,No,33,Yes,No,DSL,No,No,No,Yes,No,Yes,Month-to-month,Yes,Credit card (automatic),52.1,1704.65,Yes
CUST14022,Male,0,Yes,No,72,Yes,Yes,Fiber optic,Yes,No,No,No,Yes,Yes,Month-to-month,No,Electronic check,79.4,5463.95,No
CUST14023,Male,0,No,No,0,No,No phone service,No,No internet service,No internet service,No internet service,No internet service,No internet service,No internet service,Month-to-month,Yes,Credit card (automatic),25.13,24.94,Yes
CUST14024,Male,0,No,Yes,26,Yes,Yes,No,No internet service,No internet service,No internet service,No internet service,No internet service,No internet service,Month-to-month,No,Electronic check,18.0,451.68,No
CUST14025,Female,0,No,No,72,Yes,Yes,DSL,No,No,No,No,Yes,No,Month-to-month,No,Electronic check,49.25,3407.66,No
CUST14026,Male,0,Yes,Yes,15,Yes,Yes,DSL,No,No,Yes,Yes,No,No,Month-to-month,Yes,Electronic check,53.37,797.71,No
CUST14027,Male,0,No,Yes,25,Yes,No,Fiber optic,Yes,Yes,Yes,No,No,Yes,Two year,Yes,Bank transfer (automatic),83.38,2021.3,No
CUST14028,Female,0,No,No,11,No,No phone service,DSL,Yes,No,Yes,Yes,No,Yes,Two year,Yes,Mailed check,61.04,669.91,No
CUST14029,Female,0,No,No,8,Yes,No,DSL,No,No,Yes,No,No,No,Two year,Yes,Electronic check,38.23,300.4,No
CUST14030,Female,0,No,Yes,23,Yes,Yes,Fiber optic,No,No,No,No,Yes,Yes,One year,Yes,Bank transfer (automatic),76.09,1715.53,No
CUST14031,Male,0,Yes,No,72,Yes,No,Fiber optic,No,No,Yes,Yes,No,Yes,One year,No,Electronic check,87.37,6096.08,No
CUST14032,Male,0,Yes,No,1,Yes,Yes,Fiber optic,No,No,Yes,No,No,Yes,Month-to-month,No,Electronic check,77.5,74.63,Yes
CUST14033,Female,0,No,No,10,Yes,No,No,No internet service,No internet service,No internet service,No internet service,No internet service,No internet service,One year,No,Credit card (automatic),23.72,226.6,Yes
CUST14034,Male,0,No,Yes,56,Yes,No,DSL,No,Yes,Yes,No,No,No,Month-to-month,Yes,Mailed check,58.31,3197.96,No
CUST14035,Female,0,No,No,2,Yes,No,Fiber optic,No,Yes,No,Yes,No,No,Month-to-month,Yes,Bank transfer (automatic),79.37,151.2,Yes
CUST14036,Female,0,Yes,No,21,Yes,No,Fiber optic,No,No,No,No,No,No,Month-to-month,Yes,Credit card (automatic),69.68,1419.79,No
CUST14037,Male,0,No,No,11,Yes,No,DSL,No,No,No,No,No,No,Month-to-month,No,Credit card (automatic),47.25,516.08,No
CUST14038,Female,0,Yes,No,9,Yes,Yes,Fiber optic,No,No,No,Yes,No,Yes,Month-to-month,No,Mailed check,76.73,687.51,No
CUST14039,Female,0,No,No,4,Yes,Yes,No,No internet service,No internet service,No internet service,No internet service,No internet service,No internet service,Two year,Yes,Mailed check,18.0,69.95,No
CUST14040,Female,0,Yes,Yes,3,Yes,No,Fiber optic,Yes,No,No,Yes,Yes,No,Month-to-month,Yes,Electronic check,85.18,247.24,Yes
CUST14041,Male,1,No,No,14,Yes,Yes,No,No internet service,No internet service,No internet service,No internet service,No internet service,No internet service,Two year,No,Mailed check,18.0,245.91,No
CUST14042,Female,0,Yes,No,9,Yes,No,DSL,No,No,Yes,Yes,No,No,Month-to-month,Yes,Electronic check,49.78,427.93,No
